Using pre-set license
Built from '2020.3/staging' branch; Version is '2020.3.19f1 (68f137dc9bbe) revision 6877495'; Using compiler version '192528614'; Build Type 'Release'
OS: 'Windows 10 Home; OS build 19041.1165; Version 2004; 64bit' Language: 'es' Physical Memory: 8047 MB
BatchMode: 1, IsHumanControllingUs: 0, StartBugReporterOnCrash: 0, Is64bit: 1, IsPro: 0

COMMAND LINE ARGUMENTS:
C:\Program Files\Unity\Hub\Editor\2020.3.19f1\Editor\Unity.exe
-adb2
-batchMode
-noUpm
-name
AssetImportWorker0
-projectPath
C:/Users/alvar/Documents/GitHub/stealthgame
-logFile
Logs/AssetImportWorker0.log
-srvPort
50630
Successfully changed project path to: C:/Users/alvar/Documents/GitHub/stealthgame
C:/Users/alvar/Documents/GitHub/stealthgame
Using Asset Import Pipeline V2.
Refreshing native plugins compatible for Editor in 95.80 ms, found 2 plugins.
Preloading 0 native plugins for Editor in 0.00 ms.
Initialize engine version: 2020.3.19f1 (68f137dc9bbe)
[Subsystems] Discovering subsystems at path C:/Program Files/Unity/Hub/Editor/2020.3.19f1/Editor/Data/Resources/UnitySubsystems
[Subsystems] Discovering subsystems at path C:/Users/alvar/Documents/GitHub/stealthgame/Assets
GfxDevice: creating device client; threaded=0
Direct3D:
    Version:  Direct3D 11.0 [level 11.0]
    Renderer: NVIDIA GeForce GTX 750 Ti (ID=0x1380)
    Vendor:   
    VRAM:     2007 MB
    Driver:   27.21.14.5671
Initialize mono
Mono path[0] = 'C:/Program Files/Unity/Hub/Editor/2020.3.19f1/Editor/Data/Managed'
Mono path[1] = 'C:/Program Files/Unity/Hub/Editor/2020.3.19f1/Editor/Data/MonoBleedingEdge/lib/mono/unityjit'
Mono config path = 'C:/Program Files/Unity/Hub/Editor/2020.3.19f1/Editor/Data/MonoBleedingEdge/etc'
Using monoOptions --debugger-agent=transport=dt_socket,embedding=1,server=y,suspend=n,address=127.0.0.1:56176
Begin MonoManager ReloadAssembly
Registering precompiled unity dll's ...
Register platform support module: C:/Program Files/Unity/Hub/Editor/2020.3.19f1/Editor/Data/PlaybackEngines/WebGLSupport/UnityEditor.WebGL.Extensions.dll
Register platform support module: C:/Program Files/Unity/Hub/Editor/2020.3.19f1/Editor/Data/PlaybackEngines/WindowsStandaloneSupport/UnityEditor.WindowsStandalone.Extensions.dll
Register platform support module: C:/Program Files/Unity/Hub/Editor/2020.3.19f1/Editor/Data/PlaybackEngines/LinuxStandaloneSupport/UnityEditor.LinuxStandalone.Extensions.dll
Registered in 0.009726 seconds.
Native extension for LinuxStandalone target not found
Native extension for WindowsStandalone target not found
Native extension for WebGL target not found
Refreshing native plugins compatible for Editor in 97.99 ms, found 2 plugins.
Preloading 0 native plugins for Editor in 0.00 ms.
Mono: successfully reloaded assembly
- Completed reload, in  3.876 seconds
Domain Reload Profiling:
	ReloadAssembly (3876ms)
		BeginReloadAssembly (174ms)
			ExecutionOrderSort (0ms)
			DisableScriptedObjects (0ms)
			BackupInstance (0ms)
			ReleaseScriptingObjects (0ms)
			CreateAndSetChildDomain (1ms)
		EndReloadAssembly (623ms)
			LoadAssemblies (171ms)
			RebuildTransferFunctionScriptingTraits (0ms)
			SetupTypeCache (218ms)
			ReleaseScriptCaches (0ms)
			RebuildScriptCaches (40ms)
			SetupLoadedEditorAssemblies (270ms)
				LogAssemblyErrors (0ms)
				InitializePlatformSupportModulesInManaged (9ms)
				SetLoadedEditorAssemblies (1ms)
				RefreshPlugins (98ms)
				BeforeProcessingInitializeOnLoad (11ms)
				ProcessInitializeOnLoadAttributes (116ms)
				ProcessInitializeOnLoadMethodAttributes (35ms)
				AfterProcessingInitializeOnLoad (0ms)
				EditorAssembliesLoaded (0ms)
			ExecutionOrderSort2 (0ms)
			AwakeInstancesAfterBackupRestoration (0ms)
Platform modules already initialized, skipping
Registering precompiled user dll's ...
Registered in 0.020144 seconds.
Begin MonoManager ReloadAssembly
Native extension for LinuxStandalone target not found
Native extension for WindowsStandalone target not found
Native extension for WebGL target not found
Refreshing native plugins compatible for Editor in 0.99 ms, found 2 plugins.
Preloading 0 native plugins for Editor in 0.00 ms.
Mono: successfully reloaded assembly
- Completed reload, in  1.505 seconds
Domain Reload Profiling:
	ReloadAssembly (1506ms)
		BeginReloadAssembly (245ms)
			ExecutionOrderSort (0ms)
			DisableScriptedObjects (6ms)
			BackupInstance (0ms)
			ReleaseScriptingObjects (0ms)
			CreateAndSetChildDomain (26ms)
		EndReloadAssembly (1147ms)
			LoadAssemblies (256ms)
			RebuildTransferFunctionScriptingTraits (0ms)
			SetupTypeCache (364ms)
			ReleaseScriptCaches (1ms)
			RebuildScriptCaches (55ms)
			SetupLoadedEditorAssemblies (404ms)
				LogAssemblyErrors (0ms)
				InitializePlatformSupportModulesInManaged (10ms)
				SetLoadedEditorAssemblies (1ms)
				RefreshPlugins (1ms)
				BeforeProcessingInitializeOnLoad (90ms)
				ProcessInitializeOnLoadAttributes (281ms)
				ProcessInitializeOnLoadMethodAttributes (5ms)
				AfterProcessingInitializeOnLoad (16ms)
				EditorAssembliesLoaded (0ms)
			ExecutionOrderSort2 (0ms)
			AwakeInstancesAfterBackupRestoration (8ms)
Platform modules already initialized, skipping
========================================================================
Worker process is ready to serve import requests
Launched and connected shader compiler UnityShaderCompiler.exe after 0.09 seconds
Refreshing native plugins compatible for Editor in 0.87 ms, found 2 plugins.
Preloading 0 native plugins for Editor in 0.00 ms.
Unloading 1500 Unused Serialized files (Serialized files now loaded: 0)
System memory in use before: 106.6 MB.
System memory in use after: 106.4 MB.

Unloading 17 unused Assets to reduce memory usage. Loaded Objects now: 1957.
Total: 4.043100 ms (FindLiveObjects: 0.203200 ms CreateObjectMapping: 0.102900 ms MarkObjects: 3.158900 ms  DeleteObjects: 0.576900 ms)

AssetImportParameters requested are different than current active one (requested -> active):
  custom:framework-win-MediaFoundation: 216162199b28c13a410421893ffa2e32 -> 
  custom:video-decoder-ogg-theora: a1e56fd34408186e4bbccfd4996cb3dc -> 
  custom:container-muxer-webm: aa71ff27fc2769a1b78a27578f13a17b -> 
  custom:container-demuxer-webm: 4f35f7cbe854078d1ac9338744f61a02 -> 
  custom:container-demuxer-ogg: 62fdf1f143b41e24485cea50d1cbac27 -> 
  custom:video-encoder-webm-vp8: eb34c28f22e8b96e1ab97ce403110664 -> 
  custom:video-decoder-webm-vp8: 9c59270c3fd7afecdb556c50c9e8de78 -> 
  custom:audio-decoder-ogg-vorbis: bf7c407c2cedff20999df2af8eb42d56 -> 
  custom:audio-encoder-webm-vorbis: bf7c407c2cedff20999df2af8eb42d56 -> 
========================================================================
Received Import Request.
  path: Assets/Terrain&Light/ZerinLabs_enviroKit_RetroForest/Meshes/floorEdge_1line_2vert.FBX
  artifactKey: Guid(7bf7de53bbfc3224cb681b8fb3706b59) Importer(815301076,1909f56bfc062723c751e8b465ee728b)
Start importing Assets/Terrain&Light/ZerinLabs_enviroKit_RetroForest/Meshes/floorEdge_1line_2vert.FBX using Guid(7bf7de53bbfc3224cb681b8fb3706b59) Importer(815301076,1909f56bfc062723c751e8b465ee728b)  -> (artifact id: '0391e6dbdd6242b59dfd445accf6d999') in 0.318412 seconds 
  Import took 0.324736 seconds .

========================================================================
Received Import Request.
  Time since last request: 0.000372 seconds.
  path: Assets/Terrain&Light/Lightning/3.2.Stars1024/Stars1024/Materials/xpos.mat
  artifactKey: Guid(bcf87ca6643ad704582e57a9581e6e50) Importer(815301076,1909f56bfc062723c751e8b465ee728b)
Start importing Assets/Terrain&Light/Lightning/3.2.Stars1024/Stars1024/Materials/xpos.mat using Guid(bcf87ca6643ad704582e57a9581e6e50) Importer(815301076,1909f56bfc062723c751e8b465ee728b)  -> (artifact id: 'd5a0f00db8576a0ce3da012a13a16ee4') in 0.104540 seconds 
  Import took 0.110900 seconds .

========================================================================
Received Import Request.
  Time since last request: 0.000364 seconds.
  path: Assets/Terrain&Light/ZerinLabs_enviroKit_RetroForest/Meshes/stairs_wallLeft.FBX
  artifactKey: Guid(c880ed4fcb69d724ebf16a7b5774e5fc) Importer(815301076,1909f56bfc062723c751e8b465ee728b)
Start importing Assets/Terrain&Light/ZerinLabs_enviroKit_RetroForest/Meshes/stairs_wallLeft.FBX using Guid(c880ed4fcb69d724ebf16a7b5774e5fc) Importer(815301076,1909f56bfc062723c751e8b465ee728b)  -> (artifact id: '883b8472c23b251e37f7aa1f86ded0ad') in 0.049490 seconds 
  Import took 0.054905 seconds .

========================================================================
Received Import Request.
  Time since last request: 0.000470 seconds.
  path: Assets/Terrain&Light/ZerinLabs_enviroKit_RetroForest/Meshes/deco_mushrooms_A.FBX
  artifactKey: Guid(3c673328156b23a48a50eb948f338157) Importer(815301076,1909f56bfc062723c751e8b465ee728b)
Start importing Assets/Terrain&Light/ZerinLabs_enviroKit_RetroForest/Meshes/deco_mushrooms_A.FBX using Guid(3c673328156b23a48a50eb948f338157) Importer(815301076,1909f56bfc062723c751e8b465ee728b)  -> (artifact id: '11252fa016c679eddf503604af291074') in 0.048631 seconds 
  Import took 0.053204 seconds .

========================================================================
Received Import Request.
  Time since last request: 0.000291 seconds.
  path: Assets/Standard Assets/Environment/SpeedTree/Broadleaf/Broadleaf_Mobile Materials/LOD1/Branches_0.mat
  artifactKey: Guid(1092dd21af768cb499771bf88709dbbd) Importer(815301076,1909f56bfc062723c751e8b465ee728b)
Start importing Assets/Standard Assets/Environment/SpeedTree/Broadleaf/Broadleaf_Mobile Materials/LOD1/Branches_0.mat using Guid(1092dd21af768cb499771bf88709dbbd) Importer(815301076,1909f56bfc062723c751e8b465ee728b)  -> (artifact id: '6d83860f492c210f86a41f5efe2b0c82') in 0.522583 seconds 
  Import took 0.527859 seconds .

========================================================================
Received Import Request.
  Time since last request: 0.000382 seconds.
  path: Assets/NPCs/Cartoon Heroes/Male/3D/Legs/Base Legs/Materials/Male_Base_Legs.mat
  artifactKey: Guid(23196e6ae5105fa43b40a378c01b1683) Importer(815301076,1909f56bfc062723c751e8b465ee728b)
Start importing Assets/NPCs/Cartoon Heroes/Male/3D/Legs/Base Legs/Materials/Male_Base_Legs.mat using Guid(23196e6ae5105fa43b40a378c01b1683) Importer(815301076,1909f56bfc062723c751e8b465ee728b)  -> (artifact id: '216045a046f86d31aaf48977a899b717') in 0.351137 seconds 
  Import took 0.356261 seconds .

========================================================================
Received Import Request.
  Time since last request: 0.000345 seconds.
  path: Assets/Decoration/BrokenVector/UltimateDungeonPack/Models/Tiles/Dungeon_Straight_Short.fbx
  artifactKey: Guid(0fa0fbfa9a188bd4786d33725057196c) Importer(815301076,1909f56bfc062723c751e8b465ee728b)
Start importing Assets/Decoration/BrokenVector/UltimateDungeonPack/Models/Tiles/Dungeon_Straight_Short.fbx using Guid(0fa0fbfa9a188bd4786d33725057196c) Importer(815301076,1909f56bfc062723c751e8b465ee728b)  -> (artifact id: '7e84695471d3fd04ba11b35d54c9f5c4') in 0.070969 seconds 
  Import took 0.074569 seconds .

========================================================================
Received Import Request.
  Time since last request: 0.000307 seconds.
  path: Assets/Terrain&Light/ZerinLabs_enviroKit_RetroForest/Meshes/deco_tree_B.FBX
  artifactKey: Guid(655c20d8eb246254aa0f2b603d70eddf) Importer(815301076,1909f56bfc062723c751e8b465ee728b)
Start importing Assets/Terrain&Light/ZerinLabs_enviroKit_RetroForest/Meshes/deco_tree_B.FBX using Guid(655c20d8eb246254aa0f2b603d70eddf) Importer(815301076,1909f56bfc062723c751e8b465ee728b)  -> (artifact id: '2211d6331dcb019ed97f17555166bc64') in 0.045761 seconds 
  Import took 0.049722 seconds .

========================================================================
Received Import Request.
  Time since last request: 0.000290 seconds.
  path: Assets/Standard Assets/Environment/SpeedTree/Palm/Palm_Desktop Materials/LOD2/Branches_0.mat
  artifactKey: Guid(5c6bda52f548c164381f24c22067e446) Importer(815301076,1909f56bfc062723c751e8b465ee728b)
Start importing Assets/Standard Assets/Environment/SpeedTree/Palm/Palm_Desktop Materials/LOD2/Branches_0.mat using Guid(5c6bda52f548c164381f24c22067e446) Importer(815301076,1909f56bfc062723c751e8b465ee728b)  -> (artifact id: '96b6c26197bb26fe0d1b3cabdfa536ca') in 0.540635 seconds 
  Import took 0.545810 seconds .

========================================================================
Received Import Request.
  Time since last request: 0.000345 seconds.
  path: Assets/Terrain&Light/ZerinLabs_enviroKit_RetroForest/Meshes/wallHole_all_B.FBX
  artifactKey: Guid(6ef13bae4df656f4595c0cd09769bb06) Importer(815301076,1909f56bfc062723c751e8b465ee728b)
Start importing Assets/Terrain&Light/ZerinLabs_enviroKit_RetroForest/Meshes/wallHole_all_B.FBX using Guid(6ef13bae4df656f4595c0cd09769bb06) Importer(815301076,1909f56bfc062723c751e8b465ee728b)  -> (artifact id: '66dc0eb0822164e13bcc14a113e410d4') in 0.044614 seconds 
  Import took 0.050075 seconds .

========================================================================
Received Import Request.
  Time since last request: 0.000296 seconds.
  path: Assets/Decoration/BrokenVector/UltimateDungeonPack/Palettes/Materials/Mage_Room.mat
  artifactKey: Guid(804df1644aae90843bc54690d318e355) Importer(815301076,1909f56bfc062723c751e8b465ee728b)
Start importing Assets/Decoration/BrokenVector/UltimateDungeonPack/Palettes/Materials/Mage_Room.mat using Guid(804df1644aae90843bc54690d318e355) Importer(815301076,1909f56bfc062723c751e8b465ee728b)  -> (artifact id: '8ac1e98ed8803e91073d8a96012de8bb') in 0.019455 seconds 
  Import took 0.024133 seconds .

========================================================================
Received Import Request.
  Time since last request: 0.000487 seconds.
  path: Assets/NPCs/Cartoon Heroes/Female/3D/Torsos/Torso_1/Materials/Female_Torso_1_Green.mat
  artifactKey: Guid(26889b2f294a8a74a865631bc0dff45d) Importer(815301076,1909f56bfc062723c751e8b465ee728b)
Start importing Assets/NPCs/Cartoon Heroes/Female/3D/Torsos/Torso_1/Materials/Female_Torso_1_Green.mat using Guid(26889b2f294a8a74a865631bc0dff45d) Importer(815301076,1909f56bfc062723c751e8b465ee728b)  -> (artifact id: '626231c943b8dfe31942d4bd47b875c8') in 0.293996 seconds 
  Import took 0.299219 seconds .

========================================================================
Received Import Request.
  Time since last request: 0.000311 seconds.
  path: Assets/Decoration/BrokenVector/UltimateDungeonPack/Models/Objects/Beaker_Small.fbx
  artifactKey: Guid(b1c10eb87d6afd940a081f2a841004e4) Importer(815301076,1909f56bfc062723c751e8b465ee728b)
Start importing Assets/Decoration/BrokenVector/UltimateDungeonPack/Models/Objects/Beaker_Small.fbx using Guid(b1c10eb87d6afd940a081f2a841004e4) Importer(815301076,1909f56bfc062723c751e8b465ee728b)  -> (artifact id: '7ec34d6207fb89c8f7569651ac348871') in 0.046187 seconds 
  Import took 0.050499 seconds .

========================================================================
Received Import Request.
  Time since last request: 0.000360 seconds.
  path: Assets/NPCs/Cartoon Heroes/Female/3D/Legs/Legs_2/Materials/Female_Legs_2_Brown.mat
  artifactKey: Guid(f7a7e64aed780514a91d38782fd2bbfe) Importer(815301076,1909f56bfc062723c751e8b465ee728b)
Start importing Assets/NPCs/Cartoon Heroes/Female/3D/Legs/Legs_2/Materials/Female_Legs_2_Brown.mat using Guid(f7a7e64aed780514a91d38782fd2bbfe) Importer(815301076,1909f56bfc062723c751e8b465ee728b)  -> (artifact id: 'e66eb5ae83356a2e1d3db8f415c7e399') in 0.061156 seconds 
  Import took 0.065673 seconds .

========================================================================
Received Import Request.
  Time since last request: 0.000371 seconds.
  path: Assets/Decoration/BrokenVector/UltimateDungeonPack/Models/Tiles/Basement_Var4.fbx
  artifactKey: Guid(1e71deb4332d8834e8dccf626ce8d29b) Importer(815301076,1909f56bfc062723c751e8b465ee728b)
Start importing Assets/Decoration/BrokenVector/UltimateDungeonPack/Models/Tiles/Basement_Var4.fbx using Guid(1e71deb4332d8834e8dccf626ce8d29b) Importer(815301076,1909f56bfc062723c751e8b465ee728b)  -> (artifact id: 'b15405f25e38e60c0057120feeba9773') in 0.075216 seconds 
  Import took 0.079928 seconds .

========================================================================
Received Import Request.
  Time since last request: 0.000458 seconds.
  path: Assets/POLY_Jungle/Textures/Surfaces/Surface_Rock02.mat
  artifactKey: Guid(5006ae43638ad8c4eb08fd1688a85c43) Importer(815301076,1909f56bfc062723c751e8b465ee728b)
Start importing Assets/POLY_Jungle/Textures/Surfaces/Surface_Rock02.mat using Guid(5006ae43638ad8c4eb08fd1688a85c43) Importer(815301076,1909f56bfc062723c751e8b465ee728b)  -> (artifact id: '8143004228c471e3ab09b793761df364') in 0.017871 seconds 
  Import took 0.022215 seconds .

========================================================================
Received Import Request.
  Time since last request: 0.000375 seconds.
  path: Assets/Terrain&Light/ZerinLabs_enviroKit_RetroForest/Meshes/wallHole_1wall_B.FBX
  artifactKey: Guid(394ceb36c1549e74087b617a06dc8e6f) Importer(815301076,1909f56bfc062723c751e8b465ee728b)
Start importing Assets/Terrain&Light/ZerinLabs_enviroKit_RetroForest/Meshes/wallHole_1wall_B.FBX using Guid(394ceb36c1549e74087b617a06dc8e6f) Importer(815301076,1909f56bfc062723c751e8b465ee728b)  -> (artifact id: '7421665e4445078e067fbe938f6d81f9') in 0.054432 seconds 
  Import took 0.058953 seconds .

========================================================================
Received Import Request.
  Time since last request: 0.000334 seconds.
  path: Assets/Decoration/BrokenVector/UltimateDungeonPack/Models/Objects/Shield.fbx
  artifactKey: Guid(4c4e4839eaee70b4b9f3987785cfce57) Importer(815301076,1909f56bfc062723c751e8b465ee728b)
Start importing Assets/Decoration/BrokenVector/UltimateDungeonPack/Models/Objects/Shield.fbx using Guid(4c4e4839eaee70b4b9f3987785cfce57) Importer(815301076,1909f56bfc062723c751e8b465ee728b)  -> (artifact id: '88e5da15392e3cea10f22ae70c578a08') in 0.050790 seconds 
  Import took 0.055530 seconds .

========================================================================
Received Import Request.
  Time since last request: 0.000347 seconds.
  path: Assets/Standard Assets/Environment/SpeedTree/Palm/Palm_Desktop Materials/LOD0/Branches_0.mat
  artifactKey: Guid(39baceec69bb1ee4fb4194d50e1a6d10) Importer(815301076,1909f56bfc062723c751e8b465ee728b)
Start importing Assets/Standard Assets/Environment/SpeedTree/Palm/Palm_Desktop Materials/LOD0/Branches_0.mat using Guid(39baceec69bb1ee4fb4194d50e1a6d10) Importer(815301076,1909f56bfc062723c751e8b465ee728b)  -> (artifact id: 'e45f431cfe11bb16a634c9aee3536f22') in 0.017552 seconds 
  Import took 0.021732 seconds .

========================================================================
Received Import Request.
  Time since last request: 0.000400 seconds.
  path: Assets/Terrain&Light/ZerinLabs_enviroKit_RetroForest/Meshes/deco_statueSmall_grass.FBX
  artifactKey: Guid(0e518e822fdee6544b3b73ded90f1f26) Importer(815301076,1909f56bfc062723c751e8b465ee728b)
Start importing Assets/Terrain&Light/ZerinLabs_enviroKit_RetroForest/Meshes/deco_statueSmall_grass.FBX using Guid(0e518e822fdee6544b3b73ded90f1f26) Importer(815301076,1909f56bfc062723c751e8b465ee728b)  -> (artifact id: 'a9e6418bec2d5dc30055dc65a63aad8f') in 0.034919 seconds 
  Import took 0.040367 seconds .

========================================================================
Received Import Request.
  Time since last request: 0.000307 seconds.
  path: Assets/Terrain&Light/ZerinLabs_enviroKit_RetroForest/Meshes/wall_cornerInCap_A.FBX
  artifactKey: Guid(9be1422718403474a80208062befdfe1) Importer(815301076,1909f56bfc062723c751e8b465ee728b)
Start importing Assets/Terrain&Light/ZerinLabs_enviroKit_RetroForest/Meshes/wall_cornerInCap_A.FBX using Guid(9be1422718403474a80208062befdfe1) Importer(815301076,1909f56bfc062723c751e8b465ee728b)  -> (artifact id: '710379a7e97bfd3a5c665c8c0ad78d34') in 0.025808 seconds 
  Import took 0.032121 seconds .

========================================================================
Received Import Request.
  Time since last request: 0.000305 seconds.
  path: Assets/NPCs/Cartoon Heroes/Female/3D/Torsos/Torso_1/Materials/Female_Torso_1_Red.mat
  artifactKey: Guid(4ba498ce1f827be4f8ee1ff7f788e38e) Importer(815301076,1909f56bfc062723c751e8b465ee728b)
Start importing Assets/NPCs/Cartoon Heroes/Female/3D/Torsos/Torso_1/Materials/Female_Torso_1_Red.mat using Guid(4ba498ce1f827be4f8ee1ff7f788e38e) Importer(815301076,1909f56bfc062723c751e8b465ee728b)  -> (artifact id: '0ceb48c70073c89a4255f9e4fbb5c903') in 0.068048 seconds 
  Import took 0.073471 seconds .

========================================================================
Received Import Request.
  Time since last request: 0.000300 seconds.
  path: Assets/POLY_Jungle/Textures/Surfaces/Vegetation_Leaves02.mat
  artifactKey: Guid(1de92cfbc334ba140a995a82ac22b6e5) Importer(815301076,1909f56bfc062723c751e8b465ee728b)
Start importing Assets/POLY_Jungle/Textures/Surfaces/Vegetation_Leaves02.mat using Guid(1de92cfbc334ba140a995a82ac22b6e5) Importer(815301076,1909f56bfc062723c751e8b465ee728b)  -> (artifact id: '89830da062f666605fcf7c4bce2ec921') in 0.015872 seconds 
  Import took 0.020546 seconds .

========================================================================
Received Import Request.
  Time since last request: 0.000780 seconds.
  path: Assets/Terrain&Light/Village/Materials/cliff_d1.mat
  artifactKey: Guid(ce39141743ca8f24d9c13098d804fcc0) Importer(815301076,1909f56bfc062723c751e8b465ee728b)
Start importing Assets/Terrain&Light/Village/Materials/cliff_d1.mat using Guid(ce39141743ca8f24d9c13098d804fcc0) Importer(815301076,1909f56bfc062723c751e8b465ee728b)  -> (artifact id: 'd2a5b15971ce3fa7070ea07029c7e6de') in 0.019318 seconds 
  Import took 0.023713 seconds .

========================================================================
Received Import Request.
  Time since last request: 0.000300 seconds.
  path: Assets/Terrain&Light/ZerinLabs_enviroKit_RetroForest/Meshes/wallMini_B.FBX
  artifactKey: Guid(ce09600a643237844bb1627b3dbe91e4) Importer(815301076,1909f56bfc062723c751e8b465ee728b)
Start importing Assets/Terrain&Light/ZerinLabs_enviroKit_RetroForest/Meshes/wallMini_B.FBX using Guid(ce09600a643237844bb1627b3dbe91e4) Importer(815301076,1909f56bfc062723c751e8b465ee728b)  -> (artifact id: '0e60ea9e89c5e4235ad13ce0c0342301') in 0.023525 seconds 
  Import took 0.028610 seconds .

========================================================================
Received Import Request.
  Time since last request: 0.000498 seconds.
  path: Assets/Decoration/BrokenVector/UltimateDungeonPack/Models/Objects/Fork.fbx
  artifactKey: Guid(053045d0926c27f46b1a625fbb577e49) Importer(815301076,1909f56bfc062723c751e8b465ee728b)
Start importing Assets/Decoration/BrokenVector/UltimateDungeonPack/Models/Objects/Fork.fbx using Guid(053045d0926c27f46b1a625fbb577e49) Importer(815301076,1909f56bfc062723c751e8b465ee728b)  -> (artifact id: '20d6d77aecdad6e3081831797c6060ae') in 0.036421 seconds 
  Import took 0.041891 seconds .

========================================================================
Received Import Request.
  Time since last request: 0.000325 seconds.
  path: Assets/NPCs/Cartoon Heroes/Female/3D/Torsos/Torso_1/Materials/Female_Torso_1_Blue.mat
  artifactKey: Guid(3133fd49998134d468b65d0d0208fb5e) Importer(815301076,1909f56bfc062723c751e8b465ee728b)
Start importing Assets/NPCs/Cartoon Heroes/Female/3D/Torsos/Torso_1/Materials/Female_Torso_1_Blue.mat using Guid(3133fd49998134d468b65d0d0208fb5e) Importer(815301076,1909f56bfc062723c751e8b465ee728b)  -> (artifact id: '223e4b5a113056f7e69fcac53534fe9d') in 0.051854 seconds 
  Import took 0.056280 seconds .

========================================================================
Received Import Request.
  Time since last request: 0.000352 seconds.
  path: Assets/Terrain&Light/ADG_Textures/ground_vol1/ground6/ground6.mat
  artifactKey: Guid(ae29ac02d08992344b9095971167e1c6) Importer(815301076,1909f56bfc062723c751e8b465ee728b)
Start importing Assets/Terrain&Light/ADG_Textures/ground_vol1/ground6/ground6.mat using Guid(ae29ac02d08992344b9095971167e1c6) Importer(815301076,1909f56bfc062723c751e8b465ee728b)  -> (artifact id: '489beab9512061015acd8276d232c6cb') in 0.464764 seconds 
  Import took 0.470534 seconds .

========================================================================
Received Import Request.
  Time since last request: 0.000381 seconds.
  path: Assets/Terrain&Light/ZerinLabs_enviroKit_RetroForest/Meshes/deco_tree_A.FBX
  artifactKey: Guid(4f5c567f813f46247b5eeee1d7804871) Importer(815301076,1909f56bfc062723c751e8b465ee728b)
Start importing Assets/Terrain&Light/ZerinLabs_enviroKit_RetroForest/Meshes/deco_tree_A.FBX using Guid(4f5c567f813f46247b5eeee1d7804871) Importer(815301076,1909f56bfc062723c751e8b465ee728b)  -> (artifact id: 'e63a74d7141fb9155d8418e12e5c4e7d') in 0.027076 seconds 
  Import took 0.031263 seconds .

========================================================================
Received Import Request.
  Time since last request: 0.000395 seconds.
  path: Assets/Terrain&Light/ZerinLabs_enviroKit_RetroForest/Meshes/wallBottom_cornerOut.FBX
  artifactKey: Guid(d9d73cf504e592c4386554c4638f33f5) Importer(815301076,1909f56bfc062723c751e8b465ee728b)
Start importing Assets/Terrain&Light/ZerinLabs_enviroKit_RetroForest/Meshes/wallBottom_cornerOut.FBX using Guid(d9d73cf504e592c4386554c4638f33f5) Importer(815301076,1909f56bfc062723c751e8b465ee728b)  -> (artifact id: '6dee73110752c6175cf10baa55326d96') in 0.026613 seconds 
  Import took 0.031129 seconds .

========================================================================
Received Import Request.
  Time since last request: 0.000360 seconds.
  path: Assets/Decoration/BrokenVector/UltimateDungeonPack/Models/Objects/Key_Silver.fbx
  artifactKey: Guid(1b73a1dd76adf8c47b44e5557a53568f) Importer(815301076,1909f56bfc062723c751e8b465ee728b)
Start importing Assets/Decoration/BrokenVector/UltimateDungeonPack/Models/Objects/Key_Silver.fbx using Guid(1b73a1dd76adf8c47b44e5557a53568f) Importer(815301076,1909f56bfc062723c751e8b465ee728b)  -> (artifact id: 'd2e17c01ac9c74d1282e2bef0d67554c') in 0.027778 seconds 
  Import took 0.118814 seconds .

========================================================================
Received Import Request.
  Time since last request: 0.000406 seconds.
  path: Assets/Decoration/BrokenVector/UltimateDungeonPack/Models/Objects/Scroll_Elder.fbx
  artifactKey: Guid(1cc69bcd5c8feea4493059cb89fd3104) Importer(815301076,1909f56bfc062723c751e8b465ee728b)
Start importing Assets/Decoration/BrokenVector/UltimateDungeonPack/Models/Objects/Scroll_Elder.fbx using Guid(1cc69bcd5c8feea4493059cb89fd3104) Importer(815301076,1909f56bfc062723c751e8b465ee728b)  -> (artifact id: '012b3ebfa64e2ca8ec98d7a2c65781be') in 0.032412 seconds 
  Import took 0.036155 seconds .

========================================================================
Received Import Request.
  Time since last request: 0.000426 seconds.
  path: Assets/Terrain&Light/ZerinLabs_enviroKit_RetroForest/Meshes/floorEdge_4lines.FBX
  artifactKey: Guid(2fc9354bec0c47142aff5df5ec98fd70) Importer(815301076,1909f56bfc062723c751e8b465ee728b)
Start importing Assets/Terrain&Light/ZerinLabs_enviroKit_RetroForest/Meshes/floorEdge_4lines.FBX using Guid(2fc9354bec0c47142aff5df5ec98fd70) Importer(815301076,1909f56bfc062723c751e8b465ee728b)  -> (artifact id: 'bd984abe064b470f78afa0e8178c2195') in 0.026357 seconds 
  Import took 0.031318 seconds .

========================================================================
Received Import Request.
  Time since last request: 0.000295 seconds.
  path: Assets/Standard Assets/Environment/SpeedTree/Conifer/Conifer_Desktop Materials/LOD0/Branches_0.mat
  artifactKey: Guid(d4880c932a8e12b48a3039233e9634a0) Importer(815301076,1909f56bfc062723c751e8b465ee728b)
Start importing Assets/Standard Assets/Environment/SpeedTree/Conifer/Conifer_Desktop Materials/LOD0/Branches_0.mat using Guid(d4880c932a8e12b48a3039233e9634a0) Importer(815301076,1909f56bfc062723c751e8b465ee728b)  -> (artifact id: 'eacdc4bd62334ba2ac1d32f020e2dfb2') in 0.021719 seconds 
  Import took 0.025653 seconds .

========================================================================
Received Import Request.
  Time since last request: 0.000301 seconds.
  path: Assets/Terrain&Light/ZerinLabs_enviroKit_RetroForest/Meshes/wallBottom_B.FBX
  artifactKey: Guid(2ee01c3e784a9244795095235aef48da) Importer(815301076,1909f56bfc062723c751e8b465ee728b)
Start importing Assets/Terrain&Light/ZerinLabs_enviroKit_RetroForest/Meshes/wallBottom_B.FBX using Guid(2ee01c3e784a9244795095235aef48da) Importer(815301076,1909f56bfc062723c751e8b465ee728b)  -> (artifact id: '5b3ef0417c60f0d14e53638dc0689e97') in 0.024424 seconds 
  Import took 0.029515 seconds .

========================================================================
Received Import Request.
  Time since last request: 0.000299 seconds.
  path: Assets/Terrain&Light/ZerinLabs_enviroKit_RetroForest/Meshes/deco_statueSmall.FBX
  artifactKey: Guid(5b335ad9615aa4e45a6d928c51f4b3b7) Importer(815301076,1909f56bfc062723c751e8b465ee728b)
Start importing Assets/Terrain&Light/ZerinLabs_enviroKit_RetroForest/Meshes/deco_statueSmall.FBX using Guid(5b335ad9615aa4e45a6d928c51f4b3b7) Importer(815301076,1909f56bfc062723c751e8b465ee728b)  -> (artifact id: 'de03ceeb10ebd61e8093c027ee8a4fbf') in 0.041782 seconds 
  Import took 0.045960 seconds .

========================================================================
Received Import Request.
  Time since last request: 0.000331 seconds.
  path: Assets/Terrain&Light/ZerinLabs_enviroKit_RetroForest/Meshes/deco_flowersSmall_white.FBX
  artifactKey: Guid(dc616da4b98940446ab3282603b6eefc) Importer(815301076,1909f56bfc062723c751e8b465ee728b)
Start importing Assets/Terrain&Light/ZerinLabs_enviroKit_RetroForest/Meshes/deco_flowersSmall_white.FBX using Guid(dc616da4b98940446ab3282603b6eefc) Importer(815301076,1909f56bfc062723c751e8b465ee728b)  -> (artifact id: 'ae58a3653a1855c9090f59a706b2c61b') in 0.025139 seconds 
  Import took 0.029437 seconds .

========================================================================
Received Import Request.
  Time since last request: 0.000298 seconds.
  path: Assets/Decoration/BrokenVector/UltimateDungeonPack/Models/Tiles/Dungeon_Hall_Wall_Stairs_Right.fbx
  artifactKey: Guid(7c2f4c5b4c477554c834c3e41cfa4cbb) Importer(815301076,1909f56bfc062723c751e8b465ee728b)
Start importing Assets/Decoration/BrokenVector/UltimateDungeonPack/Models/Tiles/Dungeon_Hall_Wall_Stairs_Right.fbx using Guid(7c2f4c5b4c477554c834c3e41cfa4cbb) Importer(815301076,1909f56bfc062723c751e8b465ee728b)  -> (artifact id: '0c5fff187eb208729bceecc8e9d4290d') in 0.034238 seconds 
  Import took 0.039302 seconds .

========================================================================
Received Import Request.
  Time since last request: 0.000300 seconds.
  path: Assets/Terrain&Light/ZerinLabs_enviroKit_RetroForest/Meshes/wallBottom_cornerOutDouble.FBX
  artifactKey: Guid(fdb7fbd04288180489c133ec1ebac8ab) Importer(815301076,1909f56bfc062723c751e8b465ee728b)
Start importing Assets/Terrain&Light/ZerinLabs_enviroKit_RetroForest/Meshes/wallBottom_cornerOutDouble.FBX using Guid(fdb7fbd04288180489c133ec1ebac8ab) Importer(815301076,1909f56bfc062723c751e8b465ee728b)  -> (artifact id: '920c3a0db0c6c03252ba4395956fa9a2') in 0.025583 seconds 
  Import took 0.029340 seconds .

========================================================================
Received Import Request.
  Time since last request: 0.000347 seconds.
  path: Assets/POLY_Jungle/Textures/Dev/Materials/Checker.mat
  artifactKey: Guid(01fff0e426346fc42af08d34b921ad9c) Importer(815301076,1909f56bfc062723c751e8b465ee728b)
Start importing Assets/POLY_Jungle/Textures/Dev/Materials/Checker.mat using Guid(01fff0e426346fc42af08d34b921ad9c) Importer(815301076,1909f56bfc062723c751e8b465ee728b)  -> (artifact id: '22b181749176c4bee44df916d5bbcc4d') in 0.127283 seconds 
  Import took 0.132432 seconds .

========================================================================
Received Import Request.
  Time since last request: 0.000537 seconds.
  path: Assets/Terrain&Light/ADG_Textures/ground_vol1/ground9/ground9.mat
  artifactKey: Guid(808ad643de188e240b57498ca61b98a8) Importer(815301076,1909f56bfc062723c751e8b465ee728b)
Start importing Assets/Terrain&Light/ADG_Textures/ground_vol1/ground9/ground9.mat using Guid(808ad643de188e240b57498ca61b98a8) Importer(815301076,1909f56bfc062723c751e8b465ee728b)  -> (artifact id: '5c6b245f1c2fc154d01340e7252a4f70') in 0.132770 seconds 
  Import took 0.136629 seconds .

========================================================================
Received Import Request.
  Time since last request: 0.000342 seconds.
  path: Assets/Decoration/BrokenVector/UltimateDungeonPack/Models/Tiles/Dungeon_Straight.fbx
  artifactKey: Guid(85a78f4cdd9da0f46a5fd056286262ce) Importer(815301076,1909f56bfc062723c751e8b465ee728b)
Start importing Assets/Decoration/BrokenVector/UltimateDungeonPack/Models/Tiles/Dungeon_Straight.fbx using Guid(85a78f4cdd9da0f46a5fd056286262ce) Importer(815301076,1909f56bfc062723c751e8b465ee728b)  -> (artifact id: 'dbe2af45a5d44cbaf58290054ae6e72b') in 0.039447 seconds 
  Import took 0.043102 seconds .

========================================================================
Received Import Request.
  Time since last request: 0.000442 seconds.
  path: Assets/Terrain&Light/ADG_Textures/ground_vol1/ground8/ground8.mat
  artifactKey: Guid(57208e3c02c59dc4bba6832237467e57) Importer(815301076,1909f56bfc062723c751e8b465ee728b)
Start importing Assets/Terrain&Light/ADG_Textures/ground_vol1/ground8/ground8.mat using Guid(57208e3c02c59dc4bba6832237467e57) Importer(815301076,1909f56bfc062723c751e8b465ee728b)  -> (artifact id: '8a17dd609418ee323512ffeb8d057d97') in 0.118268 seconds 
  Import took 0.122041 seconds .

========================================================================
Received Import Request.
  Time since last request: 0.000386 seconds.
  path: Assets/Terrain&Light/ADG_Textures/ground_vol1/ground11/ground11.mat
  artifactKey: Guid(0b9b69ec22bd9824dbcacaf79a566cdc) Importer(815301076,1909f56bfc062723c751e8b465ee728b)
Start importing Assets/Terrain&Light/ADG_Textures/ground_vol1/ground11/ground11.mat using Guid(0b9b69ec22bd9824dbcacaf79a566cdc) Importer(815301076,1909f56bfc062723c751e8b465ee728b)  -> (artifact id: '953971ba6ddc2f6ca2ca5c44b4c10a59') in 0.145326 seconds 
  Import took 0.150254 seconds .

========================================================================
Received Import Request.
  Time since last request: 0.000400 seconds.
  path: Assets/Terrain&Light/ADG_Textures/ground_vol1/ground14/ground14.mat
  artifactKey: Guid(3b7bee62bfdf81742a7e944ddd698742) Importer(815301076,1909f56bfc062723c751e8b465ee728b)
Start importing Assets/Terrain&Light/ADG_Textures/ground_vol1/ground14/ground14.mat using Guid(3b7bee62bfdf81742a7e944ddd698742) Importer(815301076,1909f56bfc062723c751e8b465ee728b)  -> (artifact id: '7fa036c941152bcf50cf375228b14ede') in 0.123906 seconds 
  Import took 0.128855 seconds .

========================================================================
Received Import Request.
  Time since last request: 0.000335 seconds.
  path: Assets/Terrain&Light/ZerinLabs_enviroKit_RetroForest/Meshes/floorEdge_2vert_alt.FBX
  artifactKey: Guid(1e30c4bdf5fa36244814a10038c6f304) Importer(815301076,1909f56bfc062723c751e8b465ee728b)
Start importing Assets/Terrain&Light/ZerinLabs_enviroKit_RetroForest/Meshes/floorEdge_2vert_alt.FBX using Guid(1e30c4bdf5fa36244814a10038c6f304) Importer(815301076,1909f56bfc062723c751e8b465ee728b)  -> (artifact id: 'd513566c534f3f5eb2c8f79d04e2114e') in 0.028267 seconds 
  Import took 0.032080 seconds .

========================================================================
Received Import Request.
  Time since last request: 0.000398 seconds.
  path: Assets/POLY_Jungle/Textures/Surfaces/Vegetation_Leaves01.mat
  artifactKey: Guid(03a8ac9b900a61f4ba89019ca0467709) Importer(815301076,1909f56bfc062723c751e8b465ee728b)
Start importing Assets/POLY_Jungle/Textures/Surfaces/Vegetation_Leaves01.mat using Guid(03a8ac9b900a61f4ba89019ca0467709) Importer(815301076,1909f56bfc062723c751e8b465ee728b)  -> (artifact id: 'c9c1dee0d4df4927109dd480b0731326') in 0.013718 seconds 
  Import took 0.018322 seconds .

========================================================================
Received Import Request.
  Time since last request: 0.000304 seconds.
  path: Assets/Standard Assets/Environment/TerrainAssets/SurfaceTextures/Materials/CliffAlbedoSpecular.mat
  artifactKey: Guid(eda35667c6cf7124ba7bef3e62ff2d22) Importer(815301076,1909f56bfc062723c751e8b465ee728b)
Start importing Assets/Standard Assets/Environment/TerrainAssets/SurfaceTextures/Materials/CliffAlbedoSpecular.mat using Guid(eda35667c6cf7124ba7bef3e62ff2d22) Importer(815301076,1909f56bfc062723c751e8b465ee728b)  -> (artifact id: '6b5fc7d513cb6dee3d51fdb8aa708cdc') in 0.017579 seconds 
  Import took 0.022330 seconds .

========================================================================
Received Import Request.
  Time since last request: 0.000317 seconds.
  path: Assets/Terrain&Light/ZerinLabs_enviroKit_RetroForest/Meshes/floorEdge_1vert.FBX
  artifactKey: Guid(222b37a7b118898418e39528669b059e) Importer(815301076,1909f56bfc062723c751e8b465ee728b)
Start importing Assets/Terrain&Light/ZerinLabs_enviroKit_RetroForest/Meshes/floorEdge_1vert.FBX using Guid(222b37a7b118898418e39528669b059e) Importer(815301076,1909f56bfc062723c751e8b465ee728b)  -> (artifact id: '7cec2400c5c98f5d8ea7d8254453b070') in 0.022713 seconds 
  Import took 0.026946 seconds .

========================================================================
Received Import Request.
  Time since last request: 0.000300 seconds.
  path: Assets/Decoration/BrokenVector/UltimateDungeonPack/Models/Tiles/Dungeon_Big_Window.fbx
  artifactKey: Guid(e2ebf10a17e53fe4d96634675da08f5f) Importer(815301076,1909f56bfc062723c751e8b465ee728b)
Start importing Assets/Decoration/BrokenVector/UltimateDungeonPack/Models/Tiles/Dungeon_Big_Window.fbx using Guid(e2ebf10a17e53fe4d96634675da08f5f) Importer(815301076,1909f56bfc062723c751e8b465ee728b)  -> (artifact id: 'c3d72c05d6278d3be8a7b2bf511a8b16') in 0.031619 seconds 
  Import took 0.036128 seconds .

========================================================================
Received Import Request.
  Time since last request: 0.000420 seconds.
  path: Assets/POLY_Jungle/Textures/Dev/Materials/Checker_Colors.mat
  artifactKey: Guid(5ef057e29619e7646a4d9d90d1f9b488) Importer(815301076,1909f56bfc062723c751e8b465ee728b)
Start importing Assets/POLY_Jungle/Textures/Dev/Materials/Checker_Colors.mat using Guid(5ef057e29619e7646a4d9d90d1f9b488) Importer(815301076,1909f56bfc062723c751e8b465ee728b)  -> (artifact id: 'e03129ba0aff4e7f63634bbe51c25358') in 0.228266 seconds 
  Import took 0.276193 seconds .

========================================================================
Received Import Request.
  Time since last request: 0.000355 seconds.
  path: Assets/NPCs/Cartoon Heroes/Male/3D/Torsos/Base Torso/Materials/Male_Base_Torso.mat
  artifactKey: Guid(dad6ecf4df825004897244446133fa7d) Importer(815301076,1909f56bfc062723c751e8b465ee728b)
Start importing Assets/NPCs/Cartoon Heroes/Male/3D/Torsos/Base Torso/Materials/Male_Base_Torso.mat using Guid(dad6ecf4df825004897244446133fa7d) Importer(815301076,1909f56bfc062723c751e8b465ee728b)  -> (artifact id: '941f98b78292414523ac1f70968c46e4') in 0.050797 seconds 
  Import took 0.055122 seconds .

========================================================================
Received Import Request.
  Time since last request: 0.000337 seconds.
  path: Assets/Terrain&Light/ZerinLabs_enviroKit_RetroForest/Meshes/deco_statueBig_grass.FBX
  artifactKey: Guid(77a08937e38670f47ae27133e581c1d0) Importer(815301076,1909f56bfc062723c751e8b465ee728b)
Start importing Assets/Terrain&Light/ZerinLabs_enviroKit_RetroForest/Meshes/deco_statueBig_grass.FBX using Guid(77a08937e38670f47ae27133e581c1d0) Importer(815301076,1909f56bfc062723c751e8b465ee728b)  -> (artifact id: '55a9e8e207a24519949389126f67b794') in 0.028309 seconds 
  Import took 0.032082 seconds .

========================================================================
Received Import Request.
  Time since last request: 0.000446 seconds.
  path: Assets/Terrain&Light/ZerinLabs_enviroKit_RetroForest/Meshes/floorEdge_4vert.FBX
  artifactKey: Guid(33d909a4c987a334ba5b123ca0ea127c) Importer(815301076,1909f56bfc062723c751e8b465ee728b)
Start importing Assets/Terrain&Light/ZerinLabs_enviroKit_RetroForest/Meshes/floorEdge_4vert.FBX using Guid(33d909a4c987a334ba5b123ca0ea127c) Importer(815301076,1909f56bfc062723c751e8b465ee728b)  -> (artifact id: 'e4f63b7adde1abc57d370d56effab211') in 0.025235 seconds 
  Import took 0.029843 seconds .

========================================================================
Received Import Request.
  Time since last request: 0.000348 seconds.
  path: Assets/Decoration/BrokenVector/UltimateDungeonPack/Materials/Wood_Polished.mat
  artifactKey: Guid(f0999b03096512247a557b9bba30ef43) Importer(815301076,1909f56bfc062723c751e8b465ee728b)
Start importing Assets/Decoration/BrokenVector/UltimateDungeonPack/Materials/Wood_Polished.mat using Guid(f0999b03096512247a557b9bba30ef43) Importer(815301076,1909f56bfc062723c751e8b465ee728b)  -> (artifact id: 'b1477694d74405271b6eaf224f9d29b2') in 0.185754 seconds 
  Import took 0.189595 seconds .

========================================================================
Received Import Request.
  Time since last request: 0.000318 seconds.
  path: Assets/Decoration/BrokenVector/UltimateDungeonPack/Models/Tiles/Staircase.fbx
  artifactKey: Guid(4886ccf4840cd474a9e74a3f8898a3e0) Importer(815301076,1909f56bfc062723c751e8b465ee728b)
Start importing Assets/Decoration/BrokenVector/UltimateDungeonPack/Models/Tiles/Staircase.fbx using Guid(4886ccf4840cd474a9e74a3f8898a3e0) Importer(815301076,1909f56bfc062723c751e8b465ee728b)  -> (artifact id: 'c75764dc07a5222c034cb94b07e48994') in 0.048260 seconds 
  Import took 0.052103 seconds .

========================================================================
Received Import Request.
  Time since last request: 0.000313 seconds.
  path: Assets/Decoration/BrokenVector/UltimateDungeonPack/Models/Tiles/Dungeon_Straight_14°.fbx
  artifactKey: Guid(d0b7d5eee0f16cf49a87a7f520564714) Importer(815301076,1909f56bfc062723c751e8b465ee728b)
Start importing Assets/Decoration/BrokenVector/UltimateDungeonPack/Models/Tiles/Dungeon_Straight_14°.fbx using Guid(d0b7d5eee0f16cf49a87a7f520564714) Importer(815301076,1909f56bfc062723c751e8b465ee728b)  -> (artifact id: '0530ca4ee974a709c9a0111ecbf01675') in 0.035952 seconds 
  Import took 0.041435 seconds .

========================================================================
Received Import Request.
  Time since last request: 0.000348 seconds.
  path: Assets/Decoration/BrokenVector/UltimateDungeonPack/Models/Objects/FirewoodStack.fbx
  artifactKey: Guid(ab5bc92d03930514493987d17e921ade) Importer(815301076,1909f56bfc062723c751e8b465ee728b)
Start importing Assets/Decoration/BrokenVector/UltimateDungeonPack/Models/Objects/FirewoodStack.fbx using Guid(ab5bc92d03930514493987d17e921ade) Importer(815301076,1909f56bfc062723c751e8b465ee728b)  -> (artifact id: '8344395bd29310c4f94dcf902425e893') in 0.026505 seconds 
  Import took 0.031279 seconds .

========================================================================
Received Import Request.
  Time since last request: 0.000305 seconds.
  path: Assets/NPCs/Cartoon Heroes/Female/3D/Legs/Legs_3/Materials/Female_Legs_3_Skin.mat
  artifactKey: Guid(601140f306d677c4486cd3e4217c2ba4) Importer(815301076,1909f56bfc062723c751e8b465ee728b)
Start importing Assets/NPCs/Cartoon Heroes/Female/3D/Legs/Legs_3/Materials/Female_Legs_3_Skin.mat using Guid(601140f306d677c4486cd3e4217c2ba4) Importer(815301076,1909f56bfc062723c751e8b465ee728b)  -> (artifact id: '1c0524d295861f6f2b1f073c8e4d4416') in 0.048312 seconds 
  Import took 0.053194 seconds .

========================================================================
Received Import Request.
  Time since last request: 0.000324 seconds.
  path: Assets/Terrain&Light/ZerinLabs_enviroKit_RetroForest/Meshes/deco_treeDead_A.FBX
  artifactKey: Guid(955ca6f75ada54d47bfa55140f4b34d2) Importer(815301076,1909f56bfc062723c751e8b465ee728b)
Start importing Assets/Terrain&Light/ZerinLabs_enviroKit_RetroForest/Meshes/deco_treeDead_A.FBX using Guid(955ca6f75ada54d47bfa55140f4b34d2) Importer(815301076,1909f56bfc062723c751e8b465ee728b)  -> (artifact id: 'a92a4e1899e7a0bdce97af2d3d3b4bd1') in 0.026599 seconds 
  Import took 0.030783 seconds .

========================================================================
Received Import Request.
  Time since last request: 0.000309 seconds.
  path: Assets/Decoration/BrokenVector/UltimateDungeonPack/Models/Objects/CrystalBall.fbx
  artifactKey: Guid(f57cc7a1624e76443b185852b327936b) Importer(815301076,1909f56bfc062723c751e8b465ee728b)
Start importing Assets/Decoration/BrokenVector/UltimateDungeonPack/Models/Objects/CrystalBall.fbx using Guid(f57cc7a1624e76443b185852b327936b) Importer(815301076,1909f56bfc062723c751e8b465ee728b)  -> (artifact id: 'f5993041e7211e9f33b534d52dce13dd') in 0.026598 seconds 
  Import took 0.031393 seconds .

========================================================================
Received Import Request.
  Time since last request: 0.000322 seconds.
  path: Assets/Decoration/BrokenVector/UltimateDungeonPack/Materials/Water_Muddy.mat
  artifactKey: Guid(a5e122a60536c4e4aa815feffacdfac9) Importer(815301076,1909f56bfc062723c751e8b465ee728b)
Start importing Assets/Decoration/BrokenVector/UltimateDungeonPack/Materials/Water_Muddy.mat using Guid(a5e122a60536c4e4aa815feffacdfac9) Importer(815301076,1909f56bfc062723c751e8b465ee728b)  -> (artifact id: '23d4dc86d6bfab76bca253f052c15cfd') in 0.166869 seconds 
  Import took 0.170893 seconds .

========================================================================
Received Import Request.
  Time since last request: 0.000341 seconds.
  path: Assets/Terrain&Light/ZerinLabs_enviroKit_RetroForest/Meshes/deco_stump_B.FBX
  artifactKey: Guid(da226c86b31d2054ba0c3dfa3abdbac4) Importer(815301076,1909f56bfc062723c751e8b465ee728b)
Start importing Assets/Terrain&Light/ZerinLabs_enviroKit_RetroForest/Meshes/deco_stump_B.FBX using Guid(da226c86b31d2054ba0c3dfa3abdbac4) Importer(815301076,1909f56bfc062723c751e8b465ee728b)  -> (artifact id: '51cfff00f2938647e3c9a8ee3986b564') in 0.026763 seconds 
  Import took 0.030205 seconds .

========================================================================
Received Import Request.
  Time since last request: 0.000506 seconds.
  path: Assets/POLY_Jungle/Textures/Surfaces/Surface_Sand02.mat
  artifactKey: Guid(809a8944b61bb4a4fabebc2015db477e) Importer(815301076,1909f56bfc062723c751e8b465ee728b)
Start importing Assets/POLY_Jungle/Textures/Surfaces/Surface_Sand02.mat using Guid(809a8944b61bb4a4fabebc2015db477e) Importer(815301076,1909f56bfc062723c751e8b465ee728b)  -> (artifact id: 'c8a1b5f9f52b8d392114cbe671ec2d1c') in 0.015150 seconds 
  Import took 0.019425 seconds .

========================================================================
Received Import Request.
  Time since last request: 0.000307 seconds.
  path: Assets/Decoration/BrokenVector/UltimateDungeonPack/Models/Objects/Jar_Empty.fbx
  artifactKey: Guid(2003491c76bef4040b25de9ed9e5054b) Importer(815301076,1909f56bfc062723c751e8b465ee728b)
Start importing Assets/Decoration/BrokenVector/UltimateDungeonPack/Models/Objects/Jar_Empty.fbx using Guid(2003491c76bef4040b25de9ed9e5054b) Importer(815301076,1909f56bfc062723c751e8b465ee728b)  -> (artifact id: 'afa61c2771a85e47975a3dd8b0f72d97') in 0.043944 seconds 
  Import took 0.048786 seconds .

========================================================================
Received Import Request.
  Time since last request: 0.000290 seconds.
  path: Assets/Decoration/BrokenVector/UltimateDungeonPack/Materials/Metal_Polished.mat
  artifactKey: Guid(53ce828af18d0eb46b8e8ede9ab92220) Importer(815301076,1909f56bfc062723c751e8b465ee728b)
Start importing Assets/Decoration/BrokenVector/UltimateDungeonPack/Materials/Metal_Polished.mat using Guid(53ce828af18d0eb46b8e8ede9ab92220) Importer(815301076,1909f56bfc062723c751e8b465ee728b)  -> (artifact id: '55a4edb5bb3cb9ec30ba2cf16cf6d753') in 0.013784 seconds 
  Import took 0.017917 seconds .

========================================================================
Received Import Request.
  Time since last request: 0.000540 seconds.
  path: Assets/Decoration/BrokenVector/UltimateDungeonPack/Models/Furniture/Cauldron_Full.fbx
  artifactKey: Guid(1dfcafeaf18a4e546b371252addce9da) Importer(815301076,1909f56bfc062723c751e8b465ee728b)
Start importing Assets/Decoration/BrokenVector/UltimateDungeonPack/Models/Furniture/Cauldron_Full.fbx using Guid(1dfcafeaf18a4e546b371252addce9da) Importer(815301076,1909f56bfc062723c751e8b465ee728b)  -> (artifact id: '515bed89b517d0e53f1a9d32193098c0') in 0.035328 seconds 
  Import took 0.040872 seconds .

========================================================================
Received Import Request.
  Time since last request: 0.000318 seconds.
  path: Assets/Decoration/BrokenVector/UltimateDungeonPack/Models/Furniture/ChestSmall_Closed.fbx
  artifactKey: Guid(40ca74643140c4542affd62759609e4c) Importer(815301076,1909f56bfc062723c751e8b465ee728b)
Start importing Assets/Decoration/BrokenVector/UltimateDungeonPack/Models/Furniture/ChestSmall_Closed.fbx using Guid(40ca74643140c4542affd62759609e4c) Importer(815301076,1909f56bfc062723c751e8b465ee728b)  -> (artifact id: '7f1fa4e95797c331fea477eaf1920da2') in 0.031934 seconds 
  Import took 0.036186 seconds .

========================================================================
Received Import Request.
  Time since last request: 0.000293 seconds.
  path: Assets/Decoration/BrokenVector/UltimateDungeonPack/Models/Tiles/Dungeon_Big_Wall.fbx
  artifactKey: Guid(8211cbe42dc7376499f8a6746bc97fb9) Importer(815301076,1909f56bfc062723c751e8b465ee728b)
Start importing Assets/Decoration/BrokenVector/UltimateDungeonPack/Models/Tiles/Dungeon_Big_Wall.fbx using Guid(8211cbe42dc7376499f8a6746bc97fb9) Importer(815301076,1909f56bfc062723c751e8b465ee728b)  -> (artifact id: '6c108fe4d9fd3c5d88b6ee812bb2f143') in 0.026424 seconds 
  Import took 0.030502 seconds .

========================================================================
Received Import Request.
  Time since last request: 0.000309 seconds.
  path: Assets/POLY_Jungle/Textures/Surfaces/Vegetation_Grass01.mat
  artifactKey: Guid(36b58479c3596694eb09b29cb0fc27da) Importer(815301076,1909f56bfc062723c751e8b465ee728b)
Start importing Assets/POLY_Jungle/Textures/Surfaces/Vegetation_Grass01.mat using Guid(36b58479c3596694eb09b29cb0fc27da) Importer(815301076,1909f56bfc062723c751e8b465ee728b)  -> (artifact id: '52b5e96d5e07c40f238f3fbf47585b60') in 0.013964 seconds 
  Import took 0.018620 seconds .

========================================================================
Received Import Request.
  Time since last request: 0.000347 seconds.
  path: Assets/POLY_Jungle/Textures/Surfaces/Surface_SandStone03.mat
  artifactKey: Guid(c23c929cb9de2264191fb4b585d283d1) Importer(815301076,1909f56bfc062723c751e8b465ee728b)
Start importing Assets/POLY_Jungle/Textures/Surfaces/Surface_SandStone03.mat using Guid(c23c929cb9de2264191fb4b585d283d1) Importer(815301076,1909f56bfc062723c751e8b465ee728b)  -> (artifact id: '4ed9969c9acff081192a5597561d76e4') in 0.013734 seconds 
  Import took 0.017844 seconds .

========================================================================
Received Import Request.
  Time since last request: 0.000336 seconds.
  path: Assets/Decoration/BrokenVector/UltimateDungeonPack/Models/Objects/Key_Rusty.fbx
  artifactKey: Guid(4009cba106d20f748ab650a274328adc) Importer(815301076,1909f56bfc062723c751e8b465ee728b)
Start importing Assets/Decoration/BrokenVector/UltimateDungeonPack/Models/Objects/Key_Rusty.fbx using Guid(4009cba106d20f748ab650a274328adc) Importer(815301076,1909f56bfc062723c751e8b465ee728b)  -> (artifact id: '0dd24c020b15fe0efb0a07a843b01f30') in 0.025414 seconds 
  Import took 0.029807 seconds .

========================================================================
Received Import Request.
  Time since last request: 0.000297 seconds.
  path: Assets/Decoration/BrokenVector/UltimateDungeonPack/Models/Objects/Flask.fbx
  artifactKey: Guid(9ec750fc4cf747f4fbc15d8898b84ad7) Importer(815301076,1909f56bfc062723c751e8b465ee728b)
Start importing Assets/Decoration/BrokenVector/UltimateDungeonPack/Models/Objects/Flask.fbx using Guid(9ec750fc4cf747f4fbc15d8898b84ad7) Importer(815301076,1909f56bfc062723c751e8b465ee728b)  -> (artifact id: '2da044cf69a6d42f097c4eba0e5ed497') in 0.026950 seconds 
  Import took 0.031154 seconds .

========================================================================
Received Import Request.
  Time since last request: 0.000306 seconds.
  path: Assets/Terrain&Light/ZerinLabs_enviroKit_RetroForest/Meshes/wall_A.FBX
  artifactKey: Guid(b225c68b5babe134ca8800ee66a1d34d) Importer(815301076,1909f56bfc062723c751e8b465ee728b)
Start importing Assets/Terrain&Light/ZerinLabs_enviroKit_RetroForest/Meshes/wall_A.FBX using Guid(b225c68b5babe134ca8800ee66a1d34d) Importer(815301076,1909f56bfc062723c751e8b465ee728b)  -> (artifact id: '88bd8e522ee595e2d9a57d845479770c') in 0.025703 seconds 
  Import took 0.030317 seconds .

========================================================================
Received Import Request.
  Time since last request: 0.000294 seconds.
  path: Assets/Decoration/fantasy_modular_environment/materials/cobblestone.mat
  artifactKey: Guid(f16d4c72592b6d440b5b60ee17aa78e8) Importer(815301076,1909f56bfc062723c751e8b465ee728b)
Start importing Assets/Decoration/fantasy_modular_environment/materials/cobblestone.mat using Guid(f16d4c72592b6d440b5b60ee17aa78e8) Importer(815301076,1909f56bfc062723c751e8b465ee728b)  -> (artifact id: 'a1d068c86b9fc39da36458610cce3d9f') in 0.026001 seconds 
  Import took 0.030378 seconds .

========================================================================
Received Import Request.
  Time since last request: 0.000304 seconds.
  path: Assets/Terrain&Light/ZerinLabs_enviroKit_RetroForest/Meshes/floorEdge_1line_1vertB.FBX
  artifactKey: Guid(93cc31da8bd26b14cab2b45fa71fd48e) Importer(815301076,1909f56bfc062723c751e8b465ee728b)
Start importing Assets/Terrain&Light/ZerinLabs_enviroKit_RetroForest/Meshes/floorEdge_1line_1vertB.FBX using Guid(93cc31da8bd26b14cab2b45fa71fd48e) Importer(815301076,1909f56bfc062723c751e8b465ee728b)  -> (artifact id: '047df121b6ffcf43225a9db22aaa872b') in 0.024531 seconds 
  Import took 0.028644 seconds .

========================================================================
Received Import Request.
  Time since last request: 0.000291 seconds.
  path: Assets/Standard Assets/Environment/SpeedTree/Conifer/Conifer_Desktop Materials/LOD2/Branches_1.mat
  artifactKey: Guid(57df284b8a7c87b4894ac5f9c86e0be9) Importer(815301076,1909f56bfc062723c751e8b465ee728b)
Start importing Assets/Standard Assets/Environment/SpeedTree/Conifer/Conifer_Desktop Materials/LOD2/Branches_1.mat using Guid(57df284b8a7c87b4894ac5f9c86e0be9) Importer(815301076,1909f56bfc062723c751e8b465ee728b)  -> (artifact id: '069cf5596e87200c73afb62045229a30') in 0.016561 seconds 
  Import took 0.021305 seconds .

========================================================================
Received Import Request.
  Time since last request: 0.000303 seconds.
  path: Assets/Decoration/BrokenVector/UltimateDungeonPack/Models/Furniture/Shelf_Wall.fbx
  artifactKey: Guid(2635c774666268e47b7d059c5f4ebbd9) Importer(815301076,1909f56bfc062723c751e8b465ee728b)
Start importing Assets/Decoration/BrokenVector/UltimateDungeonPack/Models/Furniture/Shelf_Wall.fbx using Guid(2635c774666268e47b7d059c5f4ebbd9) Importer(815301076,1909f56bfc062723c751e8b465ee728b)  -> (artifact id: 'd7680a9938016943682c086c6d9bc907') in 0.023043 seconds 
  Import took 0.027300 seconds .

========================================================================
Received Import Request.
  Time since last request: 0.000300 seconds.
  path: Assets/Terrain&Light/ZerinLabs_enviroKit_RetroForest/Meshes/deco_grass.FBX
  artifactKey: Guid(ba81c059937e4ac4ba58e74bb4fe4d8a) Importer(815301076,1909f56bfc062723c751e8b465ee728b)
Start importing Assets/Terrain&Light/ZerinLabs_enviroKit_RetroForest/Meshes/deco_grass.FBX using Guid(ba81c059937e4ac4ba58e74bb4fe4d8a) Importer(815301076,1909f56bfc062723c751e8b465ee728b)  -> (artifact id: 'ca93e8959a58a8b6c751e5381cc0c8e6') in 0.026900 seconds 
  Import took 0.183202 seconds .

========================================================================
Received Import Request.
  Time since last request: 0.000601 seconds.
  path: Assets/Decoration/BrokenVector/UltimateDungeonPack/Models/Objects/Book_Small_Green.fbx
  artifactKey: Guid(e55a876c8839b57418359bcec709a948) Importer(815301076,1909f56bfc062723c751e8b465ee728b)
Start importing Assets/Decoration/BrokenVector/UltimateDungeonPack/Models/Objects/Book_Small_Green.fbx using Guid(e55a876c8839b57418359bcec709a948) Importer(815301076,1909f56bfc062723c751e8b465ee728b)  -> (artifact id: 'dcd272522bf1a3d1b8e4f8d07d2526c6') in 0.036021 seconds 
  Import took 0.041378 seconds .

========================================================================
Received Import Request.
  Time since last request: 0.000351 seconds.
  path: Assets/Decoration/BrokenVector/UltimateDungeonPack/Models/Furniture/Stool_round.fbx
  artifactKey: Guid(2fecc0ac19ff3de449e712fce3335198) Importer(815301076,1909f56bfc062723c751e8b465ee728b)
Start importing Assets/Decoration/BrokenVector/UltimateDungeonPack/Models/Furniture/Stool_round.fbx using Guid(2fecc0ac19ff3de449e712fce3335198) Importer(815301076,1909f56bfc062723c751e8b465ee728b)  -> (artifact id: '7be1df291bfdda60d26ac2e9503c4c8f') in 0.025125 seconds 
  Import took 0.029171 seconds .

========================================================================
Received Import Request.
  Time since last request: 0.000331 seconds.
  path: Assets/Terrain&Light/ZerinLabs_enviroKit_RetroForest/Meshes/wall_cornerInOut.FBX
  artifactKey: Guid(818af7bef61d714479af3c3f9bb02225) Importer(815301076,1909f56bfc062723c751e8b465ee728b)
Start importing Assets/Terrain&Light/ZerinLabs_enviroKit_RetroForest/Meshes/wall_cornerInOut.FBX using Guid(818af7bef61d714479af3c3f9bb02225) Importer(815301076,1909f56bfc062723c751e8b465ee728b)  -> (artifact id: '94f20b50b3732573f765e269d8c944a1') in 0.024534 seconds 
  Import took 0.028959 seconds .

========================================================================
Received Import Request.
  Time since last request: 0.000407 seconds.
  path: Assets/Terrain&Light/ZerinLabs_enviroKit_RetroForest/Meshes/wallMini_cornerIn.FBX
  artifactKey: Guid(e615d72ca7bdbdf43b516c13b8347b63) Importer(815301076,1909f56bfc062723c751e8b465ee728b)
Start importing Assets/Terrain&Light/ZerinLabs_enviroKit_RetroForest/Meshes/wallMini_cornerIn.FBX using Guid(e615d72ca7bdbdf43b516c13b8347b63) Importer(815301076,1909f56bfc062723c751e8b465ee728b)  -> (artifact id: '70a4d1ed3c4260a1506bd5b6b3aa06bd') in 0.025592 seconds 
  Import took 0.030379 seconds .

========================================================================
Received Import Request.
  Time since last request: 0.000305 seconds.
  path: Assets/Decoration/BrokenVector/UltimateDungeonPack/Models/Objects/Jar_Full.fbx
  artifactKey: Guid(c0469cdae04acd04a848fec5a569effb) Importer(815301076,1909f56bfc062723c751e8b465ee728b)
Start importing Assets/Decoration/BrokenVector/UltimateDungeonPack/Models/Objects/Jar_Full.fbx using Guid(c0469cdae04acd04a848fec5a569effb) Importer(815301076,1909f56bfc062723c751e8b465ee728b)  -> (artifact id: '84c8c147c1c63ac65f6fab3d915c2ec4') in 0.031079 seconds 
  Import took 0.035336 seconds .

========================================================================
Received Import Request.
  Time since last request: 0.000356 seconds.
  path: Assets/Terrain&Light/ZerinLabs_enviroKit_RetroForest/Meshes/floorEdge_2lines.FBX
  artifactKey: Guid(698260e67dcf37e4ea72fcb0980a2359) Importer(815301076,1909f56bfc062723c751e8b465ee728b)
Start importing Assets/Terrain&Light/ZerinLabs_enviroKit_RetroForest/Meshes/floorEdge_2lines.FBX using Guid(698260e67dcf37e4ea72fcb0980a2359) Importer(815301076,1909f56bfc062723c751e8b465ee728b)  -> (artifact id: '1da7fb8e8bf1db0fa67da4274c0a5d5e') in 0.025675 seconds 
  Import took 0.030245 seconds .

========================================================================
Received Import Request.
  Time since last request: 0.000302 seconds.
  path: Assets/Decoration/LowPolyDungeonsLite/Materials/LowPolyDungeonsLite_Texture_01.mat
  artifactKey: Guid(8abb99b069786604589baebd6d24896f) Importer(815301076,1909f56bfc062723c751e8b465ee728b)
Start importing Assets/Decoration/LowPolyDungeonsLite/Materials/LowPolyDungeonsLite_Texture_01.mat using Guid(8abb99b069786604589baebd6d24896f) Importer(815301076,1909f56bfc062723c751e8b465ee728b)  -> (artifact id: '9f93e048c6f81342da31906ecbb1db83') in 0.019768 seconds 
  Import took 0.024106 seconds .

========================================================================
Received Import Request.
  Time since last request: 0.000317 seconds.
  path: Assets/Terrain&Light/ADG_Textures/ground_vol1/ground7/ground7.mat
  artifactKey: Guid(9b2d9ffb6a28d244e8e9025b4a87f779) Importer(815301076,1909f56bfc062723c751e8b465ee728b)
Start importing Assets/Terrain&Light/ADG_Textures/ground_vol1/ground7/ground7.mat using Guid(9b2d9ffb6a28d244e8e9025b4a87f779) Importer(815301076,1909f56bfc062723c751e8b465ee728b)  -> (artifact id: 'b03a15a6f60c053b08a0ab8fcfab8d4b') in 0.247634 seconds 
  Import took 0.251820 seconds .

========================================================================
Received Import Request.
  Time since last request: 0.000318 seconds.
  path: Assets/Terrain&Light/ZerinLabs_enviroKit_RetroForest/Meshes/wallMini_A.FBX
  artifactKey: Guid(4b70a262c4daed945b5d41a626d315c0) Importer(815301076,1909f56bfc062723c751e8b465ee728b)
Start importing Assets/Terrain&Light/ZerinLabs_enviroKit_RetroForest/Meshes/wallMini_A.FBX using Guid(4b70a262c4daed945b5d41a626d315c0) Importer(815301076,1909f56bfc062723c751e8b465ee728b)  -> (artifact id: '47563d3a2e1c06a9d3d4bcba9b02b6a3') in 0.022532 seconds 
  Import took 0.026429 seconds .

========================================================================
Received Import Request.
  Time since last request: 0.000543 seconds.
  path: Assets/Decoration/BrokenVector/UltimateDungeonPack/Models/Tiles/Basement_Var1.fbx
  artifactKey: Guid(75953d580a08e7649bf4b767832e157b) Importer(815301076,1909f56bfc062723c751e8b465ee728b)
Start importing Assets/Decoration/BrokenVector/UltimateDungeonPack/Models/Tiles/Basement_Var1.fbx using Guid(75953d580a08e7649bf4b767832e157b) Importer(815301076,1909f56bfc062723c751e8b465ee728b)  -> (artifact id: '628e9e6e71029cd165d2cea316a9099a') in 0.055869 seconds 
  Import took 0.059679 seconds .

========================================================================
Received Import Request.
  Time since last request: 0.000307 seconds.
  path: Assets/Decoration/BrokenVector/UltimateDungeonPack/Models/Objects/Beaker_Full_Var2.fbx
  artifactKey: Guid(c161e5586532ebc4e8de1f9a45c2754e) Importer(815301076,1909f56bfc062723c751e8b465ee728b)
Start importing Assets/Decoration/BrokenVector/UltimateDungeonPack/Models/Objects/Beaker_Full_Var2.fbx using Guid(c161e5586532ebc4e8de1f9a45c2754e) Importer(815301076,1909f56bfc062723c751e8b465ee728b)  -> (artifact id: '95df726e2ff360ce2af4c3b4ea90305f') in 0.036988 seconds 
  Import took 0.042005 seconds .

========================================================================
Received Import Request.
  Time since last request: 0.000340 seconds.
  path: Assets/Decoration/BrokenVector/UltimateDungeonPack/Models/Objects/Jar_Big.fbx
  artifactKey: Guid(b7e1480ce257ecf43ab1570081afc3c0) Importer(815301076,1909f56bfc062723c751e8b465ee728b)
Start importing Assets/Decoration/BrokenVector/UltimateDungeonPack/Models/Objects/Jar_Big.fbx using Guid(b7e1480ce257ecf43ab1570081afc3c0) Importer(815301076,1909f56bfc062723c751e8b465ee728b)  -> (artifact id: '6fa0fc1a1510984bb3e025d0c7f6c7ff') in 0.042294 seconds 
  Import took 0.046936 seconds .

========================================================================
Received Import Request.
  Time since last request: 0.000563 seconds.
  path: Assets/NPCs/Cartoon Heroes/Female/3D/Legs/Legs_3/Materials/Female_Legs_3_Skin_Dark.mat
  artifactKey: Guid(38068334753dcee4995c2c60fc48dcc5) Importer(815301076,1909f56bfc062723c751e8b465ee728b)
Start importing Assets/NPCs/Cartoon Heroes/Female/3D/Legs/Legs_3/Materials/Female_Legs_3_Skin_Dark.mat using Guid(38068334753dcee4995c2c60fc48dcc5) Importer(815301076,1909f56bfc062723c751e8b465ee728b)  -> (artifact id: 'dedadfe8655360f56d1748b43d1e5c2e') in 0.021459 seconds 
  Import took 0.025990 seconds .

========================================================================
Received Import Request.
  Time since last request: 0.000355 seconds.
  path: Assets/Decoration/BrokenVector/UltimateDungeonPack/Models/Objects/Beaker_Full_Var1.fbx
  artifactKey: Guid(934778927de152a45a53d7f36b9849b0) Importer(815301076,1909f56bfc062723c751e8b465ee728b)
Start importing Assets/Decoration/BrokenVector/UltimateDungeonPack/Models/Objects/Beaker_Full_Var1.fbx using Guid(934778927de152a45a53d7f36b9849b0) Importer(815301076,1909f56bfc062723c751e8b465ee728b)  -> (artifact id: '6ac6d21389ef263f1589e1fc4428b806') in 0.034004 seconds 
  Import took 0.038253 seconds .

========================================================================
Received Import Request.
  Time since last request: 0.000363 seconds.
  path: Assets/POLY_Jungle/Textures/Surfaces/Vegetation_FungiBeige.mat
  artifactKey: Guid(3b5d8cb3e90ba5d4fa75f2ccebf2064b) Importer(815301076,1909f56bfc062723c751e8b465ee728b)
Start importing Assets/POLY_Jungle/Textures/Surfaces/Vegetation_FungiBeige.mat using Guid(3b5d8cb3e90ba5d4fa75f2ccebf2064b) Importer(815301076,1909f56bfc062723c751e8b465ee728b)  -> (artifact id: 'ed00695b4e22a6643e16223ee8ea341a') in 0.013541 seconds 
  Import took 0.019366 seconds .

========================================================================
Received Import Request.
  Time since last request: 0.000382 seconds.
  path: Assets/Decoration/BrokenVector/UltimateDungeonPack/Models/Tiles/Dungeon_Hall_Wall.fbx
  artifactKey: Guid(a39725da2f6e50a4d888e2e3bdbb0cc0) Importer(815301076,1909f56bfc062723c751e8b465ee728b)
Start importing Assets/Decoration/BrokenVector/UltimateDungeonPack/Models/Tiles/Dungeon_Hall_Wall.fbx using Guid(a39725da2f6e50a4d888e2e3bdbb0cc0) Importer(815301076,1909f56bfc062723c751e8b465ee728b)  -> (artifact id: 'd39b64efda9f90ecd137e34e4518dd44') in 0.035952 seconds 
  Import took 0.040301 seconds .

========================================================================
Received Import Request.
  Time since last request: 0.000608 seconds.
  path: Assets/Terrain&Light/ZerinLabs_enviroKit_RetroForest/Meshes/wall_cornerOut.FBX
  artifactKey: Guid(765609926e6e4d14d80605c0fb1d6a3c) Importer(815301076,1909f56bfc062723c751e8b465ee728b)
Start importing Assets/Terrain&Light/ZerinLabs_enviroKit_RetroForest/Meshes/wall_cornerOut.FBX using Guid(765609926e6e4d14d80605c0fb1d6a3c) Importer(815301076,1909f56bfc062723c751e8b465ee728b)  -> (artifact id: 'fa829bcca251b38c8ce9596e54ade13a') in 0.027096 seconds 
  Import took 0.032211 seconds .

========================================================================
Received Import Request.
  Time since last request: 0.000328 seconds.
  path: Assets/NPCs/Cartoon Heroes/Male/3D/Torsos/Base Torso/Materials/Male_Base_Torso_Dark.mat
  artifactKey: Guid(ed4301b3acf796f44891aaa0439ac07e) Importer(815301076,1909f56bfc062723c751e8b465ee728b)
Start importing Assets/NPCs/Cartoon Heroes/Male/3D/Torsos/Base Torso/Materials/Male_Base_Torso_Dark.mat using Guid(ed4301b3acf796f44891aaa0439ac07e) Importer(815301076,1909f56bfc062723c751e8b465ee728b)  -> (artifact id: '96f2767e7b85ca9eb828b522a62b0a33') in 0.026539 seconds 
  Import took 0.031812 seconds .

========================================================================
Received Import Request.
  Time since last request: 0.000360 seconds.
  path: Assets/NPCs/Cartoon Heroes/Female/3D/Legs/Legs_3/Materials/Female_Legs_3_White.mat
  artifactKey: Guid(99c3634b11543fa409a72a1266473ff7) Importer(815301076,1909f56bfc062723c751e8b465ee728b)
Start importing Assets/NPCs/Cartoon Heroes/Female/3D/Legs/Legs_3/Materials/Female_Legs_3_White.mat using Guid(99c3634b11543fa409a72a1266473ff7) Importer(815301076,1909f56bfc062723c751e8b465ee728b)  -> (artifact id: '1a5ec8a5a89d0dbac54d5263d446ac79') in 0.081468 seconds 
  Import took 0.086281 seconds .

========================================================================
Received Import Request.
  Time since last request: 0.000295 seconds.
  path: Assets/Decoration/fantasy_modular_environment/materials/cart.mat
  artifactKey: Guid(a279e3237681e7746992bf6a6d8364b9) Importer(815301076,1909f56bfc062723c751e8b465ee728b)
Start importing Assets/Decoration/fantasy_modular_environment/materials/cart.mat using Guid(a279e3237681e7746992bf6a6d8364b9) Importer(815301076,1909f56bfc062723c751e8b465ee728b)  -> (artifact id: '28b646cd3647d6e6af054a308e293687') in 0.036390 seconds 
  Import took 0.041132 seconds .

========================================================================
Received Import Request.
  Time since last request: 0.000309 seconds.
  path: Assets/Decoration/BrokenVector/UltimateDungeonPack/Models/Objects/Beaker_Empty.fbx
  artifactKey: Guid(affe7203ad95ac04884cd98a039abd27) Importer(815301076,1909f56bfc062723c751e8b465ee728b)
Start importing Assets/Decoration/BrokenVector/UltimateDungeonPack/Models/Objects/Beaker_Empty.fbx using Guid(affe7203ad95ac04884cd98a039abd27) Importer(815301076,1909f56bfc062723c751e8b465ee728b)  -> (artifact id: '3cc40b297852274ce808e96cfdf16628') in 0.026619 seconds 
  Import took 0.031544 seconds .

========================================================================
Received Import Request.
  Time since last request: 0.000352 seconds.
  path: Assets/Terrain&Light/ZerinLabs_enviroKit_RetroForest/Meshes/wall_edge_B.FBX
  artifactKey: Guid(fd5a88a9b0a839b439b1d834de49de15) Importer(815301076,1909f56bfc062723c751e8b465ee728b)
Start importing Assets/Terrain&Light/ZerinLabs_enviroKit_RetroForest/Meshes/wall_edge_B.FBX using Guid(fd5a88a9b0a839b439b1d834de49de15) Importer(815301076,1909f56bfc062723c751e8b465ee728b)  -> (artifact id: '6b38eb63dbcc1a8b06132971aa8a3cb4') in 0.024958 seconds 
  Import took 0.029911 seconds .

========================================================================
Received Import Request.
  Time since last request: 0.000297 seconds.
  path: Assets/NPCs/Cartoon Heroes/Male/3D/Legs/Base Legs/Materials/Male_Base_Legs_Dark.mat
  artifactKey: Guid(2a6250889f14e5641bc142b970738c8f) Importer(815301076,1909f56bfc062723c751e8b465ee728b)
Start importing Assets/NPCs/Cartoon Heroes/Male/3D/Legs/Base Legs/Materials/Male_Base_Legs_Dark.mat using Guid(2a6250889f14e5641bc142b970738c8f) Importer(815301076,1909f56bfc062723c751e8b465ee728b)  -> (artifact id: 'bcb48e2dad034d22a8ffc3ae0624ab45') in 0.024230 seconds 
  Import took 0.028294 seconds .

========================================================================
Received Import Request.
  Time since last request: 0.000296 seconds.
  path: Assets/Terrain&Light/ZerinLabs_enviroKit_RetroForest/Meshes/wallBottom_isle.FBX
  artifactKey: Guid(a7cde604be9f50f4fb03a2fbd67ddc95) Importer(815301076,1909f56bfc062723c751e8b465ee728b)
Start importing Assets/Terrain&Light/ZerinLabs_enviroKit_RetroForest/Meshes/wallBottom_isle.FBX using Guid(a7cde604be9f50f4fb03a2fbd67ddc95) Importer(815301076,1909f56bfc062723c751e8b465ee728b)  -> (artifact id: 'b52241489d61b89248232de041f2a29b') in 0.026149 seconds 
  Import took 0.031726 seconds .

========================================================================
Received Import Request.
  Time since last request: 0.000315 seconds.
  path: Assets/POLY_Jungle/Textures/Surfaces/Surface_Pottery01.mat
  artifactKey: Guid(542481d9259f92a419d19ff912389580) Importer(815301076,1909f56bfc062723c751e8b465ee728b)
Start importing Assets/POLY_Jungle/Textures/Surfaces/Surface_Pottery01.mat using Guid(542481d9259f92a419d19ff912389580) Importer(815301076,1909f56bfc062723c751e8b465ee728b)  -> (artifact id: '98bbb92a8fc25d239e1197d714c4f7a0') in 0.013073 seconds 
  Import took 0.018712 seconds .

========================================================================
Received Import Request.
  Time since last request: 0.000450 seconds.
  path: Assets/Terrain&Light/ZerinLabs_enviroKit_RetroForest/Meshes/deco_stump_A.FBX
  artifactKey: Guid(8e83ab80d3e00584da28cb3c1d4bb88e) Importer(815301076,1909f56bfc062723c751e8b465ee728b)
Start importing Assets/Terrain&Light/ZerinLabs_enviroKit_RetroForest/Meshes/deco_stump_A.FBX using Guid(8e83ab80d3e00584da28cb3c1d4bb88e) Importer(815301076,1909f56bfc062723c751e8b465ee728b)  -> (artifact id: '49054ef73165c9d2bb618360c00e33a3') in 0.025062 seconds 
  Import took 0.029298 seconds .

========================================================================
Received Import Request.
  Time since last request: 0.000453 seconds.
  path: Assets/Decoration/BrokenVector/UltimateDungeonPack/Models/Tiles/Dungeon_Hall_Wall_Stairs_Left.fbx
  artifactKey: Guid(483313b13cd06ee48a860df95d60e72e) Importer(815301076,1909f56bfc062723c751e8b465ee728b)
Start importing Assets/Decoration/BrokenVector/UltimateDungeonPack/Models/Tiles/Dungeon_Hall_Wall_Stairs_Left.fbx using Guid(483313b13cd06ee48a860df95d60e72e) Importer(815301076,1909f56bfc062723c751e8b465ee728b)  -> (artifact id: '9698ec8c369b5407f045b4002bf1f534') in 0.034013 seconds 
  Import took 0.038260 seconds .

========================================================================
Received Import Request.
  Time since last request: 0.000332 seconds.
  path: Assets/Decoration/BrokenVector/UltimateDungeonPack/Models/Tiles/DoorGate_Wooden_Left.fbx
  artifactKey: Guid(a26e8605291c03d42ba85f7364aea582) Importer(815301076,1909f56bfc062723c751e8b465ee728b)
Start importing Assets/Decoration/BrokenVector/UltimateDungeonPack/Models/Tiles/DoorGate_Wooden_Left.fbx using Guid(a26e8605291c03d42ba85f7364aea582) Importer(815301076,1909f56bfc062723c751e8b465ee728b)  -> (artifact id: '577f0d00f38453de785b2f7cc1ec7923') in 0.033643 seconds 
  Import took 0.239890 seconds .

========================================================================
Received Import Request.
  Time since last request: 0.000291 seconds.
  path: Assets/Decoration/LowPolyDungeonsLite/Materials/LowPolyDungeonsLite_MAIN.mat
  artifactKey: Guid(18f63ff904099034daf971dac5b32582) Importer(815301076,1909f56bfc062723c751e8b465ee728b)
Start importing Assets/Decoration/LowPolyDungeonsLite/Materials/LowPolyDungeonsLite_MAIN.mat using Guid(18f63ff904099034daf971dac5b32582) Importer(815301076,1909f56bfc062723c751e8b465ee728b)  -> (artifact id: '8ffeead3de36943e24ba00a2c46146c2') in 0.017541 seconds 
  Import took 0.023661 seconds .

========================================================================
Received Import Request.
  Time since last request: 0.000298 seconds.
  path: Assets/Terrain&Light/ZerinLabs_enviroKit_RetroForest/Meshes/wallMiniBottom_cornerOut.FBX
  artifactKey: Guid(45e5bf9f9fbfe3b46bb93c9c1ddb310c) Importer(815301076,1909f56bfc062723c751e8b465ee728b)
Start importing Assets/Terrain&Light/ZerinLabs_enviroKit_RetroForest/Meshes/wallMiniBottom_cornerOut.FBX using Guid(45e5bf9f9fbfe3b46bb93c9c1ddb310c) Importer(815301076,1909f56bfc062723c751e8b465ee728b)  -> (artifact id: '541c44aa165a2d71c69b219739584fde') in 0.082785 seconds 
  Import took 0.091078 seconds .

========================================================================
Received Import Request.
  Time since last request: 0.000581 seconds.
  path: Assets/POLY_Jungle/Textures/Surfaces/Vegetation_FungiRed.mat
  artifactKey: Guid(df55427f01ccf3e43a4229ed99a1337b) Importer(815301076,1909f56bfc062723c751e8b465ee728b)
Start importing Assets/POLY_Jungle/Textures/Surfaces/Vegetation_FungiRed.mat using Guid(df55427f01ccf3e43a4229ed99a1337b) Importer(815301076,1909f56bfc062723c751e8b465ee728b)  -> (artifact id: '2a1774d64fef6fefc2871886e841e5c3') in 0.019857 seconds 
  Import took 0.027684 seconds .

========================================================================
Received Import Request.
  Time since last request: 0.000498 seconds.
  path: Assets/Standard Assets/Environment/SpeedTree/Broadleaf/Broadleaf_Desktop Materials/LOD0/Branches_1.mat
  artifactKey: Guid(e621ee108fde15148a5e4b4ab67667b9) Importer(815301076,1909f56bfc062723c751e8b465ee728b)
Start importing Assets/Standard Assets/Environment/SpeedTree/Broadleaf/Broadleaf_Desktop Materials/LOD0/Branches_1.mat using Guid(e621ee108fde15148a5e4b4ab67667b9) Importer(815301076,1909f56bfc062723c751e8b465ee728b)  -> (artifact id: '629f331605420e1cc16802981911fc2e') in 0.016710 seconds 
  Import took 0.022552 seconds .

========================================================================
Received Import Request.
  Time since last request: 0.000286 seconds.
  path: Assets/Decoration/BrokenVector/UltimateDungeonPack/Models/Objects/Book_Big_Brown.fbx
  artifactKey: Guid(54c2100317f765442a1f247c7d09ccf5) Importer(815301076,1909f56bfc062723c751e8b465ee728b)
Start importing Assets/Decoration/BrokenVector/UltimateDungeonPack/Models/Objects/Book_Big_Brown.fbx using Guid(54c2100317f765442a1f247c7d09ccf5) Importer(815301076,1909f56bfc062723c751e8b465ee728b)  -> (artifact id: '3fd73ecf11f39845b599937d0a8e57b4') in 0.029595 seconds 
  Import took 0.034427 seconds .

========================================================================
Received Import Request.
  Time since last request: 0.000355 seconds.
  path: Assets/Decoration/BrokenVector/UltimateDungeonPack/Models/Furniture/Amphora.fbx
  artifactKey: Guid(b9a1c0a49b015804e83705d2e66fa591) Importer(815301076,1909f56bfc062723c751e8b465ee728b)
Start importing Assets/Decoration/BrokenVector/UltimateDungeonPack/Models/Furniture/Amphora.fbx using Guid(b9a1c0a49b015804e83705d2e66fa591) Importer(815301076,1909f56bfc062723c751e8b465ee728b)  -> (artifact id: '1c9127d84cffdaff14df84f8d5cee1fa') in 0.024638 seconds 
  Import took 0.029505 seconds .

========================================================================
Received Import Request.
  Time since last request: 0.000354 seconds.
  path: Assets/Decoration/BrokenVector/UltimateDungeonPack/Materials/Glass.mat
  artifactKey: Guid(98d71c75f13684d4ab284a351b77b3d3) Importer(815301076,1909f56bfc062723c751e8b465ee728b)
Start importing Assets/Decoration/BrokenVector/UltimateDungeonPack/Materials/Glass.mat using Guid(98d71c75f13684d4ab284a351b77b3d3) Importer(815301076,1909f56bfc062723c751e8b465ee728b)  -> (artifact id: '743f2953450fe4b98015f38fdc6cd6d8') in 0.036220 seconds 
  Import took 0.040702 seconds .

========================================================================
Received Import Request.
  Time since last request: 0.000410 seconds.
  path: Assets/Decoration/BrokenVector/UltimateDungeonPack/Models/Tiles/Basement_Var2.fbx
  artifactKey: Guid(b81e318bd6b86a746bb627dcbc0c51b9) Importer(815301076,1909f56bfc062723c751e8b465ee728b)
Start importing Assets/Decoration/BrokenVector/UltimateDungeonPack/Models/Tiles/Basement_Var2.fbx using Guid(b81e318bd6b86a746bb627dcbc0c51b9) Importer(815301076,1909f56bfc062723c751e8b465ee728b)  -> (artifact id: 'c60d5c977896e09fe7bad569b7654dcf') in 0.055829 seconds 
  Import took 0.060500 seconds .

========================================================================
Received Import Request.
  Time since last request: 0.000596 seconds.
  path: Assets/POLY_Jungle/Textures/Surfaces/Vegetation_FungiBlue.mat
  artifactKey: Guid(20bfec670378e2447a488164095d6dd7) Importer(815301076,1909f56bfc062723c751e8b465ee728b)
Start importing Assets/POLY_Jungle/Textures/Surfaces/Vegetation_FungiBlue.mat using Guid(20bfec670378e2447a488164095d6dd7) Importer(815301076,1909f56bfc062723c751e8b465ee728b)  -> (artifact id: '9a2da95a8c9abe199d4ff5a3ffb0c833') in 0.013817 seconds 
  Import took 0.018284 seconds .

========================================================================
Received Import Request.
  Time since last request: 0.000355 seconds.
  path: Assets/Decoration/BrokenVector/UltimateDungeonPack/Models/Tiles/Dungeon_Passage_Wood.fbx
  artifactKey: Guid(410dccb5046b05b47adeaff09f5d9369) Importer(815301076,1909f56bfc062723c751e8b465ee728b)
Start importing Assets/Decoration/BrokenVector/UltimateDungeonPack/Models/Tiles/Dungeon_Passage_Wood.fbx using Guid(410dccb5046b05b47adeaff09f5d9369) Importer(815301076,1909f56bfc062723c751e8b465ee728b)  -> (artifact id: '7dd19091acf4880dedb5504c63ad2ec5') in 0.029502 seconds 
  Import took 0.033696 seconds .

========================================================================
Received Import Request.
  Time since last request: 0.000300 seconds.
  path: Assets/Terrain&Light/Bitgem/Cube_World/_Materials/cube_mat_green.mat
  artifactKey: Guid(289a9060ae4968b4ea35f48ad313741f) Importer(815301076,1909f56bfc062723c751e8b465ee728b)
Start importing Assets/Terrain&Light/Bitgem/Cube_World/_Materials/cube_mat_green.mat using Guid(289a9060ae4968b4ea35f48ad313741f) Importer(815301076,1909f56bfc062723c751e8b465ee728b)  -> (artifact id: '9f5c1443ae7c26db9f7d63b8e323da1f') in 0.037975 seconds 
  Import took 0.042621 seconds .

========================================================================
Received Import Request.
  Time since last request: 0.000307 seconds.
  path: Assets/Terrain&Light/ZerinLabs_enviroKit_RetroForest/Meshes/wallHole_2wallVar_A.FBX
  artifactKey: Guid(4bd12e627ed653840b23c52e84b752aa) Importer(815301076,1909f56bfc062723c751e8b465ee728b)
Start importing Assets/Terrain&Light/ZerinLabs_enviroKit_RetroForest/Meshes/wallHole_2wallVar_A.FBX using Guid(4bd12e627ed653840b23c52e84b752aa) Importer(815301076,1909f56bfc062723c751e8b465ee728b)  -> (artifact id: '3d69edebef9a58759d7af1ebf43480b5') in 0.025246 seconds 
  Import took 0.029951 seconds .

========================================================================
Received Import Request.
  Time since last request: 0.000309 seconds.
  path: Assets/Terrain&Light/ZerinLabs_enviroKit_RetroForest/Meshes/wall_cornerInCap_AB.FBX
  artifactKey: Guid(df3644a9e2e56b04b80fdcf9e029095c) Importer(815301076,1909f56bfc062723c751e8b465ee728b)
Start importing Assets/Terrain&Light/ZerinLabs_enviroKit_RetroForest/Meshes/wall_cornerInCap_AB.FBX using Guid(df3644a9e2e56b04b80fdcf9e029095c) Importer(815301076,1909f56bfc062723c751e8b465ee728b)  -> (artifact id: '3b9333c47f8edff25b957419574dd326') in 0.024525 seconds 
  Import took 0.029101 seconds .

========================================================================
Received Import Request.
  Time since last request: 0.000292 seconds.
  path: Assets/Decoration/BrokenVector/UltimateDungeonPack/Models/Tiles/Dungeon_Hall_Center_Stairs.fbx
  artifactKey: Guid(582457359612b134a8060cfe3d02fbf4) Importer(815301076,1909f56bfc062723c751e8b465ee728b)
Start importing Assets/Decoration/BrokenVector/UltimateDungeonPack/Models/Tiles/Dungeon_Hall_Center_Stairs.fbx using Guid(582457359612b134a8060cfe3d02fbf4) Importer(815301076,1909f56bfc062723c751e8b465ee728b)  -> (artifact id: '5b9ad6947d5a5c69d26dc5fa624bf67e') in 0.032014 seconds 
  Import took 0.035923 seconds .

========================================================================
Received Import Request.
  Time since last request: 0.000319 seconds.
  path: Assets/Terrain&Light/ZerinLabs_enviroKit_RetroForest/Meshes/floorEdge_3vert.FBX
  artifactKey: Guid(7b7c92c6afbab61498899d3dad54fd7a) Importer(815301076,1909f56bfc062723c751e8b465ee728b)
Start importing Assets/Terrain&Light/ZerinLabs_enviroKit_RetroForest/Meshes/floorEdge_3vert.FBX using Guid(7b7c92c6afbab61498899d3dad54fd7a) Importer(815301076,1909f56bfc062723c751e8b465ee728b)  -> (artifact id: '715cefd3e0cb92e61e3da189ad1f1f69') in 0.025655 seconds 
  Import took 0.029609 seconds .

========================================================================
Received Import Request.
  Time since last request: 0.000486 seconds.
  path: Assets/POLY_Jungle/Textures/Surfaces/Surface_Paint03.mat
  artifactKey: Guid(509918a9ccaed154999894207582b3f1) Importer(815301076,1909f56bfc062723c751e8b465ee728b)
Start importing Assets/POLY_Jungle/Textures/Surfaces/Surface_Paint03.mat using Guid(509918a9ccaed154999894207582b3f1) Importer(815301076,1909f56bfc062723c751e8b465ee728b)  -> (artifact id: 'cca5fda705a34465b9aa39ab1d494b31') in 0.013203 seconds 
  Import took 0.018251 seconds .

========================================================================
Received Import Request.
  Time since last request: 0.000360 seconds.
  path: Assets/Terrain&Light/ADG_Textures/ground_vol1/ground12/ground12.mat
  artifactKey: Guid(43f38029a9368894a9fb4dd19ce0bfcd) Importer(815301076,1909f56bfc062723c751e8b465ee728b)
Start importing Assets/Terrain&Light/ADG_Textures/ground_vol1/ground12/ground12.mat using Guid(43f38029a9368894a9fb4dd19ce0bfcd) Importer(815301076,1909f56bfc062723c751e8b465ee728b)  -> (artifact id: '0b96016386d37cc2d4e9f30c576f04d3') in 0.118029 seconds 
  Import took 0.121874 seconds .

========================================================================
Received Import Request.
  Time since last request: 0.000387 seconds.
  path: Assets/POLY_Jungle/Textures/Surfaces/Surface_SandStone02.mat
  artifactKey: Guid(7e409fdfe6aa7744c9263293358d58e1) Importer(815301076,1909f56bfc062723c751e8b465ee728b)
Start importing Assets/POLY_Jungle/Textures/Surfaces/Surface_SandStone02.mat using Guid(7e409fdfe6aa7744c9263293358d58e1) Importer(815301076,1909f56bfc062723c751e8b465ee728b)  -> (artifact id: 'f98a2681aa1390450bb65962560c2768') in 0.013725 seconds 
  Import took 0.017809 seconds .

========================================================================
Received Import Request.
  Time since last request: 0.000394 seconds.
  path: Assets/Decoration/BrokenVector/UltimateDungeonPack/Models/Furniture/Chest_Closed.fbx
  artifactKey: Guid(49a09859e5b53d74b8038a042b0e7d3b) Importer(815301076,1909f56bfc062723c751e8b465ee728b)
Start importing Assets/Decoration/BrokenVector/UltimateDungeonPack/Models/Furniture/Chest_Closed.fbx using Guid(49a09859e5b53d74b8038a042b0e7d3b) Importer(815301076,1909f56bfc062723c751e8b465ee728b)  -> (artifact id: 'c4172d733045ee6daba9dfcfd72c3b68') in 0.032252 seconds 
  Import took 0.036612 seconds .

========================================================================
Received Import Request.
  Time since last request: 0.000346 seconds.
  path: Assets/Terrain&Light/ZerinLabs_enviroKit_RetroForest/Meshes/wallMini_cornerOut.FBX
  artifactKey: Guid(e6acc74d2dca97b4a9d57fb44c4c52e2) Importer(815301076,1909f56bfc062723c751e8b465ee728b)
Start importing Assets/Terrain&Light/ZerinLabs_enviroKit_RetroForest/Meshes/wallMini_cornerOut.FBX using Guid(e6acc74d2dca97b4a9d57fb44c4c52e2) Importer(815301076,1909f56bfc062723c751e8b465ee728b)  -> (artifact id: '31f4f792728feb1ec7f2290dd9001af8') in 0.027666 seconds 
  Import took 0.032979 seconds .

========================================================================
Received Import Request.
  Time since last request: 0.000300 seconds.
  path: Assets/Terrain&Light/ZerinLabs_enviroKit_RetroForest/Meshes/wall_B.FBX
  artifactKey: Guid(27febafe2c9f13c45bd0dddca86424b8) Importer(815301076,1909f56bfc062723c751e8b465ee728b)
Start importing Assets/Terrain&Light/ZerinLabs_enviroKit_RetroForest/Meshes/wall_B.FBX using Guid(27febafe2c9f13c45bd0dddca86424b8) Importer(815301076,1909f56bfc062723c751e8b465ee728b)  -> (artifact id: '332f40a61f058dc0091c0e83667fb443') in 0.029168 seconds 
  Import took 0.033507 seconds .

========================================================================
Received Import Request.
  Time since last request: 0.000320 seconds.
  path: Assets/POLY_Jungle/Textures/Surfaces/Vegetation_FungiYellow.mat
  artifactKey: Guid(1b1a31fc9fde53b4e863d6f1a145c135) Importer(815301076,1909f56bfc062723c751e8b465ee728b)
Start importing Assets/POLY_Jungle/Textures/Surfaces/Vegetation_FungiYellow.mat using Guid(1b1a31fc9fde53b4e863d6f1a145c135) Importer(815301076,1909f56bfc062723c751e8b465ee728b)  -> (artifact id: '7ddef6293a1bb69d99a548efaf8a4938') in 0.014682 seconds 
  Import took 0.019382 seconds .

========================================================================
Received Import Request.
  Time since last request: 0.000342 seconds.
  path: Assets/Decoration/BrokenVector/UltimateDungeonPack/Models/Tiles/DoorGate_Wooden_Right.fbx
  artifactKey: Guid(110f6d8e91c66694890d90e521d16455) Importer(815301076,1909f56bfc062723c751e8b465ee728b)
Start importing Assets/Decoration/BrokenVector/UltimateDungeonPack/Models/Tiles/DoorGate_Wooden_Right.fbx using Guid(110f6d8e91c66694890d90e521d16455) Importer(815301076,1909f56bfc062723c751e8b465ee728b)  -> (artifact id: 'cf3d02f07dd94c8be8bf12b0c3676621') in 0.031685 seconds 
  Import took 0.035446 seconds .

========================================================================
Received Import Request.
  Time since last request: 0.000353 seconds.
  path: Assets/Terrain&Light/ZerinLabs_enviroKit_RetroForest/Meshes/wall_cornerInCap_B.FBX
  artifactKey: Guid(6aabf5861aaed1145bb09f1c1d8cd2c6) Importer(815301076,1909f56bfc062723c751e8b465ee728b)
Start importing Assets/Terrain&Light/ZerinLabs_enviroKit_RetroForest/Meshes/wall_cornerInCap_B.FBX using Guid(6aabf5861aaed1145bb09f1c1d8cd2c6) Importer(815301076,1909f56bfc062723c751e8b465ee728b)  -> (artifact id: 'e79e3f79065905fb5ee0877cb1b3318e') in 0.024096 seconds 
  Import took 0.027577 seconds .

========================================================================
Received Import Request.
  Time since last request: 0.000289 seconds.
  path: Assets/POLY_Jungle/Textures/Surfaces/Vegetation_FungiBrown.mat
  artifactKey: Guid(5850f195301cb1440ae75141d54973cd) Importer(815301076,1909f56bfc062723c751e8b465ee728b)
Start importing Assets/POLY_Jungle/Textures/Surfaces/Vegetation_FungiBrown.mat using Guid(5850f195301cb1440ae75141d54973cd) Importer(815301076,1909f56bfc062723c751e8b465ee728b)  -> (artifact id: 'd2dfda306e3c4f44bf514ddbe11ac5d7') in 0.013286 seconds 
  Import took 0.017164 seconds .

========================================================================
Received Import Request.
  Time since last request: 0.000362 seconds.
  path: Assets/Decoration/LowPolyDungeonsLite/Materials/LowPolyDungeonsLite_Light.mat
  artifactKey: Guid(2f12fcec4b3dcc0489472b3a9cfa44c1) Importer(815301076,1909f56bfc062723c751e8b465ee728b)
Start importing Assets/Decoration/LowPolyDungeonsLite/Materials/LowPolyDungeonsLite_Light.mat using Guid(2f12fcec4b3dcc0489472b3a9cfa44c1) Importer(815301076,1909f56bfc062723c751e8b465ee728b)  -> (artifact id: '6ef44703e358fb9437799e1ad4d97848') in 0.166233 seconds 
  Import took 0.171700 seconds .

========================================================================
Received Import Request.
  Time since last request: 0.000402 seconds.
  path: Assets/Decoration/BrokenVector/UltimateDungeonPack/Models/Tiles/Dungeon_Custom_Corner_Arched.fbx
  artifactKey: Guid(e4178b2a02913d842aedef2eb60d1985) Importer(815301076,1909f56bfc062723c751e8b465ee728b)
Start importing Assets/Decoration/BrokenVector/UltimateDungeonPack/Models/Tiles/Dungeon_Custom_Corner_Arched.fbx using Guid(e4178b2a02913d842aedef2eb60d1985) Importer(815301076,1909f56bfc062723c751e8b465ee728b)  -> (artifact id: '9ee33076c59ee375b789c319ac61023a') in 0.036221 seconds 
  Import took 0.313506 seconds .

========================================================================
Received Import Request.
  Time since last request: 0.000593 seconds.
  path: Assets/Decoration/BrokenVector/UltimateDungeonPack/Models/Tiles/Basement_Wall_Var1.fbx
  artifactKey: Guid(07d8ac3c883232446bcd9a3222fbff1f) Importer(815301076,1909f56bfc062723c751e8b465ee728b)
Start importing Assets/Decoration/BrokenVector/UltimateDungeonPack/Models/Tiles/Basement_Wall_Var1.fbx using Guid(07d8ac3c883232446bcd9a3222fbff1f) Importer(815301076,1909f56bfc062723c751e8b465ee728b)  -> (artifact id: '572f6ebd4caf11870e575d7da78deb34') in 0.037756 seconds 
  Import took 0.042588 seconds .

========================================================================
Received Import Request.
  Time since last request: 0.000288 seconds.
  path: Assets/NPCs/Cartoon Heroes/Female/3D/Legs/Legs_3/Materials/Female_Legs_3_Brown.mat
  artifactKey: Guid(3b179c814ee420f408a2e55464b8b3a8) Importer(815301076,1909f56bfc062723c751e8b465ee728b)
Start importing Assets/NPCs/Cartoon Heroes/Female/3D/Legs/Legs_3/Materials/Female_Legs_3_Brown.mat using Guid(3b179c814ee420f408a2e55464b8b3a8) Importer(815301076,1909f56bfc062723c751e8b465ee728b)  -> (artifact id: 'b3c9032a3bdd372561975f3d1cfe79d5') in 0.044961 seconds 
  Import took 0.048490 seconds .

========================================================================
Received Import Request.
  Time since last request: 0.000298 seconds.
  path: Assets/Standard Assets/Environment/Water/Water4/Materials/Water4Simple.mat
  artifactKey: Guid(656fde119942645aa8e062e04c119aa1) Importer(815301076,1909f56bfc062723c751e8b465ee728b)
Start importing Assets/Standard Assets/Environment/Water/Water4/Materials/Water4Simple.mat using Guid(656fde119942645aa8e062e04c119aa1) Importer(815301076,1909f56bfc062723c751e8b465ee728b)  -> (artifact id: 'e2dd575334f8a0d4b228c4b3d0934abb') in 0.017623 seconds 
  Import took 0.022438 seconds .

========================================================================
Received Import Request.
  Time since last request: 0.000453 seconds.
  path: Assets/Decoration/BrokenVector/UltimateDungeonPack/Models/Tiles/Stairs_Platform.fbx
  artifactKey: Guid(99e55592c6d88984cb6b00f2455032dc) Importer(815301076,1909f56bfc062723c751e8b465ee728b)
Start importing Assets/Decoration/BrokenVector/UltimateDungeonPack/Models/Tiles/Stairs_Platform.fbx using Guid(99e55592c6d88984cb6b00f2455032dc) Importer(815301076,1909f56bfc062723c751e8b465ee728b)  -> (artifact id: '4f23f2537a68a91f11362379b13ccab3') in 0.032746 seconds 
  Import took 0.036626 seconds .

========================================================================
Received Import Request.
  Time since last request: 0.000331 seconds.
  path: Assets/Terrain&Light/ZerinLabs_enviroKit_RetroForest/Meshes/wallHole_2walls_A.FBX
  artifactKey: Guid(036edd60241fc02479a81c1bf2fc81fd) Importer(815301076,1909f56bfc062723c751e8b465ee728b)
Start importing Assets/Terrain&Light/ZerinLabs_enviroKit_RetroForest/Meshes/wallHole_2walls_A.FBX using Guid(036edd60241fc02479a81c1bf2fc81fd) Importer(815301076,1909f56bfc062723c751e8b465ee728b)  -> (artifact id: '508bca4a72539d6ee85452bc232bc420') in 0.024443 seconds 
  Import took 0.028536 seconds .

========================================================================
Received Import Request.
  Time since last request: 0.000449 seconds.
  path: Assets/Terrain&Light/Village/Materials/wooden_wall_d1.mat
  artifactKey: Guid(afaf94f617ad2644393b59568d406008) Importer(815301076,1909f56bfc062723c751e8b465ee728b)
Start importing Assets/Terrain&Light/Village/Materials/wooden_wall_d1.mat using Guid(afaf94f617ad2644393b59568d406008) Importer(815301076,1909f56bfc062723c751e8b465ee728b)  -> (artifact id: '216055e1ff2627cea519b4c59fca98e2') in 0.021570 seconds 
  Import took 0.026219 seconds .

========================================================================
Received Import Request.
  Time since last request: 0.000321 seconds.
  path: Assets/Terrain&Light/ZerinLabs_enviroKit_RetroForest/Meshes/deco_gravel_A_grass.FBX
  artifactKey: Guid(83c30f3f4f1ad1945a2434f784e07fc0) Importer(815301076,1909f56bfc062723c751e8b465ee728b)
Start importing Assets/Terrain&Light/ZerinLabs_enviroKit_RetroForest/Meshes/deco_gravel_A_grass.FBX using Guid(83c30f3f4f1ad1945a2434f784e07fc0) Importer(815301076,1909f56bfc062723c751e8b465ee728b)  -> (artifact id: '4b9fbe7b7fc966466e173ab61bf9aade') in 0.026659 seconds 
  Import took 0.032288 seconds .

========================================================================
Received Import Request.
  Time since last request: 0.000388 seconds.
  path: Assets/Terrain&Light/ZerinLabs_enviroKit_RetroForest/Meshes/deco_ivy_wall.FBX
  artifactKey: Guid(a393e8b7d5031964791995c41c605904) Importer(815301076,1909f56bfc062723c751e8b465ee728b)
Start importing Assets/Terrain&Light/ZerinLabs_enviroKit_RetroForest/Meshes/deco_ivy_wall.FBX using Guid(a393e8b7d5031964791995c41c605904) Importer(815301076,1909f56bfc062723c751e8b465ee728b)  -> (artifact id: 'b09755d8e8c838322e6a0768c0a41c2f') in 0.027974 seconds 
  Import took 0.032185 seconds .

========================================================================
Received Import Request.
  Time since last request: 0.000286 seconds.
  path: Assets/Terrain&Light/ZerinLabs_enviroKit_RetroForest/Meshes/deco_flowersSmall_red.FBX
  artifactKey: Guid(f0a8830b29e001046ac4c621dffe7ded) Importer(815301076,1909f56bfc062723c751e8b465ee728b)
Start importing Assets/Terrain&Light/ZerinLabs_enviroKit_RetroForest/Meshes/deco_flowersSmall_red.FBX using Guid(f0a8830b29e001046ac4c621dffe7ded) Importer(815301076,1909f56bfc062723c751e8b465ee728b)  -> (artifact id: 'de6286442b29b980b7c832e5640bc1c7') in 0.025664 seconds 
  Import took 0.030065 seconds .

========================================================================
Received Import Request.
  Time since last request: 0.000288 seconds.
  path: Assets/Terrain&Light/ADG_Textures/ground_vol1/ground10/ground10.mat
  artifactKey: Guid(43d91cc396861f443b5574aef062e3d3) Importer(815301076,1909f56bfc062723c751e8b465ee728b)
Start importing Assets/Terrain&Light/ADG_Textures/ground_vol1/ground10/ground10.mat using Guid(43d91cc396861f443b5574aef062e3d3) Importer(815301076,1909f56bfc062723c751e8b465ee728b)  -> (artifact id: '63ea1a47883068dede9b17cd6a2510ea') in 0.158024 seconds 
  Import took 0.161992 seconds .

========================================================================
Received Import Request.
  Time since last request: 0.000310 seconds.
  path: Assets/Terrain&Light/ZerinLabs_enviroKit_RetroForest/Meshes/floorEdge_3lines.FBX
  artifactKey: Guid(b36ddd83f2acd634a9293702542ccb1c) Importer(815301076,1909f56bfc062723c751e8b465ee728b)
Start importing Assets/Terrain&Light/ZerinLabs_enviroKit_RetroForest/Meshes/floorEdge_3lines.FBX using Guid(b36ddd83f2acd634a9293702542ccb1c) Importer(815301076,1909f56bfc062723c751e8b465ee728b)  -> (artifact id: 'ffe59928dde5a01a10f94f87eedbe549') in 0.026700 seconds 
  Import took 0.031643 seconds .

========================================================================
Received Import Request.
  Time since last request: 0.000402 seconds.
  path: Assets/POLY_Jungle/Textures/Surfaces/Surface_SandStone01.mat
  artifactKey: Guid(6650358e77480e340bb869c5efea42bc) Importer(815301076,1909f56bfc062723c751e8b465ee728b)
Start importing Assets/POLY_Jungle/Textures/Surfaces/Surface_SandStone01.mat using Guid(6650358e77480e340bb869c5efea42bc) Importer(815301076,1909f56bfc062723c751e8b465ee728b)  -> (artifact id: '776dad5a74e78b702a76764905e1450c') in 0.015834 seconds 
  Import took 0.020063 seconds .

========================================================================
Received Import Request.
  Time since last request: 0.000333 seconds.
  path: Assets/Decoration/BrokenVector/UltimateDungeonPack/Models/Objects/Bone.fbx
  artifactKey: Guid(b08e173721554e44285d4e3ab0acda13) Importer(815301076,1909f56bfc062723c751e8b465ee728b)
Start importing Assets/Decoration/BrokenVector/UltimateDungeonPack/Models/Objects/Bone.fbx using Guid(b08e173721554e44285d4e3ab0acda13) Importer(815301076,1909f56bfc062723c751e8b465ee728b)  -> (artifact id: '2201cd3637f735843a0d78de013c3457') in 0.025304 seconds 
  Import took 0.029404 seconds .

========================================================================
Received Import Request.
  Time since last request: 0.000289 seconds.
  path: Assets/Decoration/BrokenVector/UltimateDungeonPack/Models/Tiles/Basement_Wall_Var2.fbx
  artifactKey: Guid(5bfb915843a9ff74d9bea72ce38a0a89) Importer(815301076,1909f56bfc062723c751e8b465ee728b)
Start importing Assets/Decoration/BrokenVector/UltimateDungeonPack/Models/Tiles/Basement_Wall_Var2.fbx using Guid(5bfb915843a9ff74d9bea72ce38a0a89) Importer(815301076,1909f56bfc062723c751e8b465ee728b)  -> (artifact id: 'fee362d9ae04d1055b4db1dad1d2dee1') in 0.035827 seconds 
  Import took 0.039926 seconds .

========================================================================
Received Import Request.
  Time since last request: 0.000332 seconds.
  path: Assets/Standard Assets/Environment/SpeedTree/Broadleaf/Broadleaf_Desktop Materials/LOD1/Branches_0.mat
  artifactKey: Guid(4be5b19d42487c24f830c4ee36849a95) Importer(815301076,1909f56bfc062723c751e8b465ee728b)
Start importing Assets/Standard Assets/Environment/SpeedTree/Broadleaf/Broadleaf_Desktop Materials/LOD1/Branches_0.mat using Guid(4be5b19d42487c24f830c4ee36849a95) Importer(815301076,1909f56bfc062723c751e8b465ee728b)  -> (artifact id: '2ede4b00524a97f73df27fc355c73831') in 0.015482 seconds 
  Import took 0.019614 seconds .

========================================================================
Received Import Request.
  Time since last request: 0.000313 seconds.
  path: Assets/Decoration/BrokenVector/UltimateDungeonPack/Models/Tiles/Balcony_Railing.fbx
  artifactKey: Guid(b1cfd52e76785524c8551b29a7d4fd9b) Importer(815301076,1909f56bfc062723c751e8b465ee728b)
Start importing Assets/Decoration/BrokenVector/UltimateDungeonPack/Models/Tiles/Balcony_Railing.fbx using Guid(b1cfd52e76785524c8551b29a7d4fd9b) Importer(815301076,1909f56bfc062723c751e8b465ee728b)  -> (artifact id: 'b7876d4f751f15bf9fbe64adfd126b6b') in 0.026055 seconds 
  Import took 0.030256 seconds .

========================================================================
Received Import Request.
  Time since last request: 0.000390 seconds.
  path: Assets/Terrain&Light/ZerinLabs_enviroKit_RetroForest/Meshes/deco_flowersSmall_blue.FBX
  artifactKey: Guid(1e9f9aa8bd0ae644ebcb7388117a9fbe) Importer(815301076,1909f56bfc062723c751e8b465ee728b)
Start importing Assets/Terrain&Light/ZerinLabs_enviroKit_RetroForest/Meshes/deco_flowersSmall_blue.FBX using Guid(1e9f9aa8bd0ae644ebcb7388117a9fbe) Importer(815301076,1909f56bfc062723c751e8b465ee728b)  -> (artifact id: '66fbebf4dabbc023eae43c99ff168fd8') in 0.044105 seconds 
  Import took 0.048298 seconds .

========================================================================
Received Import Request.
  Time since last request: 0.000375 seconds.
  path: Assets/Terrain&Light/ADG_Textures/ground_vol1/ground13/ground13.mat
  artifactKey: Guid(2785d3e261e963c4793fc5970256592e) Importer(815301076,1909f56bfc062723c751e8b465ee728b)
Start importing Assets/Terrain&Light/ADG_Textures/ground_vol1/ground13/ground13.mat using Guid(2785d3e261e963c4793fc5970256592e) Importer(815301076,1909f56bfc062723c751e8b465ee728b)  -> (artifact id: '4534f9f21294f630e2f559a5864eb6a3') in 0.113786 seconds 
  Import took 0.118893 seconds .

========================================================================
Received Import Request.
  Time since last request: 0.000481 seconds.
  path: Assets/Decoration/BrokenVector/UltimateDungeonPack/Models/Furniture/Shelf.fbx
  artifactKey: Guid(36e948af173868141a822ed806b581c0) Importer(815301076,1909f56bfc062723c751e8b465ee728b)
Start importing Assets/Decoration/BrokenVector/UltimateDungeonPack/Models/Furniture/Shelf.fbx using Guid(36e948af173868141a822ed806b581c0) Importer(815301076,1909f56bfc062723c751e8b465ee728b)  -> (artifact id: '7cc70eab48f8316598590e25aa674969') in 0.026722 seconds 
  Import took 0.031228 seconds .

========================================================================
Received Import Request.
  Time since last request: 0.000435 seconds.
  path: Assets/Decoration/BrokenVector/UltimateDungeonPack/Models/Furniture/Cauldron_Empty.fbx
  artifactKey: Guid(0b6871c7b1cb6a244a438bb3ba423e06) Importer(815301076,1909f56bfc062723c751e8b465ee728b)
Start importing Assets/Decoration/BrokenVector/UltimateDungeonPack/Models/Furniture/Cauldron_Empty.fbx using Guid(0b6871c7b1cb6a244a438bb3ba423e06) Importer(815301076,1909f56bfc062723c751e8b465ee728b)  -> (artifact id: 'ef3356bd0530806725ea6c434a7055e0') in 0.035171 seconds 
  Import took 0.039939 seconds .

========================================================================
Received Import Request.
  Time since last request: 0.000406 seconds.
  path: Assets/Decoration/BrokenVector/UltimateDungeonPack/Models/Objects/Knife.fbx
  artifactKey: Guid(122018831a92b5f49a92b2094a4062d0) Importer(815301076,1909f56bfc062723c751e8b465ee728b)
Start importing Assets/Decoration/BrokenVector/UltimateDungeonPack/Models/Objects/Knife.fbx using Guid(122018831a92b5f49a92b2094a4062d0) Importer(815301076,1909f56bfc062723c751e8b465ee728b)  -> (artifact id: '90bb62d3ed10036f0ee9948096fe26b4') in 0.039221 seconds 
  Import took 0.043196 seconds .

========================================================================
Received Import Request.
  Time since last request: 0.000284 seconds.
  path: Assets/Decoration/BrokenVector/UltimateDungeonPack/Materials/Candles.mat
  artifactKey: Guid(608d5ffbcc8ba6d4da4dcc0224fef9ea) Importer(815301076,1909f56bfc062723c751e8b465ee728b)
Start importing Assets/Decoration/BrokenVector/UltimateDungeonPack/Materials/Candles.mat using Guid(608d5ffbcc8ba6d4da4dcc0224fef9ea) Importer(815301076,1909f56bfc062723c751e8b465ee728b)  -> (artifact id: '7944784f8680b8c452b5acc0aadcda09') in 0.014832 seconds 
  Import took 0.018853 seconds .

========================================================================
Received Import Request.
  Time since last request: 0.000310 seconds.
  path: Assets/Decoration/BrokenVector/UltimateDungeonPack/Models/Objects/Book_Big_DeepRed.fbx
  artifactKey: Guid(32184c617bf8b624d8d54af843ec427c) Importer(815301076,1909f56bfc062723c751e8b465ee728b)
Start importing Assets/Decoration/BrokenVector/UltimateDungeonPack/Models/Objects/Book_Big_DeepRed.fbx using Guid(32184c617bf8b624d8d54af843ec427c) Importer(815301076,1909f56bfc062723c751e8b465ee728b)  -> (artifact id: 'aab23dcfeb6d46f6cfe5e25fddd7b26c') in 0.031048 seconds 
  Import took 0.034985 seconds .

========================================================================
Received Import Request.
  Time since last request: 0.000322 seconds.
  path: Assets/Terrain&Light/ZerinLabs_enviroKit_RetroForest/Meshes/wallHole_1wall_A.FBX
  artifactKey: Guid(cf1c068ebf0bb0843a8e1b3087fe8c96) Importer(815301076,1909f56bfc062723c751e8b465ee728b)
Start importing Assets/Terrain&Light/ZerinLabs_enviroKit_RetroForest/Meshes/wallHole_1wall_A.FBX using Guid(cf1c068ebf0bb0843a8e1b3087fe8c96) Importer(815301076,1909f56bfc062723c751e8b465ee728b)  -> (artifact id: '064559ec6aa4fd9644045585cfcaa9b0') in 0.024530 seconds 
  Import took 0.028853 seconds .

========================================================================
Received Import Request.
  Time since last request: 0.000288 seconds.
  path: Assets/Decoration/BrokenVector/UltimateDungeonPack/Models/Tiles/Stairs_High.fbx
  artifactKey: Guid(bfcfcf03589499346b24e110b74a3822) Importer(815301076,1909f56bfc062723c751e8b465ee728b)
Start importing Assets/Decoration/BrokenVector/UltimateDungeonPack/Models/Tiles/Stairs_High.fbx using Guid(bfcfcf03589499346b24e110b74a3822) Importer(815301076,1909f56bfc062723c751e8b465ee728b)  -> (artifact id: '38d3286da2e52006db55ed5d8ad7b63f') in 0.031259 seconds 
  Import took 0.035130 seconds .

========================================================================
Received Import Request.
  Time since last request: 0.000290 seconds.
  path: Assets/Terrain&Light/ZerinLabs_enviroKit_RetroForest/Meshes/deco_boulder_round.FBX
  artifactKey: Guid(ab8af54ef9a34f84090ecb7f9cff79a6) Importer(815301076,1909f56bfc062723c751e8b465ee728b)
Start importing Assets/Terrain&Light/ZerinLabs_enviroKit_RetroForest/Meshes/deco_boulder_round.FBX using Guid(ab8af54ef9a34f84090ecb7f9cff79a6) Importer(815301076,1909f56bfc062723c751e8b465ee728b)  -> (artifact id: '8aa03b0834024395307ee08bf0ce0ef1') in 0.026130 seconds 
  Import took 0.029804 seconds .

========================================================================
Received Import Request.
  Time since last request: 0.000286 seconds.
  path: Assets/POLY_Jungle/Textures/Surfaces/Surface_Snow.mat
  artifactKey: Guid(061891006f2d9b84da02de0a131079b1) Importer(815301076,1909f56bfc062723c751e8b465ee728b)
Start importing Assets/POLY_Jungle/Textures/Surfaces/Surface_Snow.mat using Guid(061891006f2d9b84da02de0a131079b1) Importer(815301076,1909f56bfc062723c751e8b465ee728b)  -> (artifact id: '93a59887109f90eaf905c93de7c2e89b') in 0.013047 seconds 
  Import took 0.017489 seconds .

========================================================================
Received Import Request.
  Time since last request: 0.000513 seconds.
  path: Assets/Terrain&Light/ZerinLabs_enviroKit_RetroForest/Meshes/wallHole_all_A.FBX
  artifactKey: Guid(00efc35505094324e8f73bb7b8cfcb30) Importer(815301076,1909f56bfc062723c751e8b465ee728b)
Start importing Assets/Terrain&Light/ZerinLabs_enviroKit_RetroForest/Meshes/wallHole_all_A.FBX using Guid(00efc35505094324e8f73bb7b8cfcb30) Importer(815301076,1909f56bfc062723c751e8b465ee728b)  -> (artifact id: '3a3545a9f29b68c5f3d4d6eca3650ab6') in 0.024061 seconds 
  Import took 0.028941 seconds .

========================================================================
Received Import Request.
  Time since last request: 0.000369 seconds.
  path: Assets/Terrain&Light/ZerinLabs_enviroKit_RetroForest/Meshes/deco_grass_cut.FBX
  artifactKey: Guid(3fd673d642bb0d34c913924d7f75dc52) Importer(815301076,1909f56bfc062723c751e8b465ee728b)
Start importing Assets/Terrain&Light/ZerinLabs_enviroKit_RetroForest/Meshes/deco_grass_cut.FBX using Guid(3fd673d642bb0d34c913924d7f75dc52) Importer(815301076,1909f56bfc062723c751e8b465ee728b)  -> (artifact id: 'ddb1e923794d96fd42c5866cdfa8773a') in 0.026504 seconds 
  Import took 0.030426 seconds .

========================================================================
Received Import Request.
  Time since last request: 0.000285 seconds.
  path: Assets/Decoration/BrokenVector/UltimateDungeonPack/Models/Tiles/Basement_Var3.fbx
  artifactKey: Guid(0c7dbb34fba6e4047ac74337acfb235d) Importer(815301076,1909f56bfc062723c751e8b465ee728b)
Start importing Assets/Decoration/BrokenVector/UltimateDungeonPack/Models/Tiles/Basement_Var3.fbx using Guid(0c7dbb34fba6e4047ac74337acfb235d) Importer(815301076,1909f56bfc062723c751e8b465ee728b)  -> (artifact id: '96f066c7a7d23d8d472a1adbddb02f95') in 0.046655 seconds 
  Import took 0.050565 seconds .

========================================================================
Received Import Request.
  Time since last request: 0.000286 seconds.
  path: Assets/Decoration/BrokenVector/UltimateDungeonPack/Models/Furniture/Chest_Open.fbx
  artifactKey: Guid(2cad80ea5a6dc0841ac8bf6b7234808d) Importer(815301076,1909f56bfc062723c751e8b465ee728b)
Start importing Assets/Decoration/BrokenVector/UltimateDungeonPack/Models/Furniture/Chest_Open.fbx using Guid(2cad80ea5a6dc0841ac8bf6b7234808d) Importer(815301076,1909f56bfc062723c751e8b465ee728b)  -> (artifact id: '10cf28e43d1409cb88a911b7851b2f86') in 0.030950 seconds 
  Import took 0.034563 seconds .

========================================================================
Received Import Request.
  Time since last request: 0.000293 seconds.
  path: Assets/Decoration/BrokenVector/UltimateDungeonPack/Models/Objects/Book_Small_Red.fbx
  artifactKey: Guid(a7c3956a09720fe49a2dc5e04a686b5a) Importer(815301076,1909f56bfc062723c751e8b465ee728b)
Start importing Assets/Decoration/BrokenVector/UltimateDungeonPack/Models/Objects/Book_Small_Red.fbx using Guid(a7c3956a09720fe49a2dc5e04a686b5a) Importer(815301076,1909f56bfc062723c751e8b465ee728b)  -> (artifact id: 'ff74642275b417432407e2efced91494') in 0.029801 seconds 
  Import took 0.033435 seconds .

========================================================================
Received Import Request.
  Time since last request: 0.000282 seconds.
  path: Assets/NPCs/Cartoon Heroes/Male/3D/Legs/Base Legs/Materials/Male_Base_Legs_Light.mat
  artifactKey: Guid(f7eb11e091042684182d66076672e377) Importer(815301076,1909f56bfc062723c751e8b465ee728b)
Start importing Assets/NPCs/Cartoon Heroes/Male/3D/Legs/Base Legs/Materials/Male_Base_Legs_Light.mat using Guid(f7eb11e091042684182d66076672e377) Importer(815301076,1909f56bfc062723c751e8b465ee728b)  -> (artifact id: '828a266fa3fb036f77a0cab9376a45b8') in 0.021066 seconds 
  Import took 0.025685 seconds .

========================================================================
Received Import Request.
  Time since last request: 0.000316 seconds.
  path: Assets/Decoration/BrokenVector/UltimateDungeonPack/Models/Tiles/Basement_Passage_Mix.fbx
  artifactKey: Guid(0d0e4e73b580de04bb4995efc1902369) Importer(815301076,1909f56bfc062723c751e8b465ee728b)
Start importing Assets/Decoration/BrokenVector/UltimateDungeonPack/Models/Tiles/Basement_Passage_Mix.fbx using Guid(0d0e4e73b580de04bb4995efc1902369) Importer(815301076,1909f56bfc062723c751e8b465ee728b)  -> (artifact id: 'ff67dcc7b8c6b333faa72ab465926db6') in 0.039036 seconds 
  Import took 0.042718 seconds .

========================================================================
Received Import Request.
  Time since last request: 0.000291 seconds.
  path: Assets/Standard Assets/Environment/Water/Water4/Materials/Water4Advanced.mat
  artifactKey: Guid(a5f2339f242f6cc41a982ec55ea3c201) Importer(815301076,1909f56bfc062723c751e8b465ee728b)
Start importing Assets/Standard Assets/Environment/Water/Water4/Materials/Water4Advanced.mat using Guid(a5f2339f242f6cc41a982ec55ea3c201) Importer(815301076,1909f56bfc062723c751e8b465ee728b)  -> (artifact id: '357558b67b45a295e35bea8fca20987b') in 0.017950 seconds 
  Import took 0.021937 seconds .

========================================================================
Received Import Request.
  Time since last request: 0.000313 seconds.
  path: Assets/Decoration/BrokenVector/UltimateDungeonPack/Models/Furniture/Desk.fbx
  artifactKey: Guid(5b206fed98dd6d041b1c804df7d42011) Importer(815301076,1909f56bfc062723c751e8b465ee728b)
Start importing Assets/Decoration/BrokenVector/UltimateDungeonPack/Models/Furniture/Desk.fbx using Guid(5b206fed98dd6d041b1c804df7d42011) Importer(815301076,1909f56bfc062723c751e8b465ee728b)  -> (artifact id: '4dcd51a5d9b763d8498118c42c30c8b5') in 0.035536 seconds 
  Import took 0.039433 seconds .

========================================================================
Received Import Request.
  Time since last request: 0.000290 seconds.
  path: Assets/Terrain&Light/Lightning/3.2.Stars1024/Stars1024/Materials/xneg.mat
  artifactKey: Guid(a655925e59115cf4ba68ea8ea0d50dd1) Importer(815301076,1909f56bfc062723c751e8b465ee728b)
Start importing Assets/Terrain&Light/Lightning/3.2.Stars1024/Stars1024/Materials/xneg.mat using Guid(a655925e59115cf4ba68ea8ea0d50dd1) Importer(815301076,1909f56bfc062723c751e8b465ee728b)  -> (artifact id: 'f4a68f3c1e30f3114d24db7a991bf095') in 0.017073 seconds 
  Import took 0.020790 seconds .

========================================================================
Received Import Request.
  Time since last request: 0.000304 seconds.
  path: Assets/Terrain&Light/ZerinLabs_enviroKit_RetroForest/Meshes/deco_tree_C.FBX
  artifactKey: Guid(ccb8be5d1145d4e4397c3d61a2a1a7bf) Importer(815301076,1909f56bfc062723c751e8b465ee728b)
Start importing Assets/Terrain&Light/ZerinLabs_enviroKit_RetroForest/Meshes/deco_tree_C.FBX using Guid(ccb8be5d1145d4e4397c3d61a2a1a7bf) Importer(815301076,1909f56bfc062723c751e8b465ee728b)  -> (artifact id: '4b25fce768fa0e552c7f79d935261bf3') in 0.025270 seconds 
  Import took 0.029433 seconds .

========================================================================
Received Import Request.
  Time since last request: 0.000327 seconds.
  path: Assets/POLY_Jungle/Textures/Surfaces/Surface_Sand01.mat
  artifactKey: Guid(0f1d5b19d97602b43b7a1bae7d9afd8a) Importer(815301076,1909f56bfc062723c751e8b465ee728b)
Start importing Assets/POLY_Jungle/Textures/Surfaces/Surface_Sand01.mat using Guid(0f1d5b19d97602b43b7a1bae7d9afd8a) Importer(815301076,1909f56bfc062723c751e8b465ee728b)  -> (artifact id: '85b4cbdb886c14517c7a2cf511b27278') in 0.015109 seconds 
  Import took 0.019750 seconds .

========================================================================
Received Import Request.
  Time since last request: 0.000306 seconds.
  path: Assets/Terrain&Light/ZerinLabs_enviroKit_RetroForest/Meshes/wall_cornerIn.FBX
  artifactKey: Guid(a4438a8ede1e65045b8f2af44f8e5587) Importer(815301076,1909f56bfc062723c751e8b465ee728b)
Start importing Assets/Terrain&Light/ZerinLabs_enviroKit_RetroForest/Meshes/wall_cornerIn.FBX using Guid(a4438a8ede1e65045b8f2af44f8e5587) Importer(815301076,1909f56bfc062723c751e8b465ee728b)  -> (artifact id: '1b0166d76937c2e7efabc1e6e5179384') in 0.025426 seconds 
  Import took 0.029643 seconds .

========================================================================
Received Import Request.
  Time since last request: 0.000290 seconds.
  path: Assets/Terrain&Light/Bitgem/Cube_World/_Materials/cube_mat_black.mat
  artifactKey: Guid(b5f0631906fb9044082e5d4b7b53481d) Importer(815301076,1909f56bfc062723c751e8b465ee728b)
Start importing Assets/Terrain&Light/Bitgem/Cube_World/_Materials/cube_mat_black.mat using Guid(b5f0631906fb9044082e5d4b7b53481d) Importer(815301076,1909f56bfc062723c751e8b465ee728b)  -> (artifact id: '8098dace2a534f2b94f93bb1c6abe926') in 0.020312 seconds 
  Import took 0.024857 seconds .

========================================================================
Received Import Request.
  Time since last request: 0.000320 seconds.
  path: Assets/Standard Assets/Environment/SpeedTree/Broadleaf/Broadleaf_Mobile Materials/LOD0/Branches_0.mat
  artifactKey: Guid(bfc1dabf45016eb46b99df1a78054924) Importer(815301076,1909f56bfc062723c751e8b465ee728b)
Start importing Assets/Standard Assets/Environment/SpeedTree/Broadleaf/Broadleaf_Mobile Materials/LOD0/Branches_0.mat using Guid(bfc1dabf45016eb46b99df1a78054924) Importer(815301076,1909f56bfc062723c751e8b465ee728b)  -> (artifact id: 'cbfd927b5042f02b312c0a961fcd2698') in 0.014709 seconds 
  Import took 0.018929 seconds .

========================================================================
Received Import Request.
  Time since last request: 0.000367 seconds.
  path: Assets/Standard Assets/Environment/SpeedTree/Broadleaf/Broadleaf_Desktop Materials/LOD2/Branches_0.mat
  artifactKey: Guid(b0d5705176a0d36419d034e2ea46491a) Importer(815301076,1909f56bfc062723c751e8b465ee728b)
Start importing Assets/Standard Assets/Environment/SpeedTree/Broadleaf/Broadleaf_Desktop Materials/LOD2/Branches_0.mat using Guid(b0d5705176a0d36419d034e2ea46491a) Importer(815301076,1909f56bfc062723c751e8b465ee728b)  -> (artifact id: '67b86ad09a7d142b2a6b46b99b22e9bb') in 0.014651 seconds 
  Import took 0.018957 seconds .

========================================================================
Received Import Request.
  Time since last request: 0.000612 seconds.
  path: Assets/POLY_Jungle/Textures/Surfaces/Vegetation_FungiOrange.mat
  artifactKey: Guid(8f703a980ad17994d9e0e15a95a4011d) Importer(815301076,1909f56bfc062723c751e8b465ee728b)
Start importing Assets/POLY_Jungle/Textures/Surfaces/Vegetation_FungiOrange.mat using Guid(8f703a980ad17994d9e0e15a95a4011d) Importer(815301076,1909f56bfc062723c751e8b465ee728b)  -> (artifact id: 'ff6043faf304a4cf771c5f9ae9cd04d7') in 0.013925 seconds 
  Import took 0.018038 seconds .

========================================================================
Received Import Request.
  Time since last request: 0.000344 seconds.
  path: Assets/NPCs/Cartoon Heroes/Female/3D/Legs/Legs_3/Materials/Female_Legs_3_Skin_Light.mat
  artifactKey: Guid(1bd40f27ff5070a40b4b0c304b6f8d03) Importer(815301076,1909f56bfc062723c751e8b465ee728b)
Start importing Assets/NPCs/Cartoon Heroes/Female/3D/Legs/Legs_3/Materials/Female_Legs_3_Skin_Light.mat using Guid(1bd40f27ff5070a40b4b0c304b6f8d03) Importer(815301076,1909f56bfc062723c751e8b465ee728b)  -> (artifact id: '2fa2bcc2e570881cc685b24352db2b3d') in 0.020557 seconds 
  Import took 0.024674 seconds .

========================================================================
Received Import Request.
  Time since last request: 0.000345 seconds.
  path: Assets/Decoration/BrokenVector/UltimateDungeonPack/Models/Lights/Torch_Wall.fbx
  artifactKey: Guid(fe2e85b4d6271d84797599c39656320c) Importer(815301076,1909f56bfc062723c751e8b465ee728b)
Start importing Assets/Decoration/BrokenVector/UltimateDungeonPack/Models/Lights/Torch_Wall.fbx using Guid(fe2e85b4d6271d84797599c39656320c) Importer(815301076,1909f56bfc062723c751e8b465ee728b)  -> (artifact id: '0bb61fab8a88eb08a242bfbdf28d63cb') in 0.033418 seconds 
  Import took 0.037619 seconds .

========================================================================
Received Import Request.
  Time since last request: 0.000294 seconds.
  path: Assets/Decoration/BrokenVector/UltimateDungeonPack/Models/Tiles/Hallway_TCrossing.fbx
  artifactKey: Guid(d68104bcc3c497440a2cb8a67c7295ac) Importer(815301076,1909f56bfc062723c751e8b465ee728b)
Start importing Assets/Decoration/BrokenVector/UltimateDungeonPack/Models/Tiles/Hallway_TCrossing.fbx using Guid(d68104bcc3c497440a2cb8a67c7295ac) Importer(815301076,1909f56bfc062723c751e8b465ee728b)  -> (artifact id: '3239bc35a32eed7bee16c6f3c099c030') in 0.038799 seconds 
  Import took 0.042818 seconds .

========================================================================
Received Import Request.
  Time since last request: 0.000470 seconds.
  path: Assets/Terrain&Light/ZerinLabs_enviroKit_RetroForest/Meshes/wall_cornerOutDouble.FBX
  artifactKey: Guid(8d2ac98d25016f94aa69c244072b9306) Importer(815301076,1909f56bfc062723c751e8b465ee728b)
Start importing Assets/Terrain&Light/ZerinLabs_enviroKit_RetroForest/Meshes/wall_cornerOutDouble.FBX using Guid(8d2ac98d25016f94aa69c244072b9306) Importer(815301076,1909f56bfc062723c751e8b465ee728b)  -> (artifact id: '2917a3d52b25888998b02379c6618ce8') in 0.028257 seconds 
  Import took 0.032308 seconds .

========================================================================
Received Prepare
Registering precompiled user dll's ...
Registered in 0.006685 seconds.
Begin MonoManager ReloadAssembly
Native extension for LinuxStandalone target not found
Native extension for WindowsStandalone target not found
Native extension for WebGL target not found
Refreshing native plugins compatible for Editor in 1.06 ms, found 2 plugins.
Preloading 0 native plugins for Editor in 0.00 ms.
Mono: successfully reloaded assembly
- Completed reload, in  1.375 seconds
Domain Reload Profiling:
	ReloadAssembly (1376ms)
		BeginReloadAssembly (163ms)
			ExecutionOrderSort (0ms)
			DisableScriptedObjects (5ms)
			BackupInstance (0ms)
			ReleaseScriptingObjects (0ms)
			CreateAndSetChildDomain (42ms)
		EndReloadAssembly (1108ms)
			LoadAssemblies (138ms)
			RebuildTransferFunctionScriptingTraits (0ms)
			SetupTypeCache (397ms)
			ReleaseScriptCaches (1ms)
			RebuildScriptCaches (71ms)
			SetupLoadedEditorAssemblies (373ms)
				LogAssemblyErrors (0ms)
				InitializePlatformSupportModulesInManaged (11ms)
				SetLoadedEditorAssemblies (1ms)
				RefreshPlugins (1ms)
				BeforeProcessingInitializeOnLoad (86ms)
				ProcessInitializeOnLoadAttributes (253ms)
				ProcessInitializeOnLoadMethodAttributes (4ms)
				AfterProcessingInitializeOnLoad (16ms)
				EditorAssembliesLoaded (0ms)
			ExecutionOrderSort2 (0ms)
			AwakeInstancesAfterBackupRestoration (8ms)
Platform modules already initialized, skipping
Refreshing native plugins compatible for Editor in 0.86 ms, found 2 plugins.
Preloading 0 native plugins for Editor in 0.00 ms.
Unloading 1470 Unused Serialized files (Serialized files now loaded: 0)
System memory in use before: 113.3 MB.
System memory in use after: 113.0 MB.

Unloading 13 unused Assets to reduce memory usage. Loaded Objects now: 2007.
Total: 3.590300 ms (FindLiveObjects: 0.193100 ms CreateObjectMapping: 0.064100 ms MarkObjects: 2.965900 ms  DeleteObjects: 0.365400 ms)

AssetImportParameters requested are different than current active one (requested -> active):
  custom:framework-win-MediaFoundation: 216162199b28c13a410421893ffa2e32 -> 
  custom:video-decoder-ogg-theora: a1e56fd34408186e4bbccfd4996cb3dc -> 
  custom:container-muxer-webm: aa71ff27fc2769a1b78a27578f13a17b -> 
  custom:container-demuxer-webm: 4f35f7cbe854078d1ac9338744f61a02 -> 
  custom:container-demuxer-ogg: 62fdf1f143b41e24485cea50d1cbac27 -> 
  custom:video-encoder-webm-vp8: eb34c28f22e8b96e1ab97ce403110664 -> 
  custom:video-decoder-webm-vp8: 9c59270c3fd7afecdb556c50c9e8de78 -> 
  custom:audio-decoder-ogg-vorbis: bf7c407c2cedff20999df2af8eb42d56 -> 
  custom:audio-encoder-webm-vorbis: bf7c407c2cedff20999df2af8eb42d56 -> 
========================================================================
Received Prepare
Registering precompiled user dll's ...
Registered in 0.007270 seconds.
Begin MonoManager ReloadAssembly
Native extension for LinuxStandalone target not found
Native extension for WindowsStandalone target not found
Native extension for WebGL target not found
Refreshing native plugins compatible for Editor in 1.01 ms, found 2 plugins.
Preloading 0 native plugins for Editor in 0.00 ms.
Mono: successfully reloaded assembly
- Completed reload, in  1.533 seconds
Domain Reload Profiling:
	ReloadAssembly (1534ms)
		BeginReloadAssembly (155ms)
			ExecutionOrderSort (0ms)
			DisableScriptedObjects (5ms)
			BackupInstance (0ms)
			ReleaseScriptingObjects (0ms)
			CreateAndSetChildDomain (39ms)
		EndReloadAssembly (1278ms)
			LoadAssemblies (139ms)
			RebuildTransferFunctionScriptingTraits (0ms)
			SetupTypeCache (448ms)
			ReleaseScriptCaches (2ms)
			RebuildScriptCaches (58ms)
			SetupLoadedEditorAssemblies (472ms)
				LogAssemblyErrors (0ms)
				InitializePlatformSupportModulesInManaged (13ms)
				SetLoadedEditorAssemblies (1ms)
				RefreshPlugins (1ms)
				BeforeProcessingInitializeOnLoad (98ms)
				ProcessInitializeOnLoadAttributes (332ms)
				ProcessInitializeOnLoadMethodAttributes (6ms)
				AfterProcessingInitializeOnLoad (20ms)
				EditorAssembliesLoaded (1ms)
			ExecutionOrderSort2 (0ms)
			AwakeInstancesAfterBackupRestoration (11ms)
Platform modules already initialized, skipping
Refreshing native plugins compatible for Editor in 1.35 ms, found 2 plugins.
Preloading 0 native plugins for Editor in 0.00 ms.
Unloading 1470 Unused Serialized files (Serialized files now loaded: 0)
System memory in use before: 113.3 MB.
System memory in use after: 113.1 MB.

Unloading 13 unused Assets to reduce memory usage. Loaded Objects now: 2009.
Total: 4.686200 ms (FindLiveObjects: 0.379500 ms CreateObjectMapping: 0.142800 ms MarkObjects: 3.772500 ms  DeleteObjects: 0.389600 ms)

AssetImportParameters requested are different than current active one (requested -> active):
  custom:framework-win-MediaFoundation: 216162199b28c13a410421893ffa2e32 -> 
  custom:video-decoder-ogg-theora: a1e56fd34408186e4bbccfd4996cb3dc -> 
  custom:container-muxer-webm: aa71ff27fc2769a1b78a27578f13a17b -> 
  custom:container-demuxer-webm: 4f35f7cbe854078d1ac9338744f61a02 -> 
  custom:container-demuxer-ogg: 62fdf1f143b41e24485cea50d1cbac27 -> 
  custom:video-encoder-webm-vp8: eb34c28f22e8b96e1ab97ce403110664 -> 
  custom:video-decoder-webm-vp8: 9c59270c3fd7afecdb556c50c9e8de78 -> 
  custom:audio-decoder-ogg-vorbis: bf7c407c2cedff20999df2af8eb42d56 -> 
  custom:audio-encoder-webm-vorbis: bf7c407c2cedff20999df2af8eb42d56 -> 
========================================================================
Received Prepare
Registering precompiled user dll's ...
Registered in 0.006584 seconds.
Begin MonoManager ReloadAssembly
Native extension for LinuxStandalone target not found
Native extension for WindowsStandalone target not found
Native extension for WebGL target not found
Refreshing native plugins compatible for Editor in 0.86 ms, found 2 plugins.
Preloading 0 native plugins for Editor in 0.00 ms.
Mono: successfully reloaded assembly
- Completed reload, in  1.215 seconds
Domain Reload Profiling:
	ReloadAssembly (1215ms)
		BeginReloadAssembly (160ms)
			ExecutionOrderSort (0ms)
			DisableScriptedObjects (5ms)
			BackupInstance (0ms)
			ReleaseScriptingObjects (0ms)
			CreateAndSetChildDomain (42ms)
		EndReloadAssembly (961ms)
			LoadAssemblies (138ms)
			RebuildTransferFunctionScriptingTraits (0ms)
			SetupTypeCache (339ms)
			ReleaseScriptCaches (1ms)
			RebuildScriptCaches (45ms)
			SetupLoadedEditorAssemblies (342ms)
				LogAssemblyErrors (0ms)
				InitializePlatformSupportModulesInManaged (11ms)
				SetLoadedEditorAssemblies (1ms)
				RefreshPlugins (1ms)
				BeforeProcessingInitializeOnLoad (74ms)
				ProcessInitializeOnLoadAttributes (235ms)
				ProcessInitializeOnLoadMethodAttributes (5ms)
				AfterProcessingInitializeOnLoad (16ms)
				EditorAssembliesLoaded (0ms)
			ExecutionOrderSort2 (0ms)
			AwakeInstancesAfterBackupRestoration (8ms)
Platform modules already initialized, skipping
Refreshing native plugins compatible for Editor in 0.90 ms, found 2 plugins.
Preloading 0 native plugins for Editor in 0.00 ms.
Unloading 1470 Unused Serialized files (Serialized files now loaded: 0)
System memory in use before: 113.3 MB.
System memory in use after: 113.0 MB.

Unloading 13 unused Assets to reduce memory usage. Loaded Objects now: 2011.
Total: 3.860000 ms (FindLiveObjects: 0.191300 ms CreateObjectMapping: 0.097400 ms MarkObjects: 3.161300 ms  DeleteObjects: 0.409000 ms)

AssetImportParameters requested are different than current active one (requested -> active):
  custom:framework-win-MediaFoundation: 216162199b28c13a410421893ffa2e32 -> 
  custom:video-decoder-ogg-theora: a1e56fd34408186e4bbccfd4996cb3dc -> 
  custom:container-muxer-webm: aa71ff27fc2769a1b78a27578f13a17b -> 
  custom:container-demuxer-webm: 4f35f7cbe854078d1ac9338744f61a02 -> 
  custom:container-demuxer-ogg: 62fdf1f143b41e24485cea50d1cbac27 -> 
  custom:video-encoder-webm-vp8: eb34c28f22e8b96e1ab97ce403110664 -> 
  custom:video-decoder-webm-vp8: 9c59270c3fd7afecdb556c50c9e8de78 -> 
  custom:audio-decoder-ogg-vorbis: bf7c407c2cedff20999df2af8eb42d56 -> 
  custom:audio-encoder-webm-vorbis: bf7c407c2cedff20999df2af8eb42d56 -> 
========================================================================
Received Prepare
Refreshing native plugins compatible for Editor in 6.09 ms, found 2 plugins.
Preloading 0 native plugins for Editor in 0.00 ms.
Unloading 11 Unused Serialized files (Serialized files now loaded: 0)
System memory in use before: 84.4 MB.
System memory in use after: 84.2 MB.

Unloading 11 unused Assets to reduce memory usage. Loaded Objects now: 2011.
Total: 4.594000 ms (FindLiveObjects: 0.290800 ms CreateObjectMapping: 0.141000 ms MarkObjects: 3.721100 ms  DeleteObjects: 0.440000 ms)

AssetImportParameters requested are different than current active one (requested -> active):
  custom:framework-win-MediaFoundation: 216162199b28c13a410421893ffa2e32 -> 
  custom:video-decoder-ogg-theora: a1e56fd34408186e4bbccfd4996cb3dc -> 
  custom:container-muxer-webm: aa71ff27fc2769a1b78a27578f13a17b -> 
  custom:container-demuxer-webm: 4f35f7cbe854078d1ac9338744f61a02 -> 
  custom:container-demuxer-ogg: 62fdf1f143b41e24485cea50d1cbac27 -> 
  custom:video-encoder-webm-vp8: eb34c28f22e8b96e1ab97ce403110664 -> 
  custom:video-decoder-webm-vp8: 9c59270c3fd7afecdb556c50c9e8de78 -> 
  custom:audio-decoder-ogg-vorbis: bf7c407c2cedff20999df2af8eb42d56 -> 
  custom:audio-encoder-webm-vorbis: bf7c407c2cedff20999df2af8eb42d56 -> 
========================================================================
Received Prepare
Registering precompiled user dll's ...
Registered in 0.006797 seconds.
Begin MonoManager ReloadAssembly
Native extension for LinuxStandalone target not found
Native extension for WindowsStandalone target not found
Native extension for WebGL target not found
Refreshing native plugins compatible for Editor in 0.85 ms, found 2 plugins.
Preloading 0 native plugins for Editor in 0.00 ms.
Mono: successfully reloaded assembly
- Completed reload, in  1.317 seconds
Domain Reload Profiling:
	ReloadAssembly (1318ms)
		BeginReloadAssembly (164ms)
			ExecutionOrderSort (0ms)
			DisableScriptedObjects (6ms)
			BackupInstance (0ms)
			ReleaseScriptingObjects (0ms)
			CreateAndSetChildDomain (40ms)
		EndReloadAssembly (1053ms)
			LoadAssemblies (147ms)
			RebuildTransferFunctionScriptingTraits (0ms)
			SetupTypeCache (369ms)
			ReleaseScriptCaches (1ms)
			RebuildScriptCaches (49ms)
			SetupLoadedEditorAssemblies (369ms)
				LogAssemblyErrors (0ms)
				InitializePlatformSupportModulesInManaged (11ms)
				SetLoadedEditorAssemblies (1ms)
				RefreshPlugins (1ms)
				BeforeProcessingInitializeOnLoad (75ms)
				ProcessInitializeOnLoadAttributes (261ms)
				ProcessInitializeOnLoadMethodAttributes (4ms)
				AfterProcessingInitializeOnLoad (16ms)
				EditorAssembliesLoaded (0ms)
			ExecutionOrderSort2 (0ms)
			AwakeInstancesAfterBackupRestoration (9ms)
Platform modules already initialized, skipping
Refreshing native plugins compatible for Editor in 0.95 ms, found 2 plugins.
Preloading 0 native plugins for Editor in 0.00 ms.
Unloading 1470 Unused Serialized files (Serialized files now loaded: 0)
System memory in use before: 113.3 MB.
System memory in use after: 113.0 MB.

Unloading 13 unused Assets to reduce memory usage. Loaded Objects now: 2013.
Total: 3.910000 ms (FindLiveObjects: 0.208800 ms CreateObjectMapping: 0.109100 ms MarkObjects: 3.192100 ms  DeleteObjects: 0.398800 ms)

AssetImportParameters requested are different than current active one (requested -> active):
  custom:framework-win-MediaFoundation: 216162199b28c13a410421893ffa2e32 -> 
  custom:video-decoder-ogg-theora: a1e56fd34408186e4bbccfd4996cb3dc -> 
  custom:container-muxer-webm: aa71ff27fc2769a1b78a27578f13a17b -> 
  custom:container-demuxer-webm: 4f35f7cbe854078d1ac9338744f61a02 -> 
  custom:container-demuxer-ogg: 62fdf1f143b41e24485cea50d1cbac27 -> 
  custom:video-encoder-webm-vp8: eb34c28f22e8b96e1ab97ce403110664 -> 
  custom:video-decoder-webm-vp8: 9c59270c3fd7afecdb556c50c9e8de78 -> 
  custom:audio-decoder-ogg-vorbis: bf7c407c2cedff20999df2af8eb42d56 -> 
  custom:audio-encoder-webm-vorbis: bf7c407c2cedff20999df2af8eb42d56 -> 
========================================================================
Received Prepare
Refreshing native plugins compatible for Editor in 6.19 ms, found 2 plugins.
Preloading 0 native plugins for Editor in 0.00 ms.
Unloading 11 Unused Serialized files (Serialized files now loaded: 0)
System memory in use before: 84.4 MB.
System memory in use after: 84.2 MB.

Unloading 11 unused Assets to reduce memory usage. Loaded Objects now: 2013.
Total: 3.980200 ms (FindLiveObjects: 0.206400 ms CreateObjectMapping: 0.101700 ms MarkObjects: 3.258300 ms  DeleteObjects: 0.412800 ms)

AssetImportParameters requested are different than current active one (requested -> active):
  custom:framework-win-MediaFoundation: 216162199b28c13a410421893ffa2e32 -> 
  custom:video-decoder-ogg-theora: a1e56fd34408186e4bbccfd4996cb3dc -> 
  custom:container-muxer-webm: aa71ff27fc2769a1b78a27578f13a17b -> 
  custom:container-demuxer-webm: 4f35f7cbe854078d1ac9338744f61a02 -> 
  custom:container-demuxer-ogg: 62fdf1f143b41e24485cea50d1cbac27 -> 
  custom:video-encoder-webm-vp8: eb34c28f22e8b96e1ab97ce403110664 -> 
  custom:video-decoder-webm-vp8: 9c59270c3fd7afecdb556c50c9e8de78 -> 
  custom:audio-decoder-ogg-vorbis: bf7c407c2cedff20999df2af8eb42d56 -> 
  custom:audio-encoder-webm-vorbis: bf7c407c2cedff20999df2af8eb42d56 -> 
========================================================================
Received Prepare
Refreshing native plugins compatible for Editor in 6.37 ms, found 2 plugins.
Preloading 0 native plugins for Editor in 0.00 ms.
Unloading 11 Unused Serialized files (Serialized files now loaded: 0)
System memory in use before: 84.5 MB.
System memory in use after: 84.2 MB.

Unloading 11 unused Assets to reduce memory usage. Loaded Objects now: 2013.
Total: 4.262500 ms (FindLiveObjects: 0.194000 ms CreateObjectMapping: 0.062700 ms MarkObjects: 3.515900 ms  DeleteObjects: 0.488000 ms)

AssetImportParameters requested are different than current active one (requested -> active):
  custom:framework-win-MediaFoundation: 216162199b28c13a410421893ffa2e32 -> 
  custom:video-decoder-ogg-theora: a1e56fd34408186e4bbccfd4996cb3dc -> 
  custom:container-muxer-webm: aa71ff27fc2769a1b78a27578f13a17b -> 
  custom:container-demuxer-webm: 4f35f7cbe854078d1ac9338744f61a02 -> 
  custom:container-demuxer-ogg: 62fdf1f143b41e24485cea50d1cbac27 -> 
  custom:video-encoder-webm-vp8: eb34c28f22e8b96e1ab97ce403110664 -> 
  custom:video-decoder-webm-vp8: 9c59270c3fd7afecdb556c50c9e8de78 -> 
  custom:audio-decoder-ogg-vorbis: bf7c407c2cedff20999df2af8eb42d56 -> 
  custom:audio-encoder-webm-vorbis: bf7c407c2cedff20999df2af8eb42d56 -> 
========================================================================
Received Prepare
Refreshing native plugins compatible for Editor in 5.85 ms, found 2 plugins.
Preloading 0 native plugins for Editor in 0.00 ms.
Unloading 11 Unused Serialized files (Serialized files now loaded: 0)
System memory in use before: 84.4 MB.
System memory in use after: 84.2 MB.

Unloading 11 unused Assets to reduce memory usage. Loaded Objects now: 2013.
Total: 3.620800 ms (FindLiveObjects: 0.181900 ms CreateObjectMapping: 0.064400 ms MarkObjects: 2.832800 ms  DeleteObjects: 0.540600 ms)

AssetImportParameters requested are different than current active one (requested -> active):
  custom:framework-win-MediaFoundation: 216162199b28c13a410421893ffa2e32 -> 
  custom:video-decoder-ogg-theora: a1e56fd34408186e4bbccfd4996cb3dc -> 
  custom:container-muxer-webm: aa71ff27fc2769a1b78a27578f13a17b -> 
  custom:container-demuxer-webm: 4f35f7cbe854078d1ac9338744f61a02 -> 
  custom:container-demuxer-ogg: 62fdf1f143b41e24485cea50d1cbac27 -> 
  custom:video-encoder-webm-vp8: eb34c28f22e8b96e1ab97ce403110664 -> 
  custom:video-decoder-webm-vp8: 9c59270c3fd7afecdb556c50c9e8de78 -> 
  custom:audio-decoder-ogg-vorbis: bf7c407c2cedff20999df2af8eb42d56 -> 
  custom:audio-encoder-webm-vorbis: bf7c407c2cedff20999df2af8eb42d56 -> 
========================================================================
Received Import Request.
  Time since last request: 1455.382598 seconds.
  path: Assets/POLY_Jungle/Scripts
  artifactKey: Guid(41598c1b769baa54ab61a2c02a56aa1c) Importer(815301076,1909f56bfc062723c751e8b465ee728b)
Start importing Assets/POLY_Jungle/Scripts using Guid(41598c1b769baa54ab61a2c02a56aa1c) Importer(815301076,1909f56bfc062723c751e8b465ee728b)  -> (artifact id: '52b8678d21ef420936dafb632f63c4a4') in 0.007482 seconds 
  Import took 0.012072 seconds .

========================================================================
Received Import Request.
  Time since last request: 0.395078 seconds.
  path: Assets/POLY_Jungle/Prefabs
  artifactKey: Guid(307c25fb3e596184c80bf5cc384630eb) Importer(815301076,1909f56bfc062723c751e8b465ee728b)
Start importing Assets/POLY_Jungle/Prefabs using Guid(307c25fb3e596184c80bf5cc384630eb) Importer(815301076,1909f56bfc062723c751e8b465ee728b)  -> (artifact id: 'ebe71022ef9e2a66ba24d96fe8b2b53c') in 0.005386 seconds 
  Import took 0.009791 seconds .

========================================================================
Received Import Request.
  Time since last request: 1.126950 seconds.
  path: Assets/POLY_Jungle/Prefabs/Vegetation
  artifactKey: Guid(e8272f305b928dd40ae8b518ec637045) Importer(815301076,1909f56bfc062723c751e8b465ee728b)
Start importing Assets/POLY_Jungle/Prefabs/Vegetation using Guid(e8272f305b928dd40ae8b518ec637045) Importer(815301076,1909f56bfc062723c751e8b465ee728b)  -> (artifact id: '977d756a79fa956768fd93cdaabab37e') in 0.004959 seconds 
  Import took 0.008589 seconds .

========================================================================
Received Import Request.
  Time since last request: 2.427731 seconds.
  path: Assets/POLY_Jungle/Prefabs/Vegetation/Shrubs
  artifactKey: Guid(23868a1895ac96b43a0cce97d6a52ef6) Importer(815301076,1909f56bfc062723c751e8b465ee728b)
Start importing Assets/POLY_Jungle/Prefabs/Vegetation/Shrubs using Guid(23868a1895ac96b43a0cce97d6a52ef6) Importer(815301076,1909f56bfc062723c751e8b465ee728b)  -> (artifact id: '0abf6f72776be07a399d30f0ecae9689') in 0.004831 seconds 
  Import took 0.008641 seconds .

========================================================================
Received Import Request.
  Time since last request: 0.113721 seconds.
  path: Assets/POLY_Jungle/Prefabs/Vegetation/Shrubs/ShrubDraca01.prefab
  artifactKey: Guid(ea2ea1010b15b1144955f7c927393bcd) Importer(815301076,1909f56bfc062723c751e8b465ee728b)
Start importing Assets/POLY_Jungle/Prefabs/Vegetation/Shrubs/ShrubDraca01.prefab using Guid(ea2ea1010b15b1144955f7c927393bcd) Importer(815301076,1909f56bfc062723c751e8b465ee728b)  -> (artifact id: '1bf84d921028c20f9b0f91082d36887f') in 0.128520 seconds 
  Import took 0.135297 seconds .

========================================================================
Received Import Request.
  Time since last request: 0.000268 seconds.
  path: Assets/POLY_Jungle/Prefabs/Vegetation/Shrubs/ShrubPalmTropical04.prefab
  artifactKey: Guid(9a27e356f19c5ab41a6dc02f550de6e4) Importer(815301076,1909f56bfc062723c751e8b465ee728b)
Start importing Assets/POLY_Jungle/Prefabs/Vegetation/Shrubs/ShrubPalmTropical04.prefab using Guid(9a27e356f19c5ab41a6dc02f550de6e4) Importer(815301076,1909f56bfc062723c751e8b465ee728b)  -> (artifact id: '0eb50ee5da7136504c1b9184d071de75') in 0.015973 seconds 
  Import took 0.021859 seconds .

========================================================================
Received Import Request.
  Time since last request: 0.000609 seconds.
  path: Assets/POLY_Jungle/Prefabs/Vegetation/Shrubs/ShrubDraca04.prefab
  artifactKey: Guid(44396bfe90aa5fc429ba055ffc0a3c4f) Importer(815301076,1909f56bfc062723c751e8b465ee728b)
Start importing Assets/POLY_Jungle/Prefabs/Vegetation/Shrubs/ShrubDraca04.prefab using Guid(44396bfe90aa5fc429ba055ffc0a3c4f) Importer(815301076,1909f56bfc062723c751e8b465ee728b)  -> (artifact id: 'd3977cbd05f999502d2ab753696a9bd7') in 0.017598 seconds 
  Import took 0.022040 seconds .

========================================================================
Received Import Request.
  Time since last request: 0.000316 seconds.
  path: Assets/POLY_Jungle/Prefabs/Vegetation/Shrubs/ShrubFernTall04.prefab
  artifactKey: Guid(ac465fb359cf0ce47989dd63d55dc011) Importer(815301076,1909f56bfc062723c751e8b465ee728b)
Start importing Assets/POLY_Jungle/Prefabs/Vegetation/Shrubs/ShrubFernTall04.prefab using Guid(ac465fb359cf0ce47989dd63d55dc011) Importer(815301076,1909f56bfc062723c751e8b465ee728b)  -> (artifact id: '692e281e24bf034ab0d221beb7623d00') in 0.023341 seconds 
  Import took 0.028670 seconds .

========================================================================
Received Import Request.
  Time since last request: 0.000410 seconds.
  path: Assets/POLY_Jungle/Prefabs/Vegetation/Shrubs/ShrubRoots03.prefab
  artifactKey: Guid(a432f91d55d42b04e868c1a6a3d79868) Importer(815301076,1909f56bfc062723c751e8b465ee728b)
Start importing Assets/POLY_Jungle/Prefabs/Vegetation/Shrubs/ShrubRoots03.prefab using Guid(a432f91d55d42b04e868c1a6a3d79868) Importer(815301076,1909f56bfc062723c751e8b465ee728b)  -> (artifact id: 'ea91bf00992c16d415e0cd953a1732c9') in 0.016193 seconds 
  Import took 0.021788 seconds .

========================================================================
Received Import Request.
  Time since last request: 0.000421 seconds.
  path: Assets/POLY_Jungle/Prefabs/Vegetation/Shrubs/ShrubDraca05.prefab
  artifactKey: Guid(36a7d8f7c134eee479f32121768046af) Importer(815301076,1909f56bfc062723c751e8b465ee728b)
Start importing Assets/POLY_Jungle/Prefabs/Vegetation/Shrubs/ShrubDraca05.prefab using Guid(36a7d8f7c134eee479f32121768046af) Importer(815301076,1909f56bfc062723c751e8b465ee728b)  -> (artifact id: '9c20909c81baa1a701d7dbc9040dd8e6') in 0.021530 seconds 
  Import took 0.025942 seconds .

========================================================================
Received Import Request.
  Time since last request: 0.000511 seconds.
  path: Assets/POLY_Jungle/Prefabs/Vegetation/Shrubs/ShrubPalmTropical01.prefab
  artifactKey: Guid(929289188f2d2fd4fa383605667f049c) Importer(815301076,1909f56bfc062723c751e8b465ee728b)
Start importing Assets/POLY_Jungle/Prefabs/Vegetation/Shrubs/ShrubPalmTropical01.prefab using Guid(929289188f2d2fd4fa383605667f049c) Importer(815301076,1909f56bfc062723c751e8b465ee728b)  -> (artifact id: '90cdf6f1c637102fbff5fec37383c433') in 0.017711 seconds 
  Import took 0.023149 seconds .

========================================================================
Received Import Request.
  Time since last request: 0.000569 seconds.
  path: Assets/POLY_Jungle/Prefabs/Vegetation/Shrubs/ShrubFern01.prefab
  artifactKey: Guid(deab7505f62287840b95b81a3b29fb20) Importer(815301076,1909f56bfc062723c751e8b465ee728b)
Start importing Assets/POLY_Jungle/Prefabs/Vegetation/Shrubs/ShrubFern01.prefab using Guid(deab7505f62287840b95b81a3b29fb20) Importer(815301076,1909f56bfc062723c751e8b465ee728b)  -> (artifact id: 'c75e17bbb1e392e0340276bc5b967360') in 0.017933 seconds 
  Import took 0.023519 seconds .

========================================================================
Received Import Request.
  Time since last request: 0.000363 seconds.
  path: Assets/POLY_Jungle/Prefabs/Vegetation/Shrubs/ShrubFernTall02.prefab
  artifactKey: Guid(c62791108d5ce8e46adcd9ed40f65174) Importer(815301076,1909f56bfc062723c751e8b465ee728b)
Start importing Assets/POLY_Jungle/Prefabs/Vegetation/Shrubs/ShrubFernTall02.prefab using Guid(c62791108d5ce8e46adcd9ed40f65174) Importer(815301076,1909f56bfc062723c751e8b465ee728b)  -> (artifact id: '011b31856b92391bf9787d93d54d6b62') in 0.017028 seconds 
  Import took 0.022166 seconds .

========================================================================
Received Import Request.
  Time since last request: 0.000299 seconds.
  path: Assets/POLY_Jungle/Prefabs/Vegetation/Shrubs/ShrubLeaves02.prefab
  artifactKey: Guid(7d4614f445dc71043b95e8d71c631648) Importer(815301076,1909f56bfc062723c751e8b465ee728b)
Start importing Assets/POLY_Jungle/Prefabs/Vegetation/Shrubs/ShrubLeaves02.prefab using Guid(7d4614f445dc71043b95e8d71c631648) Importer(815301076,1909f56bfc062723c751e8b465ee728b)  -> (artifact id: 'b16bacebf69588c7560b8e3726b0be35') in 0.017613 seconds 
  Import took 0.022406 seconds .

========================================================================
Received Import Request.
  Time since last request: 0.000321 seconds.
  path: Assets/POLY_Jungle/Prefabs/Vegetation/Shrubs/ShrubRoots02.prefab
  artifactKey: Guid(0b39c012eda909a40b53f6d1d755bb38) Importer(815301076,1909f56bfc062723c751e8b465ee728b)
Start importing Assets/POLY_Jungle/Prefabs/Vegetation/Shrubs/ShrubRoots02.prefab using Guid(0b39c012eda909a40b53f6d1d755bb38) Importer(815301076,1909f56bfc062723c751e8b465ee728b)  -> (artifact id: 'b95e057d4c2a0a5053b35bfcf0bbf39a') in 0.015518 seconds 
  Import took 0.020894 seconds .

========================================================================
Received Import Request.
  Time since last request: 0.000390 seconds.
  path: Assets/POLY_Jungle/Prefabs/Vegetation/Shrubs/ShrubLeavesTiny01.prefab
  artifactKey: Guid(3f5b795f34d8dbb43b714cea10207be7) Importer(815301076,1909f56bfc062723c751e8b465ee728b)
Start importing Assets/POLY_Jungle/Prefabs/Vegetation/Shrubs/ShrubLeavesTiny01.prefab using Guid(3f5b795f34d8dbb43b714cea10207be7) Importer(815301076,1909f56bfc062723c751e8b465ee728b)  -> (artifact id: 'bc59a567f44b45427c4b820df3f00e48') in 0.014933 seconds 
  Import took 0.019853 seconds .

========================================================================
Received Import Request.
  Time since last request: 0.000391 seconds.
  path: Assets/POLY_Jungle/Prefabs/Vegetation/Shrubs/ShrubRoots04.prefab
  artifactKey: Guid(116a415d25a55a443bd2213bf1ad2204) Importer(815301076,1909f56bfc062723c751e8b465ee728b)
Start importing Assets/POLY_Jungle/Prefabs/Vegetation/Shrubs/ShrubRoots04.prefab using Guid(116a415d25a55a443bd2213bf1ad2204) Importer(815301076,1909f56bfc062723c751e8b465ee728b)  -> (artifact id: '0624227b46cd8815928e66a96882537c') in 0.022250 seconds 
  Import took 0.027461 seconds .

========================================================================
Received Import Request.
  Time since last request: 0.000345 seconds.
  path: Assets/POLY_Jungle/Prefabs/Vegetation/Shrubs/ShrubFernTall03.prefab
  artifactKey: Guid(c790e4d100228bc439c8b556d790f017) Importer(815301076,1909f56bfc062723c751e8b465ee728b)
Start importing Assets/POLY_Jungle/Prefabs/Vegetation/Shrubs/ShrubFernTall03.prefab using Guid(c790e4d100228bc439c8b556d790f017) Importer(815301076,1909f56bfc062723c751e8b465ee728b)  -> (artifact id: '8eec24b6242af3b1f613687375d63b8c') in 0.019377 seconds 
  Import took 0.024218 seconds .

========================================================================
Received Import Request.
  Time since last request: 0.000342 seconds.
  path: Assets/POLY_Jungle/Prefabs/Vegetation/Shrubs/ShrubPalmTropical05.prefab
  artifactKey: Guid(3429dfd30be09a34fb701fab6b1f886b) Importer(815301076,1909f56bfc062723c751e8b465ee728b)
Start importing Assets/POLY_Jungle/Prefabs/Vegetation/Shrubs/ShrubPalmTropical05.prefab using Guid(3429dfd30be09a34fb701fab6b1f886b) Importer(815301076,1909f56bfc062723c751e8b465ee728b)  -> (artifact id: '59f42bac406c73f7eab9efb733c42a59') in 0.021467 seconds 
  Import took 0.027649 seconds .

========================================================================
Received Import Request.
  Time since last request: 0.000554 seconds.
  path: Assets/POLY_Jungle/Prefabs/Vegetation/Shrubs/ShrubFern03.prefab
  artifactKey: Guid(9df116d5b8a613a47a4af3a77b380412) Importer(815301076,1909f56bfc062723c751e8b465ee728b)
Start importing Assets/POLY_Jungle/Prefabs/Vegetation/Shrubs/ShrubFern03.prefab using Guid(9df116d5b8a613a47a4af3a77b380412) Importer(815301076,1909f56bfc062723c751e8b465ee728b)  -> (artifact id: '773796bc8477c9f7acfb7addae74aa23') in 0.015490 seconds 
  Import took 0.020021 seconds .

========================================================================
Received Import Request.
  Time since last request: 0.000442 seconds.
  path: Assets/POLY_Jungle/Prefabs/Vegetation/Shrubs/ShrubDraca06.prefab
  artifactKey: Guid(afb09a1741185d546abd0e8e79e3cbd0) Importer(815301076,1909f56bfc062723c751e8b465ee728b)
Start importing Assets/POLY_Jungle/Prefabs/Vegetation/Shrubs/ShrubDraca06.prefab using Guid(afb09a1741185d546abd0e8e79e3cbd0) Importer(815301076,1909f56bfc062723c751e8b465ee728b)  -> (artifact id: '0f15e503f487513b1cbaab0e2686fff9') in 0.018830 seconds 
  Import took 0.026901 seconds .

========================================================================
Received Import Request.
  Time since last request: 0.000556 seconds.
  path: Assets/POLY_Jungle/Prefabs/Vegetation/Shrubs/ShrubFernTall01.prefab
  artifactKey: Guid(50214230bb65d5c419502451e29afc62) Importer(815301076,1909f56bfc062723c751e8b465ee728b)
Start importing Assets/POLY_Jungle/Prefabs/Vegetation/Shrubs/ShrubFernTall01.prefab using Guid(50214230bb65d5c419502451e29afc62) Importer(815301076,1909f56bfc062723c751e8b465ee728b)  -> (artifact id: 'ea8229082ddbb4bd9f116e005c79804c') in 0.016141 seconds 
  Import took 0.020524 seconds .

========================================================================
Received Import Request.
  Time since last request: 0.000458 seconds.
  path: Assets/POLY_Jungle/Prefabs/Vegetation/Shrubs/ShrubLeavesLarge03.prefab
  artifactKey: Guid(26e442bb39a6c1d4cab492ac7d98f838) Importer(815301076,1909f56bfc062723c751e8b465ee728b)
Start importing Assets/POLY_Jungle/Prefabs/Vegetation/Shrubs/ShrubLeavesLarge03.prefab using Guid(26e442bb39a6c1d4cab492ac7d98f838) Importer(815301076,1909f56bfc062723c751e8b465ee728b)  -> (artifact id: 'a6452b88d44a178e3b3a2c512af08538') in 0.019277 seconds 
  Import took 0.025078 seconds .

========================================================================
Received Import Request.
  Time since last request: 0.000496 seconds.
  path: Assets/POLY_Jungle/Prefabs/Vegetation/Shrubs/ShrubGlove01.prefab
  artifactKey: Guid(4fe4913ec5f5ce84ca7edd1cc5022c53) Importer(815301076,1909f56bfc062723c751e8b465ee728b)
Start importing Assets/POLY_Jungle/Prefabs/Vegetation/Shrubs/ShrubGlove01.prefab using Guid(4fe4913ec5f5ce84ca7edd1cc5022c53) Importer(815301076,1909f56bfc062723c751e8b465ee728b)  -> (artifact id: '234cfd24fc0c16ae2d0f02a92f65c94c') in 0.021517 seconds 
  Import took 0.025934 seconds .

========================================================================
Received Import Request.
  Time since last request: 0.000291 seconds.
  path: Assets/POLY_Jungle/Prefabs/Vegetation/Shrubs/ShrubGlove03.prefab
  artifactKey: Guid(64995c4a7215a6e4a9ac9e6b7647c050) Importer(815301076,1909f56bfc062723c751e8b465ee728b)
Start importing Assets/POLY_Jungle/Prefabs/Vegetation/Shrubs/ShrubGlove03.prefab using Guid(64995c4a7215a6e4a9ac9e6b7647c050) Importer(815301076,1909f56bfc062723c751e8b465ee728b)  -> (artifact id: 'bf9effceb01b6cc02e4377a33f789026') in 0.018060 seconds 
  Import took 0.023224 seconds .

========================================================================
Received Import Request.
  Time since last request: 0.000335 seconds.
  path: Assets/POLY_Jungle/Prefabs/Vegetation/Shrubs/ShrubDraca02.prefab
  artifactKey: Guid(e128bd70df7155245bb53a53c32bc7a6) Importer(815301076,1909f56bfc062723c751e8b465ee728b)
Start importing Assets/POLY_Jungle/Prefabs/Vegetation/Shrubs/ShrubDraca02.prefab using Guid(e128bd70df7155245bb53a53c32bc7a6) Importer(815301076,1909f56bfc062723c751e8b465ee728b)  -> (artifact id: 'be3e242dfae63d60180c17269fda7088') in 0.020802 seconds 
  Import took 0.025136 seconds .

========================================================================
Received Import Request.
  Time since last request: 0.000534 seconds.
  path: Assets/POLY_Jungle/Prefabs/Vegetation/Shrubs/ShrubFern04.prefab
  artifactKey: Guid(437f481b03619b342b429418d6db08a8) Importer(815301076,1909f56bfc062723c751e8b465ee728b)
Start importing Assets/POLY_Jungle/Prefabs/Vegetation/Shrubs/ShrubFern04.prefab using Guid(437f481b03619b342b429418d6db08a8) Importer(815301076,1909f56bfc062723c751e8b465ee728b)  -> (artifact id: 'f913df50d0048c328ec9cbc62afbdeb0') in 0.016106 seconds 
  Import took 0.020471 seconds .

========================================================================
Received Import Request.
  Time since last request: 0.000293 seconds.
  path: Assets/POLY_Jungle/Prefabs/Vegetation/Shrubs/ShrubLeavesTiny03.prefab
  artifactKey: Guid(7f62d010cc3e54e4f92e4ec16e046c37) Importer(815301076,1909f56bfc062723c751e8b465ee728b)
Start importing Assets/POLY_Jungle/Prefabs/Vegetation/Shrubs/ShrubLeavesTiny03.prefab using Guid(7f62d010cc3e54e4f92e4ec16e046c37) Importer(815301076,1909f56bfc062723c751e8b465ee728b)  -> (artifact id: 'ad6033b418889e07747b74eb166d658d') in 0.018374 seconds 
  Import took 0.038796 seconds .

========================================================================
Received Import Request.
  Time since last request: 0.000333 seconds.
  path: Assets/POLY_Jungle/Prefabs/Vegetation/Shrubs/ShrubFern05.prefab
  artifactKey: Guid(322ae06982de1a04991c9a9dce7d432e) Importer(815301076,1909f56bfc062723c751e8b465ee728b)
Start importing Assets/POLY_Jungle/Prefabs/Vegetation/Shrubs/ShrubFern05.prefab using Guid(322ae06982de1a04991c9a9dce7d432e) Importer(815301076,1909f56bfc062723c751e8b465ee728b)  -> (artifact id: '754588a7f27e2fa280fb6b549579d839') in 0.018250 seconds 
  Import took 0.022509 seconds .

========================================================================
Received Import Request.
  Time since last request: 0.000334 seconds.
  path: Assets/POLY_Jungle/Prefabs/Vegetation/Shrubs/ShrubPinkFlower04.prefab
  artifactKey: Guid(f933e27373347c4458065278d7fde81a) Importer(815301076,1909f56bfc062723c751e8b465ee728b)
Start importing Assets/POLY_Jungle/Prefabs/Vegetation/Shrubs/ShrubPinkFlower04.prefab using Guid(f933e27373347c4458065278d7fde81a) Importer(815301076,1909f56bfc062723c751e8b465ee728b)  -> (artifact id: '9ee83427c520e7986bb49d72af183714') in 0.021712 seconds 
  Import took 0.025923 seconds .

========================================================================
Received Import Request.
  Time since last request: 0.000336 seconds.
  path: Assets/POLY_Jungle/Prefabs/Vegetation/Shrubs/ShrubPalmTropical03.prefab
  artifactKey: Guid(8c763e716025ccf47a9fa0c93674689b) Importer(815301076,1909f56bfc062723c751e8b465ee728b)
Start importing Assets/POLY_Jungle/Prefabs/Vegetation/Shrubs/ShrubPalmTropical03.prefab using Guid(8c763e716025ccf47a9fa0c93674689b) Importer(815301076,1909f56bfc062723c751e8b465ee728b)  -> (artifact id: 'c63111d3583fbd5cf6c0063f833a48ad') in 0.017578 seconds 
  Import took 0.021976 seconds .

========================================================================
Received Import Request.
  Time since last request: 0.000301 seconds.
  path: Assets/POLY_Jungle/Prefabs/Vegetation/Shrubs/ShrubPinkFlower05.prefab
  artifactKey: Guid(e6817a284e25e1d479fb14cfd05671e2) Importer(815301076,1909f56bfc062723c751e8b465ee728b)
Start importing Assets/POLY_Jungle/Prefabs/Vegetation/Shrubs/ShrubPinkFlower05.prefab using Guid(e6817a284e25e1d479fb14cfd05671e2) Importer(815301076,1909f56bfc062723c751e8b465ee728b)  -> (artifact id: '46a2b1bc12ef7c4e88f75036b5d957c0') in 0.018134 seconds 
  Import took 0.023285 seconds .

========================================================================
Received Import Request.
  Time since last request: 0.000366 seconds.
  path: Assets/POLY_Jungle/Prefabs/Vegetation/Shrubs/ShrubLeavesTiny04.prefab
  artifactKey: Guid(412f4035f50143544bf920148d14990f) Importer(815301076,1909f56bfc062723c751e8b465ee728b)
Start importing Assets/POLY_Jungle/Prefabs/Vegetation/Shrubs/ShrubLeavesTiny04.prefab using Guid(412f4035f50143544bf920148d14990f) Importer(815301076,1909f56bfc062723c751e8b465ee728b)  -> (artifact id: 'bf076371082ca53aff382e7ae69044a2') in 0.016266 seconds 
  Import took 0.021545 seconds .

========================================================================
Received Import Request.
  Time since last request: 0.000392 seconds.
  path: Assets/POLY_Jungle/Prefabs/Vegetation/Shrubs/ShrubPinkFlower03.prefab
  artifactKey: Guid(f90448b599e0e574fae28ccbc71bf0d3) Importer(815301076,1909f56bfc062723c751e8b465ee728b)
Start importing Assets/POLY_Jungle/Prefabs/Vegetation/Shrubs/ShrubPinkFlower03.prefab using Guid(f90448b599e0e574fae28ccbc71bf0d3) Importer(815301076,1909f56bfc062723c751e8b465ee728b)  -> (artifact id: '3b404fd03c006e5a6bd1a0aca63eacf5') in 0.019518 seconds 
  Import took 0.024626 seconds .

========================================================================
Received Import Request.
  Time since last request: 0.000287 seconds.
  path: Assets/POLY_Jungle/Prefabs/Vegetation/Shrubs/ShrubLeaves01.prefab
  artifactKey: Guid(217fc11be1accba45a5ee473779116c6) Importer(815301076,1909f56bfc062723c751e8b465ee728b)
Start importing Assets/POLY_Jungle/Prefabs/Vegetation/Shrubs/ShrubLeaves01.prefab using Guid(217fc11be1accba45a5ee473779116c6) Importer(815301076,1909f56bfc062723c751e8b465ee728b)  -> (artifact id: '3e48f70d1db3fb7650cdc4947597819f') in 0.014312 seconds 
  Import took 0.018267 seconds .

========================================================================
Received Import Request.
  Time since last request: 0.000317 seconds.
  path: Assets/POLY_Jungle/Prefabs/Vegetation/Shrubs/ShrubLeaves03.prefab
  artifactKey: Guid(8121ad0c4b527d042a5fc7bcfcb9664d) Importer(815301076,1909f56bfc062723c751e8b465ee728b)
Start importing Assets/POLY_Jungle/Prefabs/Vegetation/Shrubs/ShrubLeaves03.prefab using Guid(8121ad0c4b527d042a5fc7bcfcb9664d) Importer(815301076,1909f56bfc062723c751e8b465ee728b)  -> (artifact id: '33dc08e9ef3be7e059d74d31f54ffa3c') in 0.018231 seconds 
  Import took 0.023175 seconds .

========================================================================
Received Import Request.
  Time since last request: 0.000315 seconds.
  path: Assets/POLY_Jungle/Prefabs/Vegetation/Shrubs/ShrubPinkFlower01.prefab
  artifactKey: Guid(9f29a07014b364c4c93eb7aa54e123a1) Importer(815301076,1909f56bfc062723c751e8b465ee728b)
Start importing Assets/POLY_Jungle/Prefabs/Vegetation/Shrubs/ShrubPinkFlower01.prefab using Guid(9f29a07014b364c4c93eb7aa54e123a1) Importer(815301076,1909f56bfc062723c751e8b465ee728b)  -> (artifact id: 'fd4b10906a55510584c1ffbae74efd8e') in 0.022168 seconds 
  Import took 0.026856 seconds .

========================================================================
Received Import Request.
  Time since last request: 0.000347 seconds.
  path: Assets/POLY_Jungle/Prefabs/Vegetation/Shrubs/ShrubDraca03.prefab
  artifactKey: Guid(f65146005c3fe0748b74e0c332831aea) Importer(815301076,1909f56bfc062723c751e8b465ee728b)
Start importing Assets/POLY_Jungle/Prefabs/Vegetation/Shrubs/ShrubDraca03.prefab using Guid(f65146005c3fe0748b74e0c332831aea) Importer(815301076,1909f56bfc062723c751e8b465ee728b)  -> (artifact id: '1c50e4f3c6413c8ce64bc472f43e87bb') in 0.017694 seconds 
  Import took 0.022918 seconds .

========================================================================
Received Import Request.
  Time since last request: 0.000394 seconds.
  path: Assets/POLY_Jungle/Prefabs/Vegetation/Shrubs/ShrubPalmTropical02.prefab
  artifactKey: Guid(bea04eda2f3275f42ba3c9dc8431ea56) Importer(815301076,1909f56bfc062723c751e8b465ee728b)
Start importing Assets/POLY_Jungle/Prefabs/Vegetation/Shrubs/ShrubPalmTropical02.prefab using Guid(bea04eda2f3275f42ba3c9dc8431ea56) Importer(815301076,1909f56bfc062723c751e8b465ee728b)  -> (artifact id: 'cbec04c7bd6f93882b2ba52ce2dc1cae') in 0.020561 seconds 
  Import took 0.024764 seconds .

========================================================================
Received Import Request.
  Time since last request: 0.000296 seconds.
  path: Assets/POLY_Jungle/Prefabs/Vegetation/Shrubs/ShrubGlove02.prefab
  artifactKey: Guid(1d03660651dae464f9109e3787c1c349) Importer(815301076,1909f56bfc062723c751e8b465ee728b)
Start importing Assets/POLY_Jungle/Prefabs/Vegetation/Shrubs/ShrubGlove02.prefab using Guid(1d03660651dae464f9109e3787c1c349) Importer(815301076,1909f56bfc062723c751e8b465ee728b)  -> (artifact id: '88d13cb7198345434404cbb78bcdc943') in 0.022468 seconds 
  Import took 0.027120 seconds .

========================================================================
Received Import Request.
  Time since last request: 0.000327 seconds.
  path: Assets/POLY_Jungle/Prefabs/Vegetation/Shrubs/ShrubLeavesLarge02.prefab
  artifactKey: Guid(6147f95bd1cc09e4eadb853e8886d4d8) Importer(815301076,1909f56bfc062723c751e8b465ee728b)
Start importing Assets/POLY_Jungle/Prefabs/Vegetation/Shrubs/ShrubLeavesLarge02.prefab using Guid(6147f95bd1cc09e4eadb853e8886d4d8) Importer(815301076,1909f56bfc062723c751e8b465ee728b)  -> (artifact id: '6f05d23ee537bbb836f9e5065d476c41') in 0.019370 seconds 
  Import took 0.023853 seconds .

========================================================================
Received Import Request.
  Time since last request: 0.000479 seconds.
  path: Assets/POLY_Jungle/Prefabs/Vegetation/Shrubs/ShrubFern02.prefab
  artifactKey: Guid(65661324aea60864aa196e1ff5f754fe) Importer(815301076,1909f56bfc062723c751e8b465ee728b)
Start importing Assets/POLY_Jungle/Prefabs/Vegetation/Shrubs/ShrubFern02.prefab using Guid(65661324aea60864aa196e1ff5f754fe) Importer(815301076,1909f56bfc062723c751e8b465ee728b)  -> (artifact id: 'ef588a9bcd2e01d8f033abfdac1475e5') in 0.015416 seconds 
  Import took 0.020967 seconds .

========================================================================
Received Import Request.
  Time since last request: 0.000393 seconds.
  path: Assets/POLY_Jungle/Prefabs/Vegetation/Shrubs/ShrubLeaves04.prefab
  artifactKey: Guid(ef8ef833762997a4892d5c04cee9fd7c) Importer(815301076,1909f56bfc062723c751e8b465ee728b)
Start importing Assets/POLY_Jungle/Prefabs/Vegetation/Shrubs/ShrubLeaves04.prefab using Guid(ef8ef833762997a4892d5c04cee9fd7c) Importer(815301076,1909f56bfc062723c751e8b465ee728b)  -> (artifact id: 'e3f61e14d4ceed18d7cd1753d6beba04') in 0.013718 seconds 
  Import took 0.017717 seconds .

========================================================================
Received Import Request.
  Time since last request: 0.000285 seconds.
  path: Assets/POLY_Jungle/Prefabs/Vegetation/Shrubs/ShrubLeavesLarge05.prefab
  artifactKey: Guid(2761aec4c7f38f64789a12108abaad16) Importer(815301076,1909f56bfc062723c751e8b465ee728b)
Start importing Assets/POLY_Jungle/Prefabs/Vegetation/Shrubs/ShrubLeavesLarge05.prefab using Guid(2761aec4c7f38f64789a12108abaad16) Importer(815301076,1909f56bfc062723c751e8b465ee728b)  -> (artifact id: '917a7a68b8ab3a85911c6e54123a192b') in 0.013575 seconds 
  Import took 0.017449 seconds .

========================================================================
Received Import Request.
  Time since last request: 0.000316 seconds.
  path: Assets/POLY_Jungle/Prefabs/Vegetation/Shrubs/ShrubLeavesTiny02.prefab
  artifactKey: Guid(1b21b67b614c21641ad96efbd03196e1) Importer(815301076,1909f56bfc062723c751e8b465ee728b)
Start importing Assets/POLY_Jungle/Prefabs/Vegetation/Shrubs/ShrubLeavesTiny02.prefab using Guid(1b21b67b614c21641ad96efbd03196e1) Importer(815301076,1909f56bfc062723c751e8b465ee728b)  -> (artifact id: '3fa0837240cdfe7dde0d4cdbfb7bf8fb') in 0.019995 seconds 
  Import took 0.024154 seconds .

========================================================================
Received Import Request.
  Time since last request: 0.000407 seconds.
  path: Assets/POLY_Jungle/Prefabs/Vegetation/Shrubs/ShrubLeavesLarge04.prefab
  artifactKey: Guid(65691a00cdf4db44f89b7417a71b3ca5) Importer(815301076,1909f56bfc062723c751e8b465ee728b)
Start importing Assets/POLY_Jungle/Prefabs/Vegetation/Shrubs/ShrubLeavesLarge04.prefab using Guid(65691a00cdf4db44f89b7417a71b3ca5) Importer(815301076,1909f56bfc062723c751e8b465ee728b)  -> (artifact id: '68480e52383b1986f679c1e07dc028a4') in 0.014424 seconds 
  Import took 0.019931 seconds .

========================================================================
Received Import Request.
  Time since last request: 0.000402 seconds.
  path: Assets/POLY_Jungle/Prefabs/Vegetation/Shrubs/ShrubPinkFlower02.prefab
  artifactKey: Guid(a7db2d3b9b34f2c4f95482e9c9c0fea7) Importer(815301076,1909f56bfc062723c751e8b465ee728b)
Start importing Assets/POLY_Jungle/Prefabs/Vegetation/Shrubs/ShrubPinkFlower02.prefab using Guid(a7db2d3b9b34f2c4f95482e9c9c0fea7) Importer(815301076,1909f56bfc062723c751e8b465ee728b)  -> (artifact id: '14a1bee0337385b5a8c9ba3a6d7cfdb0') in 0.023582 seconds 
  Import took 0.028805 seconds .

========================================================================
Received Import Request.
  Time since last request: 0.000862 seconds.
  path: Assets/POLY_Jungle/Prefabs/Vegetation/Shrubs/ShrubFernTall05.prefab
  artifactKey: Guid(fa6bcf746b9487e4cacbe167f7fd8793) Importer(815301076,1909f56bfc062723c751e8b465ee728b)
Start importing Assets/POLY_Jungle/Prefabs/Vegetation/Shrubs/ShrubFernTall05.prefab using Guid(fa6bcf746b9487e4cacbe167f7fd8793) Importer(815301076,1909f56bfc062723c751e8b465ee728b)  -> (artifact id: '9c354f3efa4aa5f782c40f0032492c7a') in 0.016904 seconds 
  Import took 0.130282 seconds .

========================================================================
Received Import Request.
  Time since last request: 0.000338 seconds.
  path: Assets/POLY_Jungle/Prefabs/Vegetation/Shrubs/ShrubLeavesLarge01.prefab
  artifactKey: Guid(4dd4ebe3ff3dd934cb8f0395414dc557) Importer(815301076,1909f56bfc062723c751e8b465ee728b)
Start importing Assets/POLY_Jungle/Prefabs/Vegetation/Shrubs/ShrubLeavesLarge01.prefab using Guid(4dd4ebe3ff3dd934cb8f0395414dc557) Importer(815301076,1909f56bfc062723c751e8b465ee728b)  -> (artifact id: '0fdb6fb22f82fa79b6b117b97dbc493e') in 0.017367 seconds 
  Import took 0.021845 seconds .

========================================================================
Received Import Request.
  Time since last request: 0.000480 seconds.
  path: Assets/POLY_Jungle/Prefabs/Vegetation/Shrubs/ShrubRoots01.prefab
  artifactKey: Guid(ed63c6522d9c94d448fdbb2908f83086) Importer(815301076,1909f56bfc062723c751e8b465ee728b)
Start importing Assets/POLY_Jungle/Prefabs/Vegetation/Shrubs/ShrubRoots01.prefab using Guid(ed63c6522d9c94d448fdbb2908f83086) Importer(815301076,1909f56bfc062723c751e8b465ee728b)  -> (artifact id: 'f25ac25d776df27cfffda3dc2234ee48') in 0.016867 seconds 
  Import took 0.020782 seconds .

========================================================================
Received Import Request.
  Time since last request: 115.963290 seconds.
  path: Assets/POLY_Jungle/Prefabs/Vegetation/Patchs
  artifactKey: Guid(6c96c43df1179264cb2b70fcb059561b) Importer(815301076,1909f56bfc062723c751e8b465ee728b)
Start importing Assets/POLY_Jungle/Prefabs/Vegetation/Patchs using Guid(6c96c43df1179264cb2b70fcb059561b) Importer(815301076,1909f56bfc062723c751e8b465ee728b)  -> (artifact id: 'a1bbfd361714022b59209442a3d03cd2') in 0.006041 seconds 
  Import took 0.010247 seconds .

========================================================================
Received Import Request.
  Time since last request: 0.093547 seconds.
  path: Assets/POLY_Jungle/Prefabs/Vegetation/Patchs/PatchGrass01.prefab
  artifactKey: Guid(e268e0f5903b571468f13998087d4c1b) Importer(815301076,1909f56bfc062723c751e8b465ee728b)
Start importing Assets/POLY_Jungle/Prefabs/Vegetation/Patchs/PatchGrass01.prefab using Guid(e268e0f5903b571468f13998087d4c1b) Importer(815301076,1909f56bfc062723c751e8b465ee728b)  -> (artifact id: 'f0c9a8039f8a850a52fbc265f4be29cd') in 0.027166 seconds 
  Import took 0.032671 seconds .

========================================================================
Received Import Request.
  Time since last request: 0.000416 seconds.
  path: Assets/POLY_Jungle/Prefabs/Vegetation/Patchs/PatchGrass02.prefab
  artifactKey: Guid(c3a8530d112e14c4f9b7623c16ec7566) Importer(815301076,1909f56bfc062723c751e8b465ee728b)
Start importing Assets/POLY_Jungle/Prefabs/Vegetation/Patchs/PatchGrass02.prefab using Guid(c3a8530d112e14c4f9b7623c16ec7566) Importer(815301076,1909f56bfc062723c751e8b465ee728b)  -> (artifact id: 'acc1ac1569dab5f48bc0388682dcbe28') in 0.008961 seconds 
  Import took 0.013478 seconds .

========================================================================
Received Import Request.
  Time since last request: 0.000363 seconds.
  path: Assets/POLY_Jungle/Prefabs/Vegetation/Patchs/PatchGrass05.prefab
  artifactKey: Guid(8c5e336afcef308499fb1ea02f252590) Importer(815301076,1909f56bfc062723c751e8b465ee728b)
Start importing Assets/POLY_Jungle/Prefabs/Vegetation/Patchs/PatchGrass05.prefab using Guid(8c5e336afcef308499fb1ea02f252590) Importer(815301076,1909f56bfc062723c751e8b465ee728b)  -> (artifact id: 'c627bc5a8a9d820960f4974a88b69418') in 0.025238 seconds 
  Import took 0.030715 seconds .

========================================================================
Received Import Request.
  Time since last request: 0.000423 seconds.
  path: Assets/POLY_Jungle/Prefabs/Vegetation/Patchs/PatchGrassTall05.prefab
  artifactKey: Guid(6a1de65e23f578e448b9fc6ccbee1783) Importer(815301076,1909f56bfc062723c751e8b465ee728b)
Start importing Assets/POLY_Jungle/Prefabs/Vegetation/Patchs/PatchGrassTall05.prefab using Guid(6a1de65e23f578e448b9fc6ccbee1783) Importer(815301076,1909f56bfc062723c751e8b465ee728b)  -> (artifact id: 'd0d1820e648cc1a3bbf926bf0c48ce84') in 0.009477 seconds 
  Import took 0.014130 seconds .

========================================================================
Received Import Request.
  Time since last request: 0.000335 seconds.
  path: Assets/POLY_Jungle/Prefabs/Vegetation/Patchs/PatchGrassTall02.prefab
  artifactKey: Guid(30c0241b9729d25449abe5b25163c31f) Importer(815301076,1909f56bfc062723c751e8b465ee728b)
Start importing Assets/POLY_Jungle/Prefabs/Vegetation/Patchs/PatchGrassTall02.prefab using Guid(30c0241b9729d25449abe5b25163c31f) Importer(815301076,1909f56bfc062723c751e8b465ee728b)  -> (artifact id: 'f1f6ef4c4d5053455c042294832319bc') in 0.009557 seconds 
  Import took 0.015944 seconds .

========================================================================
Received Import Request.
  Time since last request: 0.000347 seconds.
  path: Assets/POLY_Jungle/Prefabs/Vegetation/Patchs/PatchGrassTall03.prefab
  artifactKey: Guid(6ac0ef05ff646f34a8d50930926ed6c6) Importer(815301076,1909f56bfc062723c751e8b465ee728b)
Start importing Assets/POLY_Jungle/Prefabs/Vegetation/Patchs/PatchGrassTall03.prefab using Guid(6ac0ef05ff646f34a8d50930926ed6c6) Importer(815301076,1909f56bfc062723c751e8b465ee728b)  -> (artifact id: 'e86a3687cdad261adffa928a18bc4709') in 0.023439 seconds 
  Import took 0.028103 seconds .

========================================================================
Received Import Request.
  Time since last request: 0.000292 seconds.
  path: Assets/POLY_Jungle/Prefabs/Vegetation/Patchs/PatchGrass04.prefab
  artifactKey: Guid(d486e63f33509824eb94c2c16cf4a725) Importer(815301076,1909f56bfc062723c751e8b465ee728b)
Start importing Assets/POLY_Jungle/Prefabs/Vegetation/Patchs/PatchGrass04.prefab using Guid(d486e63f33509824eb94c2c16cf4a725) Importer(815301076,1909f56bfc062723c751e8b465ee728b)  -> (artifact id: 'f503fd6544b2b3746e76c4171dc4b660') in 0.015288 seconds 
  Import took 0.019161 seconds .

========================================================================
Received Import Request.
  Time since last request: 0.000299 seconds.
  path: Assets/POLY_Jungle/Prefabs/Vegetation/Patchs/PatchGrassTall04.prefab
  artifactKey: Guid(b062743571cdc2e4c8cd3f49b3d7302a) Importer(815301076,1909f56bfc062723c751e8b465ee728b)
Start importing Assets/POLY_Jungle/Prefabs/Vegetation/Patchs/PatchGrassTall04.prefab using Guid(b062743571cdc2e4c8cd3f49b3d7302a) Importer(815301076,1909f56bfc062723c751e8b465ee728b)  -> (artifact id: '9c8a90d5d8274730d799f92d6df0274e') in 0.008687 seconds 
  Import took 0.012991 seconds .

========================================================================
Received Import Request.
  Time since last request: 0.000295 seconds.
  path: Assets/POLY_Jungle/Prefabs/Vegetation/Patchs/PatchGrass03.prefab
  artifactKey: Guid(dcab935efe1b2b04cbc1b2f4ce5880e4) Importer(815301076,1909f56bfc062723c751e8b465ee728b)
Start importing Assets/POLY_Jungle/Prefabs/Vegetation/Patchs/PatchGrass03.prefab using Guid(dcab935efe1b2b04cbc1b2f4ce5880e4) Importer(815301076,1909f56bfc062723c751e8b465ee728b)  -> (artifact id: '790b23ad4ddba26418cc58686a86a9f8') in 0.026683 seconds 
  Import took 0.030965 seconds .

========================================================================
Received Import Request.
  Time since last request: 0.000294 seconds.
  path: Assets/POLY_Jungle/Prefabs/Vegetation/Patchs/PatchGrassTall01.prefab
  artifactKey: Guid(47d875f05ed0b4844aa13056ae90a3ab) Importer(815301076,1909f56bfc062723c751e8b465ee728b)
Start importing Assets/POLY_Jungle/Prefabs/Vegetation/Patchs/PatchGrassTall01.prefab using Guid(47d875f05ed0b4844aa13056ae90a3ab) Importer(815301076,1909f56bfc062723c751e8b465ee728b)  -> (artifact id: '223437f4751a91a31a567e3b1174e15f') in 0.007641 seconds 
  Import took 0.013135 seconds .

========================================================================
Received Import Request.
  Time since last request: 1125.734306 seconds.
  path: Assets/POLY_Jungle/Prefabs/Vegetation/Trees
  artifactKey: Guid(86c328ea004d62649980165c18385fb1) Importer(815301076,1909f56bfc062723c751e8b465ee728b)
Start importing Assets/POLY_Jungle/Prefabs/Vegetation/Trees using Guid(86c328ea004d62649980165c18385fb1) Importer(815301076,1909f56bfc062723c751e8b465ee728b)  -> (artifact id: 'caf60fae71137cfb7a2b0dd68c2bc204') in 0.005552 seconds 
  Import took 0.010497 seconds .

========================================================================
Received Import Request.
  Time since last request: 0.081469 seconds.
  path: Assets/POLY_Jungle/Prefabs/Vegetation/Trees/TreeBamboo01.prefab
  artifactKey: Guid(9c26c45bbd0b16944bf8de4866cdc77a) Importer(815301076,1909f56bfc062723c751e8b465ee728b)
Start importing Assets/POLY_Jungle/Prefabs/Vegetation/Trees/TreeBamboo01.prefab using Guid(9c26c45bbd0b16944bf8de4866cdc77a) Importer(815301076,1909f56bfc062723c751e8b465ee728b)  -> (artifact id: 'e9e78444260c26367c609791ab67d65f') in 0.028264 seconds 
  Import took 0.032416 seconds .

========================================================================
Received Import Request.
  Time since last request: 0.000315 seconds.
  path: Assets/POLY_Jungle/Prefabs/Vegetation/Trees/TreeBambooTall05.prefab
  artifactKey: Guid(b39f2d2ad10564648bcad3c38209cdc0) Importer(815301076,1909f56bfc062723c751e8b465ee728b)
Start importing Assets/POLY_Jungle/Prefabs/Vegetation/Trees/TreeBambooTall05.prefab using Guid(b39f2d2ad10564648bcad3c38209cdc0) Importer(815301076,1909f56bfc062723c751e8b465ee728b)  -> (artifact id: '1511c7e2ff76cfa2ff95bc5b71a576dc') in 0.034524 seconds 
  Import took 0.040121 seconds .

========================================================================
Received Import Request.
  Time since last request: 0.000387 seconds.
  path: Assets/POLY_Jungle/Prefabs/Vegetation/Trees/TreeMaple01.prefab
  artifactKey: Guid(f71b7c84d9b29f74984769571007da7f) Importer(815301076,1909f56bfc062723c751e8b465ee728b)
Start importing Assets/POLY_Jungle/Prefabs/Vegetation/Trees/TreeMaple01.prefab using Guid(f71b7c84d9b29f74984769571007da7f) Importer(815301076,1909f56bfc062723c751e8b465ee728b)  -> (artifact id: 'b4196effd6f7da37a3268ec9dc5f4f6a') in 0.018932 seconds 
  Import took 0.023176 seconds .

========================================================================
Received Import Request.
  Time since last request: 0.000310 seconds.
  path: Assets/POLY_Jungle/Prefabs/Vegetation/Trees/TreeMaple04.prefab
  artifactKey: Guid(d430e5bd229b64443a91c9513a383c24) Importer(815301076,1909f56bfc062723c751e8b465ee728b)
Start importing Assets/POLY_Jungle/Prefabs/Vegetation/Trees/TreeMaple04.prefab using Guid(d430e5bd229b64443a91c9513a383c24) Importer(815301076,1909f56bfc062723c751e8b465ee728b)  -> (artifact id: '632ff73de0d17681e155f85f03ed3bc0') in 0.028138 seconds 
  Import took 0.032553 seconds .

========================================================================
Received Import Request.
  Time since last request: 0.000339 seconds.
  path: Assets/POLY_Jungle/Prefabs/Vegetation/Trees/TreeMahogany03.prefab
  artifactKey: Guid(91e2b30ae087fac4aa4629e0b9980a3a) Importer(815301076,1909f56bfc062723c751e8b465ee728b)
Start importing Assets/POLY_Jungle/Prefabs/Vegetation/Trees/TreeMahogany03.prefab using Guid(91e2b30ae087fac4aa4629e0b9980a3a) Importer(815301076,1909f56bfc062723c751e8b465ee728b)  -> (artifact id: '6227cd5b8f82d2225edec4cc0bf9994a') in 0.031574 seconds 
  Import took 0.035729 seconds .

========================================================================
Received Import Request.
  Time since last request: 0.000322 seconds.
  path: Assets/POLY_Jungle/Prefabs/Vegetation/Trees/TreeHiatus06.prefab
  artifactKey: Guid(dfdac19e6c6f373499247f3d2690f786) Importer(815301076,1909f56bfc062723c751e8b465ee728b)
Start importing Assets/POLY_Jungle/Prefabs/Vegetation/Trees/TreeHiatus06.prefab using Guid(dfdac19e6c6f373499247f3d2690f786) Importer(815301076,1909f56bfc062723c751e8b465ee728b)  -> (artifact id: '3cbdc911533f9e084ee5666376fc4f5c') in 0.026454 seconds 
  Import took 0.031259 seconds .

========================================================================
Received Import Request.
  Time since last request: 0.000316 seconds.
  path: Assets/POLY_Jungle/Prefabs/Vegetation/Trees/TreeHiatus09.prefab
  artifactKey: Guid(56ff9b907a79a804ea628647d5773fb0) Importer(815301076,1909f56bfc062723c751e8b465ee728b)
Start importing Assets/POLY_Jungle/Prefabs/Vegetation/Trees/TreeHiatus09.prefab using Guid(56ff9b907a79a804ea628647d5773fb0) Importer(815301076,1909f56bfc062723c751e8b465ee728b)  -> (artifact id: 'bea198421e9e167107b1e71b182778a7') in 0.028449 seconds 
  Import took 0.033110 seconds .

========================================================================
Received Import Request.
  Time since last request: 0.000313 seconds.
  path: Assets/POLY_Jungle/Prefabs/Vegetation/Trees/TreeCedar05.prefab
  artifactKey: Guid(7853015dbe15d7d40a929929c4759ff1) Importer(815301076,1909f56bfc062723c751e8b465ee728b)
Start importing Assets/POLY_Jungle/Prefabs/Vegetation/Trees/TreeCedar05.prefab using Guid(7853015dbe15d7d40a929929c4759ff1) Importer(815301076,1909f56bfc062723c751e8b465ee728b)  -> (artifact id: '806c88e6ad10a5c3ae18b716537405be') in 0.028163 seconds 
  Import took 0.032443 seconds .

========================================================================
Received Import Request.
  Time since last request: 0.000378 seconds.
  path: Assets/POLY_Jungle/Prefabs/Vegetation/Trees/TreeBamboo06.prefab
  artifactKey: Guid(a4b47672473e624438f730a959db5849) Importer(815301076,1909f56bfc062723c751e8b465ee728b)
Start importing Assets/POLY_Jungle/Prefabs/Vegetation/Trees/TreeBamboo06.prefab using Guid(a4b47672473e624438f730a959db5849) Importer(815301076,1909f56bfc062723c751e8b465ee728b)  -> (artifact id: '45e8d07bf0de72dc2f4ad1008fc482d8') in 0.028914 seconds 
  Import took 0.033213 seconds .

========================================================================
Received Import Request.
  Time since last request: 0.000307 seconds.
  path: Assets/POLY_Jungle/Prefabs/Vegetation/Trees/TreeBambooTall04.prefab
  artifactKey: Guid(a1072d4185ddcd9498d7ac490a8eb727) Importer(815301076,1909f56bfc062723c751e8b465ee728b)
Start importing Assets/POLY_Jungle/Prefabs/Vegetation/Trees/TreeBambooTall04.prefab using Guid(a1072d4185ddcd9498d7ac490a8eb727) Importer(815301076,1909f56bfc062723c751e8b465ee728b)  -> (artifact id: '616afdd9f80a5b02aaeb56602dc7ec2a') in 0.028781 seconds 
  Import took 0.033479 seconds .

========================================================================
Received Import Request.
  Time since last request: 0.000305 seconds.
  path: Assets/POLY_Jungle/Prefabs/Vegetation/Trees/TreeCedar01.prefab
  artifactKey: Guid(95c1b2921287d404a97da6daf74f8d8e) Importer(815301076,1909f56bfc062723c751e8b465ee728b)
Start importing Assets/POLY_Jungle/Prefabs/Vegetation/Trees/TreeCedar01.prefab using Guid(95c1b2921287d404a97da6daf74f8d8e) Importer(815301076,1909f56bfc062723c751e8b465ee728b)  -> (artifact id: '79b5049dacc34cf47bc4adc3f3349f86') in 0.027477 seconds 
  Import took 0.031844 seconds .

========================================================================
Received Import Request.
  Time since last request: 0.000317 seconds.
  path: Assets/POLY_Jungle/Prefabs/Vegetation/Trees/TreeMahogany06.prefab
  artifactKey: Guid(dcadae904c4ebb04c870bdec40a32baf) Importer(815301076,1909f56bfc062723c751e8b465ee728b)
Start importing Assets/POLY_Jungle/Prefabs/Vegetation/Trees/TreeMahogany06.prefab using Guid(dcadae904c4ebb04c870bdec40a32baf) Importer(815301076,1909f56bfc062723c751e8b465ee728b)  -> (artifact id: 'b43240f68223c73230aa8b5603b9bc10') in 0.026629 seconds 
  Import took 0.030882 seconds .

========================================================================
Received Import Request.
  Time since last request: 0.000324 seconds.
  path: Assets/POLY_Jungle/Prefabs/Vegetation/Trees/TreeCedar08.prefab
  artifactKey: Guid(405d20839a6a8304da224cb94344f03c) Importer(815301076,1909f56bfc062723c751e8b465ee728b)
Start importing Assets/POLY_Jungle/Prefabs/Vegetation/Trees/TreeCedar08.prefab using Guid(405d20839a6a8304da224cb94344f03c) Importer(815301076,1909f56bfc062723c751e8b465ee728b)  -> (artifact id: 'b0fee1bb3ee0cc793573a27037f4e3cd') in 0.027750 seconds 
  Import took 0.031862 seconds .

========================================================================
Received Import Request.
  Time since last request: 0.000313 seconds.
  path: Assets/POLY_Jungle/Prefabs/Vegetation/Trees/TreeMahogany04.prefab
  artifactKey: Guid(839d9486a277f9947b3da324cdc0ab99) Importer(815301076,1909f56bfc062723c751e8b465ee728b)
Start importing Assets/POLY_Jungle/Prefabs/Vegetation/Trees/TreeMahogany04.prefab using Guid(839d9486a277f9947b3da324cdc0ab99) Importer(815301076,1909f56bfc062723c751e8b465ee728b)  -> (artifact id: '6d55547dcad1ddcdd603887e89c1a94b') in 0.025950 seconds 
  Import took 0.030406 seconds .

========================================================================
Received Import Request.
  Time since last request: 0.000407 seconds.
  path: Assets/POLY_Jungle/Prefabs/Vegetation/Trees/TreeWindmill02.prefab
  artifactKey: Guid(c75d528bcd4295544ac7ab028d565c5e) Importer(815301076,1909f56bfc062723c751e8b465ee728b)
Start importing Assets/POLY_Jungle/Prefabs/Vegetation/Trees/TreeWindmill02.prefab using Guid(c75d528bcd4295544ac7ab028d565c5e) Importer(815301076,1909f56bfc062723c751e8b465ee728b)  -> (artifact id: '3e98f85ed1efae88798f1a58386ccb65') in 0.018020 seconds 
  Import took 0.022333 seconds .

========================================================================
Received Import Request.
  Time since last request: 0.000311 seconds.
  path: Assets/POLY_Jungle/Prefabs/Vegetation/Trees/TreeWindmill08.prefab
  artifactKey: Guid(7c2ae28ade60a014f99b215ce332e557) Importer(815301076,1909f56bfc062723c751e8b465ee728b)
Start importing Assets/POLY_Jungle/Prefabs/Vegetation/Trees/TreeWindmill08.prefab using Guid(7c2ae28ade60a014f99b215ce332e557) Importer(815301076,1909f56bfc062723c751e8b465ee728b)  -> (artifact id: '0bbabfb830ee608521590c3dc926a0be') in 0.017529 seconds 
  Import took 0.021808 seconds .

========================================================================
Received Import Request.
  Time since last request: 0.000403 seconds.
  path: Assets/POLY_Jungle/Prefabs/Vegetation/Trees/TreeCedar07.prefab
  artifactKey: Guid(caeff867fdee83f4e8d301d34346fe29) Importer(815301076,1909f56bfc062723c751e8b465ee728b)
Start importing Assets/POLY_Jungle/Prefabs/Vegetation/Trees/TreeCedar07.prefab using Guid(caeff867fdee83f4e8d301d34346fe29) Importer(815301076,1909f56bfc062723c751e8b465ee728b)  -> (artifact id: '7675a50bfd836e342dc104cc3fd00b30') in 0.021356 seconds 
  Import took 0.027104 seconds .

========================================================================
Received Import Request.
  Time since last request: 0.000271 seconds.
  path: Assets/POLY_Jungle/Prefabs/Vegetation/Trees/TreeMahogany02.prefab
  artifactKey: Guid(a5a54ddcf42dbca41b88b301297a09fc) Importer(815301076,1909f56bfc062723c751e8b465ee728b)
Start importing Assets/POLY_Jungle/Prefabs/Vegetation/Trees/TreeMahogany02.prefab using Guid(a5a54ddcf42dbca41b88b301297a09fc) Importer(815301076,1909f56bfc062723c751e8b465ee728b)  -> (artifact id: '494b96f13cc7625bb33652f304192f8a') in 0.026794 seconds 
  Import took 0.031315 seconds .

========================================================================
Received Import Request.
  Time since last request: 0.000369 seconds.
  path: Assets/POLY_Jungle/Prefabs/Vegetation/Trees/TreeCedar03.prefab
  artifactKey: Guid(ba4014b8b887571478a2c4a7b03ac702) Importer(815301076,1909f56bfc062723c751e8b465ee728b)
Start importing Assets/POLY_Jungle/Prefabs/Vegetation/Trees/TreeCedar03.prefab using Guid(ba4014b8b887571478a2c4a7b03ac702) Importer(815301076,1909f56bfc062723c751e8b465ee728b)  -> (artifact id: '4a3ece0c14d652bb81e4673861bb87be') in 0.026572 seconds 
  Import took 0.030936 seconds .

========================================================================
Received Import Request.
  Time since last request: 0.000320 seconds.
  path: Assets/POLY_Jungle/Prefabs/Vegetation/Trees/TreeHiatus02.prefab
  artifactKey: Guid(a8b608e74c8854a458ad8e4a61d0a3e7) Importer(815301076,1909f56bfc062723c751e8b465ee728b)
Start importing Assets/POLY_Jungle/Prefabs/Vegetation/Trees/TreeHiatus02.prefab using Guid(a8b608e74c8854a458ad8e4a61d0a3e7) Importer(815301076,1909f56bfc062723c751e8b465ee728b)  -> (artifact id: '3b2e3551ffc59549f129d82edebacae4') in 0.023678 seconds 
  Import took 0.028354 seconds .

========================================================================
Received Import Request.
  Time since last request: 0.000440 seconds.
  path: Assets/POLY_Jungle/Prefabs/Vegetation/Trees/TreeMahogany05.prefab
  artifactKey: Guid(95723995075286742b0b73f0d42dd9de) Importer(815301076,1909f56bfc062723c751e8b465ee728b)
Start importing Assets/POLY_Jungle/Prefabs/Vegetation/Trees/TreeMahogany05.prefab using Guid(95723995075286742b0b73f0d42dd9de) Importer(815301076,1909f56bfc062723c751e8b465ee728b)  -> (artifact id: '9c825e386534394c5a4f4f70aaef7000') in 0.018334 seconds 
  Import took 0.023032 seconds .

========================================================================
Received Import Request.
  Time since last request: 0.000329 seconds.
  path: Assets/POLY_Jungle/Prefabs/Vegetation/Trees/TreeBambooTall06.prefab
  artifactKey: Guid(c08b58946e363f64ab6d503d8954da61) Importer(815301076,1909f56bfc062723c751e8b465ee728b)
Start importing Assets/POLY_Jungle/Prefabs/Vegetation/Trees/TreeBambooTall06.prefab using Guid(c08b58946e363f64ab6d503d8954da61) Importer(815301076,1909f56bfc062723c751e8b465ee728b)  -> (artifact id: '06707401a442971459985149569522dc') in 0.025396 seconds 
  Import took 0.029558 seconds .

========================================================================
Received Import Request.
  Time since last request: 0.000347 seconds.
  path: Assets/POLY_Jungle/Prefabs/Vegetation/Trees/TreeWindmill03.prefab
  artifactKey: Guid(19a38fde05f45a44d8a631b1117a0f88) Importer(815301076,1909f56bfc062723c751e8b465ee728b)
Start importing Assets/POLY_Jungle/Prefabs/Vegetation/Trees/TreeWindmill03.prefab using Guid(19a38fde05f45a44d8a631b1117a0f88) Importer(815301076,1909f56bfc062723c751e8b465ee728b)  -> (artifact id: '6420dd8cffd9345c5b161f1073615ecf') in 0.039383 seconds 
  Import took 0.044523 seconds .

========================================================================
Received Import Request.
  Time since last request: 0.000725 seconds.
  path: Assets/POLY_Jungle/Prefabs/Vegetation/Trees/TreeKapokier04.prefab
  artifactKey: Guid(19fff1cbb92d9e84e86255c0470185fe) Importer(815301076,1909f56bfc062723c751e8b465ee728b)
Start importing Assets/POLY_Jungle/Prefabs/Vegetation/Trees/TreeKapokier04.prefab using Guid(19fff1cbb92d9e84e86255c0470185fe) Importer(815301076,1909f56bfc062723c751e8b465ee728b)  -> (artifact id: 'ef8ebbc3cb3a67c3d4685aa1fc19c9b9') in 0.072064 seconds 
  Import took 0.078324 seconds .

========================================================================
Received Import Request.
  Time since last request: 0.000401 seconds.
  path: Assets/POLY_Jungle/Prefabs/Vegetation/Trees/TreeMaple03.prefab
  artifactKey: Guid(b86cf02c28842cf4db4b59f1f5d6c68b) Importer(815301076,1909f56bfc062723c751e8b465ee728b)
Start importing Assets/POLY_Jungle/Prefabs/Vegetation/Trees/TreeMaple03.prefab using Guid(b86cf02c28842cf4db4b59f1f5d6c68b) Importer(815301076,1909f56bfc062723c751e8b465ee728b)  -> (artifact id: '82c468846d0818d32f5cfa287ac6578b') in 0.018839 seconds 
  Import took 0.026527 seconds .

========================================================================
Received Import Request.
  Time since last request: 0.000351 seconds.
  path: Assets/POLY_Jungle/Prefabs/Vegetation/Trees/TreeMaple02.prefab
  artifactKey: Guid(0f5bbbb0ec2f4874ba2d0602d56d3d46) Importer(815301076,1909f56bfc062723c751e8b465ee728b)
Start importing Assets/POLY_Jungle/Prefabs/Vegetation/Trees/TreeMaple02.prefab using Guid(0f5bbbb0ec2f4874ba2d0602d56d3d46) Importer(815301076,1909f56bfc062723c751e8b465ee728b)  -> (artifact id: '7db036a201a43462918b1f7cb344605a') in 0.018365 seconds 
  Import took 0.022776 seconds .

========================================================================
Received Import Request.
  Time since last request: 0.000775 seconds.
  path: Assets/POLY_Jungle/Prefabs/Vegetation/Trees/TreeMaple08.prefab
  artifactKey: Guid(f32b5bffbdc987549b7f017eb6458bab) Importer(815301076,1909f56bfc062723c751e8b465ee728b)
Start importing Assets/POLY_Jungle/Prefabs/Vegetation/Trees/TreeMaple08.prefab using Guid(f32b5bffbdc987549b7f017eb6458bab) Importer(815301076,1909f56bfc062723c751e8b465ee728b)  -> (artifact id: '53b03dc1ee7bf446f744f0ce96abdb8f') in 0.024938 seconds 
  Import took 0.030424 seconds .

========================================================================
Received Import Request.
  Time since last request: 0.000287 seconds.
  path: Assets/POLY_Jungle/Prefabs/Vegetation/Trees/TreeBambooTall09.prefab
  artifactKey: Guid(1bb9e8a4df56df742a59a1b370716398) Importer(815301076,1909f56bfc062723c751e8b465ee728b)
Start importing Assets/POLY_Jungle/Prefabs/Vegetation/Trees/TreeBambooTall09.prefab using Guid(1bb9e8a4df56df742a59a1b370716398) Importer(815301076,1909f56bfc062723c751e8b465ee728b)  -> (artifact id: 'ea66f1d8b682084e9f17173212d5d787') in 0.054740 seconds 
  Import took 0.062189 seconds .

========================================================================
Received Import Request.
  Time since last request: 0.000527 seconds.
  path: Assets/POLY_Jungle/Prefabs/Vegetation/Trees/TreeKapokier03.prefab
  artifactKey: Guid(594c0a48c2603eb4398d7eb21d35122c) Importer(815301076,1909f56bfc062723c751e8b465ee728b)
Start importing Assets/POLY_Jungle/Prefabs/Vegetation/Trees/TreeKapokier03.prefab using Guid(594c0a48c2603eb4398d7eb21d35122c) Importer(815301076,1909f56bfc062723c751e8b465ee728b)  -> (artifact id: '52e991613c8cacca9454c83e630d0393') in 0.056955 seconds 
  Import took 0.101051 seconds .

========================================================================
Received Import Request.
  Time since last request: 0.000499 seconds.
  path: Assets/POLY_Jungle/Prefabs/Vegetation/Trees/TreeBamboo03.prefab
  artifactKey: Guid(743a6ca32531bf24384a226b1432e104) Importer(815301076,1909f56bfc062723c751e8b465ee728b)
Start importing Assets/POLY_Jungle/Prefabs/Vegetation/Trees/TreeBamboo03.prefab using Guid(743a6ca32531bf24384a226b1432e104) Importer(815301076,1909f56bfc062723c751e8b465ee728b)  -> (artifact id: 'ee81e626e682c36a4060011da1f030c4') in 0.022460 seconds 
  Import took 0.028253 seconds .

========================================================================
Received Import Request.
  Time since last request: 0.000324 seconds.
  path: Assets/POLY_Jungle/Prefabs/Vegetation/Trees/TreeBambooTall08.prefab
  artifactKey: Guid(30196beb309274143af67eee391b6fd7) Importer(815301076,1909f56bfc062723c751e8b465ee728b)
Start importing Assets/POLY_Jungle/Prefabs/Vegetation/Trees/TreeBambooTall08.prefab using Guid(30196beb309274143af67eee391b6fd7) Importer(815301076,1909f56bfc062723c751e8b465ee728b)  -> (artifact id: '32739438885d23aa0f81780dff525d76') in 0.024114 seconds 
  Import took 0.032963 seconds .

========================================================================
Received Import Request.
  Time since last request: 0.000461 seconds.
  path: Assets/POLY_Jungle/Prefabs/Vegetation/Trees/TreeWindmill09.prefab
  artifactKey: Guid(69a82c3c40488504d8fba59d4529330c) Importer(815301076,1909f56bfc062723c751e8b465ee728b)
Start importing Assets/POLY_Jungle/Prefabs/Vegetation/Trees/TreeWindmill09.prefab using Guid(69a82c3c40488504d8fba59d4529330c) Importer(815301076,1909f56bfc062723c751e8b465ee728b)  -> (artifact id: 'c9f8891136b9ae86d688d5892eac5921') in 0.020941 seconds 
  Import took 0.029464 seconds .

========================================================================
Received Import Request.
  Time since last request: 0.000652 seconds.
  path: Assets/POLY_Jungle/Prefabs/Vegetation/Trees/TreeMahogany08.prefab
  artifactKey: Guid(9c2896c508751fd468b8b5e9a0808a77) Importer(815301076,1909f56bfc062723c751e8b465ee728b)
Start importing Assets/POLY_Jungle/Prefabs/Vegetation/Trees/TreeMahogany08.prefab using Guid(9c2896c508751fd468b8b5e9a0808a77) Importer(815301076,1909f56bfc062723c751e8b465ee728b)  -> (artifact id: 'd973cc286b47dd9aeb49f21f0e84c476') in 0.028973 seconds 
  Import took 0.033981 seconds .

========================================================================
Received Import Request.
  Time since last request: 0.000329 seconds.
  path: Assets/POLY_Jungle/Prefabs/Vegetation/Trees/TreeBambooTall03.prefab
  artifactKey: Guid(180ffa6cd5db6ab4a9512e02a33ab51d) Importer(815301076,1909f56bfc062723c751e8b465ee728b)
Start importing Assets/POLY_Jungle/Prefabs/Vegetation/Trees/TreeBambooTall03.prefab using Guid(180ffa6cd5db6ab4a9512e02a33ab51d) Importer(815301076,1909f56bfc062723c751e8b465ee728b)  -> (artifact id: '92b179fb243aca4c7cddfb99d5e863cf') in 0.019807 seconds 
  Import took 0.028648 seconds .

========================================================================
Received Import Request.
  Time since last request: 0.000555 seconds.
  path: Assets/POLY_Jungle/Prefabs/Vegetation/Trees/TreeHiatus08.prefab
  artifactKey: Guid(b33b612550d0a9a47bfbb539e54ed4cc) Importer(815301076,1909f56bfc062723c751e8b465ee728b)
Start importing Assets/POLY_Jungle/Prefabs/Vegetation/Trees/TreeHiatus08.prefab using Guid(b33b612550d0a9a47bfbb539e54ed4cc) Importer(815301076,1909f56bfc062723c751e8b465ee728b)  -> (artifact id: 'd87e0075f063bfd6946a2d64f0c6ea9b') in 0.026274 seconds 
  Import took 0.033988 seconds .

========================================================================
Received Import Request.
  Time since last request: 0.000399 seconds.
  path: Assets/POLY_Jungle/Prefabs/Vegetation/Trees/TreeHiatus04.prefab
  artifactKey: Guid(039bbec17931ae2449dd6cb8e26088ee) Importer(815301076,1909f56bfc062723c751e8b465ee728b)
Start importing Assets/POLY_Jungle/Prefabs/Vegetation/Trees/TreeHiatus04.prefab using Guid(039bbec17931ae2449dd6cb8e26088ee) Importer(815301076,1909f56bfc062723c751e8b465ee728b)  -> (artifact id: '9f4766ad1cf6549c509cc0acbf7611f4') in 0.021257 seconds 
  Import took 0.026486 seconds .

========================================================================
Received Import Request.
  Time since last request: 0.000381 seconds.
  path: Assets/POLY_Jungle/Prefabs/Vegetation/Trees/TreeKapokier05.prefab
  artifactKey: Guid(2f1c91d12db77bf478adf2376e29744a) Importer(815301076,1909f56bfc062723c751e8b465ee728b)
Start importing Assets/POLY_Jungle/Prefabs/Vegetation/Trees/TreeKapokier05.prefab using Guid(2f1c91d12db77bf478adf2376e29744a) Importer(815301076,1909f56bfc062723c751e8b465ee728b)  -> (artifact id: '1db72d6f91ff4f649d40f5e956edb09f') in 0.022401 seconds 
  Import took 0.029441 seconds .

========================================================================
Received Import Request.
  Time since last request: 0.000448 seconds.
  path: Assets/POLY_Jungle/Prefabs/Vegetation/Trees/TreeWindmill05.prefab
  artifactKey: Guid(7a324d085a1caae46b21001788821991) Importer(815301076,1909f56bfc062723c751e8b465ee728b)
Start importing Assets/POLY_Jungle/Prefabs/Vegetation/Trees/TreeWindmill05.prefab using Guid(7a324d085a1caae46b21001788821991) Importer(815301076,1909f56bfc062723c751e8b465ee728b)  -> (artifact id: 'f446496be4a6c145700f9337d8ce9183') in 0.026927 seconds 
  Import took 0.033909 seconds .

========================================================================
Received Import Request.
  Time since last request: 0.000557 seconds.
  path: Assets/POLY_Jungle/Prefabs/Vegetation/Trees/TreeBambooTall02.prefab
  artifactKey: Guid(61ead7db2652b8c4f9b2c603b1884254) Importer(815301076,1909f56bfc062723c751e8b465ee728b)
Start importing Assets/POLY_Jungle/Prefabs/Vegetation/Trees/TreeBambooTall02.prefab using Guid(61ead7db2652b8c4f9b2c603b1884254) Importer(815301076,1909f56bfc062723c751e8b465ee728b)  -> (artifact id: 'f6900c985ce659d451db9dba07916842') in 0.018335 seconds 
  Import took 0.025791 seconds .

========================================================================
Received Import Request.
  Time since last request: 0.000321 seconds.
  path: Assets/POLY_Jungle/Prefabs/Vegetation/Trees/TreeBambooTall07.prefab
  artifactKey: Guid(e2bdf1e697348804a87062b798fc3a27) Importer(815301076,1909f56bfc062723c751e8b465ee728b)
Start importing Assets/POLY_Jungle/Prefabs/Vegetation/Trees/TreeBambooTall07.prefab using Guid(e2bdf1e697348804a87062b798fc3a27) Importer(815301076,1909f56bfc062723c751e8b465ee728b)  -> (artifact id: '6909530669376ec28ab8fb8494d6c0c6') in 0.024316 seconds 
  Import took 0.032517 seconds .

========================================================================
Received Import Request.
  Time since last request: 0.000815 seconds.
  path: Assets/POLY_Jungle/Prefabs/Vegetation/Trees/TreeMahogany09.prefab
  artifactKey: Guid(0494513dcd4d83741bb47bcaeea4e843) Importer(815301076,1909f56bfc062723c751e8b465ee728b)
Start importing Assets/POLY_Jungle/Prefabs/Vegetation/Trees/TreeMahogany09.prefab using Guid(0494513dcd4d83741bb47bcaeea4e843) Importer(815301076,1909f56bfc062723c751e8b465ee728b)  -> (artifact id: 'f90f1c65bc7dc6f13d6d1ad7b4ad7b22') in 0.028677 seconds 
  Import took 0.035827 seconds .

========================================================================
Received Import Request.
  Time since last request: 0.000328 seconds.
  path: Assets/POLY_Jungle/Prefabs/Vegetation/Trees/TreeCedar06.prefab
  artifactKey: Guid(d6c4823fbcee3334c9e89ff3dc48a3a3) Importer(815301076,1909f56bfc062723c751e8b465ee728b)
Start importing Assets/POLY_Jungle/Prefabs/Vegetation/Trees/TreeCedar06.prefab using Guid(d6c4823fbcee3334c9e89ff3dc48a3a3) Importer(815301076,1909f56bfc062723c751e8b465ee728b)  -> (artifact id: 'd6911d702ab6333c54ecd60646228478') in 0.024909 seconds 
  Import took 0.030617 seconds .

========================================================================
Received Import Request.
  Time since last request: 0.000342 seconds.
  path: Assets/POLY_Jungle/Prefabs/Vegetation/Trees/TreeCedar02.prefab
  artifactKey: Guid(21987c785cf62274c8c3e1ad2de8babd) Importer(815301076,1909f56bfc062723c751e8b465ee728b)
Start importing Assets/POLY_Jungle/Prefabs/Vegetation/Trees/TreeCedar02.prefab using Guid(21987c785cf62274c8c3e1ad2de8babd) Importer(815301076,1909f56bfc062723c751e8b465ee728b)  -> (artifact id: 'f4e6f854b2334f5a88f16264b791e159') in 0.019096 seconds 
  Import took 0.025195 seconds .

========================================================================
Received Import Request.
  Time since last request: 0.000928 seconds.
  path: Assets/POLY_Jungle/Prefabs/Vegetation/Trees/TreeKapokier01.prefab
  artifactKey: Guid(0dd8c1d2be1f44d4687b7d929f675c3f) Importer(815301076,1909f56bfc062723c751e8b465ee728b)
Start importing Assets/POLY_Jungle/Prefabs/Vegetation/Trees/TreeKapokier01.prefab using Guid(0dd8c1d2be1f44d4687b7d929f675c3f) Importer(815301076,1909f56bfc062723c751e8b465ee728b)  -> (artifact id: '0fba997ad77e69cdfb627944694b9934') in 0.019903 seconds 
  Import took 0.024542 seconds .

========================================================================
Received Import Request.
  Time since last request: 0.000356 seconds.
  path: Assets/POLY_Jungle/Prefabs/Vegetation/Trees/TreeKapokier02.prefab
  artifactKey: Guid(972b528c3572fea46b37195ac4bcedcf) Importer(815301076,1909f56bfc062723c751e8b465ee728b)
Start importing Assets/POLY_Jungle/Prefabs/Vegetation/Trees/TreeKapokier02.prefab using Guid(972b528c3572fea46b37195ac4bcedcf) Importer(815301076,1909f56bfc062723c751e8b465ee728b)  -> (artifact id: 'dbc13df7e4b2b729289fe7549067c568') in 0.025314 seconds 
  Import took 0.030443 seconds .

========================================================================
Received Import Request.
  Time since last request: 0.000422 seconds.
  path: Assets/POLY_Jungle/Prefabs/Vegetation/Trees/TreeWindmill07.prefab
  artifactKey: Guid(fc28674ad899b8b4f9a99136b67b2579) Importer(815301076,1909f56bfc062723c751e8b465ee728b)
Start importing Assets/POLY_Jungle/Prefabs/Vegetation/Trees/TreeWindmill07.prefab using Guid(fc28674ad899b8b4f9a99136b67b2579) Importer(815301076,1909f56bfc062723c751e8b465ee728b)  -> (artifact id: 'c96fbe3382b9146f6533a4cd6c8f5380') in 0.031540 seconds 
  Import took 0.036103 seconds .

========================================================================
Received Import Request.
  Time since last request: 0.000433 seconds.
  path: Assets/POLY_Jungle/Prefabs/Vegetation/Trees/TreeBamboo05.prefab
  artifactKey: Guid(8a3e91f19abe5f9428e417fbf375edd8) Importer(815301076,1909f56bfc062723c751e8b465ee728b)
Start importing Assets/POLY_Jungle/Prefabs/Vegetation/Trees/TreeBamboo05.prefab using Guid(8a3e91f19abe5f9428e417fbf375edd8) Importer(815301076,1909f56bfc062723c751e8b465ee728b)  -> (artifact id: '18d64faf9ec03d1e28fd5f1082f9bfd4') in 0.020297 seconds 
  Import took 0.025277 seconds .

========================================================================
Received Import Request.
  Time since last request: 0.000333 seconds.
  path: Assets/POLY_Jungle/Prefabs/Vegetation/Trees/TreeHiatus01.prefab
  artifactKey: Guid(8015dd632151d394cac25bc4aed7b2de) Importer(815301076,1909f56bfc062723c751e8b465ee728b)
Start importing Assets/POLY_Jungle/Prefabs/Vegetation/Trees/TreeHiatus01.prefab using Guid(8015dd632151d394cac25bc4aed7b2de) Importer(815301076,1909f56bfc062723c751e8b465ee728b)  -> (artifact id: 'af0a0d5de32bc30dd13966e3cf161c22') in 0.021276 seconds 
  Import took 0.026386 seconds .

========================================================================
Received Import Request.
  Time since last request: 0.000398 seconds.
  path: Assets/POLY_Jungle/Prefabs/Vegetation/Trees/TreeBamboo07.prefab
  artifactKey: Guid(6cb40019a51966d42a3557388bf90aff) Importer(815301076,1909f56bfc062723c751e8b465ee728b)
Start importing Assets/POLY_Jungle/Prefabs/Vegetation/Trees/TreeBamboo07.prefab using Guid(6cb40019a51966d42a3557388bf90aff) Importer(815301076,1909f56bfc062723c751e8b465ee728b)  -> (artifact id: '6082e131b77628f51604e6033cbd4496') in 0.022500 seconds 
  Import took 0.027684 seconds .

========================================================================
Received Import Request.
  Time since last request: 0.000373 seconds.
  path: Assets/POLY_Jungle/Prefabs/Vegetation/Trees/TreeMaple06.prefab
  artifactKey: Guid(b696a135a6a45624f8a97f3cc21100e8) Importer(815301076,1909f56bfc062723c751e8b465ee728b)
Start importing Assets/POLY_Jungle/Prefabs/Vegetation/Trees/TreeMaple06.prefab using Guid(b696a135a6a45624f8a97f3cc21100e8) Importer(815301076,1909f56bfc062723c751e8b465ee728b)  -> (artifact id: '8651a107288c5dd0b649b27b36a11679') in 0.025423 seconds 
  Import took 0.031357 seconds .

========================================================================
Received Import Request.
  Time since last request: 0.000346 seconds.
  path: Assets/POLY_Jungle/Prefabs/Vegetation/Trees/TreeBambooTall01.prefab
  artifactKey: Guid(814bc245580cfe4479aca43e23fc844f) Importer(815301076,1909f56bfc062723c751e8b465ee728b)
Start importing Assets/POLY_Jungle/Prefabs/Vegetation/Trees/TreeBambooTall01.prefab using Guid(814bc245580cfe4479aca43e23fc844f) Importer(815301076,1909f56bfc062723c751e8b465ee728b)  -> (artifact id: '3de61a70248c928d0224f5b33ae1234d') in 0.027483 seconds 
  Import took 0.032185 seconds .

========================================================================
Received Import Request.
  Time since last request: 0.000365 seconds.
  path: Assets/POLY_Jungle/Prefabs/Vegetation/Trees/TreeWindmill04.prefab
  artifactKey: Guid(603a887e6afe6b7498983d785ea9b946) Importer(815301076,1909f56bfc062723c751e8b465ee728b)
Start importing Assets/POLY_Jungle/Prefabs/Vegetation/Trees/TreeWindmill04.prefab using Guid(603a887e6afe6b7498983d785ea9b946) Importer(815301076,1909f56bfc062723c751e8b465ee728b)  -> (artifact id: '65f95ff12a193f18583885204d01a4d9') in 0.020344 seconds 
  Import took 0.027658 seconds .

========================================================================
Received Import Request.
  Time since last request: 0.000380 seconds.
  path: Assets/POLY_Jungle/Prefabs/Vegetation/Trees/TreeCedar04.prefab
  artifactKey: Guid(7062d099ea4adf84e8149f7c1b7d735a) Importer(815301076,1909f56bfc062723c751e8b465ee728b)
Start importing Assets/POLY_Jungle/Prefabs/Vegetation/Trees/TreeCedar04.prefab using Guid(7062d099ea4adf84e8149f7c1b7d735a) Importer(815301076,1909f56bfc062723c751e8b465ee728b)  -> (artifact id: '0dd751c326d8bd428ffe35fc7322cd7e') in 0.019097 seconds 
  Import took 0.024439 seconds .

========================================================================
Received Import Request.
  Time since last request: 0.000281 seconds.
  path: Assets/POLY_Jungle/Prefabs/Vegetation/Trees/TreeMaple07.prefab
  artifactKey: Guid(72f4216765fcfe049aaccd11857923d6) Importer(815301076,1909f56bfc062723c751e8b465ee728b)
Start importing Assets/POLY_Jungle/Prefabs/Vegetation/Trees/TreeMaple07.prefab using Guid(72f4216765fcfe049aaccd11857923d6) Importer(815301076,1909f56bfc062723c751e8b465ee728b)  -> (artifact id: 'a80081f3b5c9f08e4bba5de7f7a03fa7') in 0.020698 seconds 
  Import took 0.026298 seconds .

========================================================================
Received Import Request.
  Time since last request: 0.000316 seconds.
  path: Assets/POLY_Jungle/Prefabs/Vegetation/Trees/TreeBamboo09.prefab
  artifactKey: Guid(a37170172ec35604fafbe924e3a97bc5) Importer(815301076,1909f56bfc062723c751e8b465ee728b)
Start importing Assets/POLY_Jungle/Prefabs/Vegetation/Trees/TreeBamboo09.prefab using Guid(a37170172ec35604fafbe924e3a97bc5) Importer(815301076,1909f56bfc062723c751e8b465ee728b)  -> (artifact id: 'c22c437956fd0d2aa807b8370e4c88ee') in 0.024837 seconds 
  Import took 0.030621 seconds .

========================================================================
Received Import Request.
  Time since last request: 0.000382 seconds.
  path: Assets/POLY_Jungle/Prefabs/Vegetation/Trees/TreeBamboo08.prefab
  artifactKey: Guid(67f256e930ac52b408fef89ee035f59f) Importer(815301076,1909f56bfc062723c751e8b465ee728b)
Start importing Assets/POLY_Jungle/Prefabs/Vegetation/Trees/TreeBamboo08.prefab using Guid(67f256e930ac52b408fef89ee035f59f) Importer(815301076,1909f56bfc062723c751e8b465ee728b)  -> (artifact id: '1ba403b3ddc76e987e5dea8eb202acea') in 0.023531 seconds 
  Import took 0.028871 seconds .

========================================================================
Received Import Request.
  Time since last request: 0.000383 seconds.
  path: Assets/POLY_Jungle/Prefabs/Vegetation/Trees/TreeHiatus03.prefab
  artifactKey: Guid(b5c92b80293777f419c6d9a48ee36186) Importer(815301076,1909f56bfc062723c751e8b465ee728b)
Start importing Assets/POLY_Jungle/Prefabs/Vegetation/Trees/TreeHiatus03.prefab using Guid(b5c92b80293777f419c6d9a48ee36186) Importer(815301076,1909f56bfc062723c751e8b465ee728b)  -> (artifact id: '5e7891b224b6f9cd7f60bf964c560e53') in 0.026494 seconds 
  Import took 0.032073 seconds .

========================================================================
Received Import Request.
  Time since last request: 0.000324 seconds.
  path: Assets/POLY_Jungle/Prefabs/Vegetation/Trees/TreeHiatus07.prefab
  artifactKey: Guid(d04997f75608c5f4d8dca37356e70df2) Importer(815301076,1909f56bfc062723c751e8b465ee728b)
Start importing Assets/POLY_Jungle/Prefabs/Vegetation/Trees/TreeHiatus07.prefab using Guid(d04997f75608c5f4d8dca37356e70df2) Importer(815301076,1909f56bfc062723c751e8b465ee728b)  -> (artifact id: '582101fdb723cd80c4d4150ab6b77d81') in 0.022838 seconds 
  Import took 0.028482 seconds .

========================================================================
Received Import Request.
  Time since last request: 0.000303 seconds.
  path: Assets/POLY_Jungle/Prefabs/Vegetation/Trees/TreeMaple09.prefab
  artifactKey: Guid(6f288f54d031eb042a5b9897c70bde29) Importer(815301076,1909f56bfc062723c751e8b465ee728b)
Start importing Assets/POLY_Jungle/Prefabs/Vegetation/Trees/TreeMaple09.prefab using Guid(6f288f54d031eb042a5b9897c70bde29) Importer(815301076,1909f56bfc062723c751e8b465ee728b)  -> (artifact id: '6f40ad63d7302f560a26c02af351ce79') in 0.021951 seconds 
  Import took 0.028118 seconds .

========================================================================
Received Import Request.
  Time since last request: 0.000318 seconds.
  path: Assets/POLY_Jungle/Prefabs/Vegetation/Trees/TreeHiatus05.prefab
  artifactKey: Guid(559c62650f836124d90e8449fa87877d) Importer(815301076,1909f56bfc062723c751e8b465ee728b)
Start importing Assets/POLY_Jungle/Prefabs/Vegetation/Trees/TreeHiatus05.prefab using Guid(559c62650f836124d90e8449fa87877d) Importer(815301076,1909f56bfc062723c751e8b465ee728b)  -> (artifact id: '91beab95230ec6ab581151afc79472dc') in 0.041256 seconds 
  Import took 0.046431 seconds .

========================================================================
Received Import Request.
  Time since last request: 0.000303 seconds.
  path: Assets/POLY_Jungle/Prefabs/Vegetation/Trees/TreeCedar09.prefab
  artifactKey: Guid(8cf1184bb82b56c4abf3d98b0876481d) Importer(815301076,1909f56bfc062723c751e8b465ee728b)
Start importing Assets/POLY_Jungle/Prefabs/Vegetation/Trees/TreeCedar09.prefab using Guid(8cf1184bb82b56c4abf3d98b0876481d) Importer(815301076,1909f56bfc062723c751e8b465ee728b)  -> (artifact id: '174b3d97a48d05a32eb54f677a95630c') in 0.018156 seconds 
  Import took 0.023050 seconds .

========================================================================
Received Import Request.
  Time since last request: 0.000656 seconds.
  path: Assets/POLY_Jungle/Prefabs/Vegetation/Trees/TreeMahogany07.prefab
  artifactKey: Guid(2e48d7581ac75a54591c1c7866c8aa6f) Importer(815301076,1909f56bfc062723c751e8b465ee728b)
Start importing Assets/POLY_Jungle/Prefabs/Vegetation/Trees/TreeMahogany07.prefab using Guid(2e48d7581ac75a54591c1c7866c8aa6f) Importer(815301076,1909f56bfc062723c751e8b465ee728b)  -> (artifact id: '4014d2e76d8d5eeaba64a859f330012b') in 0.021346 seconds 
  Import took 0.027701 seconds .

========================================================================
Received Import Request.
  Time since last request: 0.000431 seconds.
  path: Assets/POLY_Jungle/Prefabs/Vegetation/Trees/TreeMaple05.prefab
  artifactKey: Guid(1f1ae9b07712d264b93505d9e889ba16) Importer(815301076,1909f56bfc062723c751e8b465ee728b)
Start importing Assets/POLY_Jungle/Prefabs/Vegetation/Trees/TreeMaple05.prefab using Guid(1f1ae9b07712d264b93505d9e889ba16) Importer(815301076,1909f56bfc062723c751e8b465ee728b)  -> (artifact id: '007e5090306f602f7b0d0d6449e14877') in 0.018732 seconds 
  Import took 0.024710 seconds .

========================================================================
Received Import Request.
  Time since last request: 0.000330 seconds.
  path: Assets/POLY_Jungle/Prefabs/Vegetation/Trees/TreeMahogany01.prefab
  artifactKey: Guid(c3ddc83508cd58a489a60b45b1f420e9) Importer(815301076,1909f56bfc062723c751e8b465ee728b)
Start importing Assets/POLY_Jungle/Prefabs/Vegetation/Trees/TreeMahogany01.prefab using Guid(c3ddc83508cd58a489a60b45b1f420e9) Importer(815301076,1909f56bfc062723c751e8b465ee728b)  -> (artifact id: '2854c0037f67368f9e4bf22929de72b5') in 0.026699 seconds 
  Import took 0.031573 seconds .

========================================================================
Received Import Request.
  Time since last request: 0.000332 seconds.
  path: Assets/POLY_Jungle/Prefabs/Vegetation/Trees/TreeWindmill06.prefab
  artifactKey: Guid(7ac90beaa4db03c42b2300997b846c7a) Importer(815301076,1909f56bfc062723c751e8b465ee728b)
Start importing Assets/POLY_Jungle/Prefabs/Vegetation/Trees/TreeWindmill06.prefab using Guid(7ac90beaa4db03c42b2300997b846c7a) Importer(815301076,1909f56bfc062723c751e8b465ee728b)  -> (artifact id: 'b7731104f51e4eb665aea2b1689ecc1b') in 0.021295 seconds 
  Import took 0.026040 seconds .

========================================================================
Received Import Request.
  Time since last request: 0.000342 seconds.
  path: Assets/POLY_Jungle/Prefabs/Vegetation/Trees/TreeBamboo02.prefab
  artifactKey: Guid(874e0f08317784246992f7fe65c25230) Importer(815301076,1909f56bfc062723c751e8b465ee728b)
Start importing Assets/POLY_Jungle/Prefabs/Vegetation/Trees/TreeBamboo02.prefab using Guid(874e0f08317784246992f7fe65c25230) Importer(815301076,1909f56bfc062723c751e8b465ee728b)  -> (artifact id: 'b9567615ae4793f20446d131ff855eeb') in 0.025957 seconds 
  Import took 0.030502 seconds .

========================================================================
Received Import Request.
  Time since last request: 0.000341 seconds.
  path: Assets/POLY_Jungle/Prefabs/Vegetation/Trees/TreeBamboo04.prefab
  artifactKey: Guid(5f944119e5cf9924b82b79bb79a4e7bc) Importer(815301076,1909f56bfc062723c751e8b465ee728b)
Start importing Assets/POLY_Jungle/Prefabs/Vegetation/Trees/TreeBamboo04.prefab using Guid(5f944119e5cf9924b82b79bb79a4e7bc) Importer(815301076,1909f56bfc062723c751e8b465ee728b)  -> (artifact id: 'edee758d13a165c12df1c5e2f3dc8e15') in 0.018810 seconds 
  Import took 0.023773 seconds .

========================================================================
Received Import Request.
  Time since last request: 0.000344 seconds.
  path: Assets/POLY_Jungle/Prefabs/Vegetation/Trees/TreeWindmill01.prefab
  artifactKey: Guid(0363ec8c4607c7e47bb97064426b6ea2) Importer(815301076,1909f56bfc062723c751e8b465ee728b)
Start importing Assets/POLY_Jungle/Prefabs/Vegetation/Trees/TreeWindmill01.prefab using Guid(0363ec8c4607c7e47bb97064426b6ea2) Importer(815301076,1909f56bfc062723c751e8b465ee728b)  -> (artifact id: '2e4eadd6c151e5d4f5e96a95462b6296') in 0.020322 seconds 
  Import took 0.026163 seconds .

========================================================================
Received Import Request.
  Time since last request: 570.973557 seconds.
  path: Assets/POLY_Jungle/Prefabs/Vegetation/Lianas
  artifactKey: Guid(59a0f8aafcd317a4c8178084ade819cf) Importer(815301076,1909f56bfc062723c751e8b465ee728b)
Start importing Assets/POLY_Jungle/Prefabs/Vegetation/Lianas using Guid(59a0f8aafcd317a4c8178084ade819cf) Importer(815301076,1909f56bfc062723c751e8b465ee728b)  -> (artifact id: 'ff7dc137fe246c07161b10091d20d26e') in 0.005167 seconds 
  Import took 0.010424 seconds .

========================================================================
Received Import Request.
  Time since last request: 0.556717 seconds.
  path: Assets/POLY_Jungle/Prefabs/Vegetation/Fungi
  artifactKey: Guid(8f6bf35a4ba110f4db9c4c95c83ed0ad) Importer(815301076,1909f56bfc062723c751e8b465ee728b)
Start importing Assets/POLY_Jungle/Prefabs/Vegetation/Fungi using Guid(8f6bf35a4ba110f4db9c4c95c83ed0ad) Importer(815301076,1909f56bfc062723c751e8b465ee728b)  -> (artifact id: 'f53e3fcf0cb92f008355c028280c1b25') in 0.005013 seconds 
  Import took 0.008685 seconds .

========================================================================
Received Import Request.
  Time since last request: 0.063489 seconds.
  path: Assets/POLY_Jungle/Prefabs/Vegetation/Fungi/FungiBolete01.prefab
  artifactKey: Guid(524165d8a28755a47816ac9997bc2c59) Importer(815301076,1909f56bfc062723c751e8b465ee728b)
Start importing Assets/POLY_Jungle/Prefabs/Vegetation/Fungi/FungiBolete01.prefab using Guid(524165d8a28755a47816ac9997bc2c59) Importer(815301076,1909f56bfc062723c751e8b465ee728b)  -> (artifact id: 'a2a4edd182f4ecf6b599f1ee10b34703') in 0.019537 seconds 
  Import took 0.023325 seconds .

========================================================================
Received Import Request.
  Time since last request: 0.000346 seconds.
  path: Assets/POLY_Jungle/Prefabs/Vegetation/Fungi/FungiBolete03.prefab
  artifactKey: Guid(c1c8fd393d551b449bdc34dbfa76fe88) Importer(815301076,1909f56bfc062723c751e8b465ee728b)
Start importing Assets/POLY_Jungle/Prefabs/Vegetation/Fungi/FungiBolete03.prefab using Guid(c1c8fd393d551b449bdc34dbfa76fe88) Importer(815301076,1909f56bfc062723c751e8b465ee728b)  -> (artifact id: 'be340f8c447eb177a850a62e45c23b08') in 0.018950 seconds 
  Import took 0.023682 seconds .

========================================================================
Received Import Request.
  Time since last request: 0.000323 seconds.
  path: Assets/POLY_Jungle/Prefabs/Vegetation/Fungi/FungiCone02.prefab
  artifactKey: Guid(0f29004fbb44a994ba7bf1e424b7a040) Importer(815301076,1909f56bfc062723c751e8b465ee728b)
Start importing Assets/POLY_Jungle/Prefabs/Vegetation/Fungi/FungiCone02.prefab using Guid(0f29004fbb44a994ba7bf1e424b7a040) Importer(815301076,1909f56bfc062723c751e8b465ee728b)  -> (artifact id: '91fe8d7f8713de309699d7871304a34d') in 0.018909 seconds 
  Import took 0.023586 seconds .

========================================================================
Received Import Request.
  Time since last request: 0.000556 seconds.
  path: Assets/POLY_Jungle/Prefabs/Vegetation/Fungi/FungiUmbona04.prefab
  artifactKey: Guid(c42bd1e210d9a76489534268777f3a6a) Importer(815301076,1909f56bfc062723c751e8b465ee728b)
Start importing Assets/POLY_Jungle/Prefabs/Vegetation/Fungi/FungiUmbona04.prefab using Guid(c42bd1e210d9a76489534268777f3a6a) Importer(815301076,1909f56bfc062723c751e8b465ee728b)  -> (artifact id: '3996a60c74abe857341fb9c53b399fe0') in 0.018934 seconds 
  Import took 0.023293 seconds .

========================================================================
Received Import Request.
  Time since last request: 0.000379 seconds.
  path: Assets/POLY_Jungle/Prefabs/Vegetation/Fungi/FungiBolete05.prefab
  artifactKey: Guid(2e052303470b663409654d72d45cd173) Importer(815301076,1909f56bfc062723c751e8b465ee728b)
Start importing Assets/POLY_Jungle/Prefabs/Vegetation/Fungi/FungiBolete05.prefab using Guid(2e052303470b663409654d72d45cd173) Importer(815301076,1909f56bfc062723c751e8b465ee728b)  -> (artifact id: '150e8208286415a103f1dbf22cd97849') in 0.019772 seconds 
  Import took 0.024379 seconds .

========================================================================
Received Import Request.
  Time since last request: 0.000408 seconds.
  path: Assets/POLY_Jungle/Prefabs/Vegetation/Fungi/FungiCone04.prefab
  artifactKey: Guid(14e9168ea0cac184cbc4d52e1c2a1002) Importer(815301076,1909f56bfc062723c751e8b465ee728b)
Start importing Assets/POLY_Jungle/Prefabs/Vegetation/Fungi/FungiCone04.prefab using Guid(14e9168ea0cac184cbc4d52e1c2a1002) Importer(815301076,1909f56bfc062723c751e8b465ee728b)  -> (artifact id: '93c4e2778f7f688624c0543e8d991785') in 0.018886 seconds 
  Import took 0.023811 seconds .

========================================================================
Received Import Request.
  Time since last request: 0.000346 seconds.
  path: Assets/POLY_Jungle/Prefabs/Vegetation/Fungi/FungiRussula01.prefab
  artifactKey: Guid(bbfb62a8ea566334b96ffba7433c9a0b) Importer(815301076,1909f56bfc062723c751e8b465ee728b)
Start importing Assets/POLY_Jungle/Prefabs/Vegetation/Fungi/FungiRussula01.prefab using Guid(bbfb62a8ea566334b96ffba7433c9a0b) Importer(815301076,1909f56bfc062723c751e8b465ee728b)  -> (artifact id: '2a7c7aea47beb2a0aaa0a72aa80d2645') in 0.016980 seconds 
  Import took 0.021126 seconds .

========================================================================
Received Import Request.
  Time since last request: 0.000361 seconds.
  path: Assets/POLY_Jungle/Prefabs/Vegetation/Fungi/FungiRussula03.prefab
  artifactKey: Guid(e3abf358731f45a4f84246eb80f8cf5b) Importer(815301076,1909f56bfc062723c751e8b465ee728b)
Start importing Assets/POLY_Jungle/Prefabs/Vegetation/Fungi/FungiRussula03.prefab using Guid(e3abf358731f45a4f84246eb80f8cf5b) Importer(815301076,1909f56bfc062723c751e8b465ee728b)  -> (artifact id: '7eb8ba2df40b823975c6c4be0bd66c13') in 0.015685 seconds 
  Import took 0.020838 seconds .

========================================================================
Received Import Request.
  Time since last request: 0.000422 seconds.
  path: Assets/POLY_Jungle/Prefabs/Vegetation/Fungi/FungiCone01.prefab
  artifactKey: Guid(db44120b13fc52e4b8af873ae3225c68) Importer(815301076,1909f56bfc062723c751e8b465ee728b)
Start importing Assets/POLY_Jungle/Prefabs/Vegetation/Fungi/FungiCone01.prefab using Guid(db44120b13fc52e4b8af873ae3225c68) Importer(815301076,1909f56bfc062723c751e8b465ee728b)  -> (artifact id: 'f68c5b4fa57abedfd5eeee261060f279') in 0.015185 seconds 
  Import took 0.020867 seconds .

========================================================================
Received Import Request.
  Time since last request: 0.000409 seconds.
  path: Assets/POLY_Jungle/Prefabs/Vegetation/Fungi/FungiCone05.prefab
  artifactKey: Guid(0a4e976d801f04842869f75bee708251) Importer(815301076,1909f56bfc062723c751e8b465ee728b)
Start importing Assets/POLY_Jungle/Prefabs/Vegetation/Fungi/FungiCone05.prefab using Guid(0a4e976d801f04842869f75bee708251) Importer(815301076,1909f56bfc062723c751e8b465ee728b)  -> (artifact id: 'f2973e820c24f1776743bdb164cb06a8') in 0.015726 seconds 
  Import took 0.020972 seconds .

========================================================================
Received Import Request.
  Time since last request: 0.000392 seconds.
  path: Assets/POLY_Jungle/Prefabs/Vegetation/Fungi/FungiCone03.prefab
  artifactKey: Guid(f93f6c2e414e4b947a230888c9c2244f) Importer(815301076,1909f56bfc062723c751e8b465ee728b)
Start importing Assets/POLY_Jungle/Prefabs/Vegetation/Fungi/FungiCone03.prefab using Guid(f93f6c2e414e4b947a230888c9c2244f) Importer(815301076,1909f56bfc062723c751e8b465ee728b)  -> (artifact id: 'ff7f19428a67adb0f34561a9728c5611') in 0.017178 seconds 
  Import took 0.021410 seconds .

========================================================================
Received Import Request.
  Time since last request: 0.000296 seconds.
  path: Assets/POLY_Jungle/Prefabs/Vegetation/Fungi/FungiUmbona02.prefab
  artifactKey: Guid(6fe18fe9fd47170498b30ce669e014de) Importer(815301076,1909f56bfc062723c751e8b465ee728b)
Start importing Assets/POLY_Jungle/Prefabs/Vegetation/Fungi/FungiUmbona02.prefab using Guid(6fe18fe9fd47170498b30ce669e014de) Importer(815301076,1909f56bfc062723c751e8b465ee728b)  -> (artifact id: 'f3055c7f847d7236e9ef6e29a1bc7b75') in 0.016476 seconds 
  Import took 0.020953 seconds .

========================================================================
Received Import Request.
  Time since last request: 0.000729 seconds.
  path: Assets/POLY_Jungle/Prefabs/Vegetation/Fungi/FungiUmbona03.prefab
  artifactKey: Guid(894a816574448d34faf0c579d4786792) Importer(815301076,1909f56bfc062723c751e8b465ee728b)
Start importing Assets/POLY_Jungle/Prefabs/Vegetation/Fungi/FungiUmbona03.prefab using Guid(894a816574448d34faf0c579d4786792) Importer(815301076,1909f56bfc062723c751e8b465ee728b)  -> (artifact id: '926e49c43c62fef34432e2bdb79aea83') in 0.014715 seconds 
  Import took 0.020281 seconds .

========================================================================
Received Import Request.
  Time since last request: 0.000344 seconds.
  path: Assets/POLY_Jungle/Prefabs/Vegetation/Fungi/FungiBolete04.prefab
  artifactKey: Guid(9cbd857920d50fb428e3293c3da74232) Importer(815301076,1909f56bfc062723c751e8b465ee728b)
Start importing Assets/POLY_Jungle/Prefabs/Vegetation/Fungi/FungiBolete04.prefab using Guid(9cbd857920d50fb428e3293c3da74232) Importer(815301076,1909f56bfc062723c751e8b465ee728b)  -> (artifact id: 'db7ef0798f38b78809a76b10c1e7709e') in 0.017205 seconds 
  Import took 0.021466 seconds .

========================================================================
Received Import Request.
  Time since last request: 0.000439 seconds.
  path: Assets/POLY_Jungle/Prefabs/Vegetation/Fungi/FungiRussula02.prefab
  artifactKey: Guid(e39702d643f92df42bc5b333057cf3d3) Importer(815301076,1909f56bfc062723c751e8b465ee728b)
Start importing Assets/POLY_Jungle/Prefabs/Vegetation/Fungi/FungiRussula02.prefab using Guid(e39702d643f92df42bc5b333057cf3d3) Importer(815301076,1909f56bfc062723c751e8b465ee728b)  -> (artifact id: 'f97b4e65f3c3aa5bb0c69e4dd4e5b5f5') in 0.016684 seconds 
  Import took 0.020940 seconds .

========================================================================
Received Import Request.
  Time since last request: 0.000292 seconds.
  path: Assets/POLY_Jungle/Prefabs/Vegetation/Fungi/FungiBolete02.prefab
  artifactKey: Guid(5a12857720c11e34b8702db34c1ec765) Importer(815301076,1909f56bfc062723c751e8b465ee728b)
Start importing Assets/POLY_Jungle/Prefabs/Vegetation/Fungi/FungiBolete02.prefab using Guid(5a12857720c11e34b8702db34c1ec765) Importer(815301076,1909f56bfc062723c751e8b465ee728b)  -> (artifact id: '44a703fa18d1927e14a5666d400b9198') in 0.017416 seconds 
  Import took 0.022848 seconds .

========================================================================
Received Import Request.
  Time since last request: 0.000360 seconds.
  path: Assets/POLY_Jungle/Prefabs/Vegetation/Fungi/FungiUmbona05.prefab
  artifactKey: Guid(e9eda24cb564ed64282ddf5f77687409) Importer(815301076,1909f56bfc062723c751e8b465ee728b)
Start importing Assets/POLY_Jungle/Prefabs/Vegetation/Fungi/FungiUmbona05.prefab using Guid(e9eda24cb564ed64282ddf5f77687409) Importer(815301076,1909f56bfc062723c751e8b465ee728b)  -> (artifact id: 'dd66344fad0f6be99f4a3e059eedc576') in 0.016320 seconds 
  Import took 0.020499 seconds .

========================================================================
Received Import Request.
  Time since last request: 0.000345 seconds.
  path: Assets/POLY_Jungle/Prefabs/Vegetation/Fungi/FungiUmbona01.prefab
  artifactKey: Guid(1c78280ff2fd047489d692d9aa74237a) Importer(815301076,1909f56bfc062723c751e8b465ee728b)
Start importing Assets/POLY_Jungle/Prefabs/Vegetation/Fungi/FungiUmbona01.prefab using Guid(1c78280ff2fd047489d692d9aa74237a) Importer(815301076,1909f56bfc062723c751e8b465ee728b)  -> (artifact id: '9a1c3fefc06416942e40101736ad9dec') in 0.019052 seconds 
  Import took 0.023839 seconds .

========================================================================
Received Import Request.
  Time since last request: 5981.225732 seconds.
  path: Assets/CustonMaterials
  artifactKey: Guid(7facdafbd1f9fa248984137a90564c67) Importer(815301076,1909f56bfc062723c751e8b465ee728b)
Start importing Assets/CustonMaterials using Guid(7facdafbd1f9fa248984137a90564c67) Importer(815301076,1909f56bfc062723c751e8b465ee728b)  -> (artifact id: '9e2267fdbafdeb37d11015a05dcdbe61') in 0.005252 seconds 
  Import took 0.010788 seconds .

========================================================================
Received Import Request.
  Time since last request: 0.095798 seconds.
  path: Assets/CustonMaterials/FakeSky.mat
  artifactKey: Guid(eb608ce611700d04bae9d63da3b5f3a4) Importer(815301076,1909f56bfc062723c751e8b465ee728b)
Start importing Assets/CustonMaterials/FakeSky.mat using Guid(eb608ce611700d04bae9d63da3b5f3a4) Importer(815301076,1909f56bfc062723c751e8b465ee728b)  -> (artifact id: '5bbc110a03c3ee6ed0c600ef41b21ee2') in 0.210687 seconds 
  Import took 0.214433 seconds .

========================================================================
Received Import Request.
  Time since last request: 17.204653 seconds.
  path: Assets/CustonMaterials/ForestBackground.mat
  artifactKey: Guid(14d5190b36ea28842a0fd9fa2d3c1448) Importer(815301076,1909f56bfc062723c751e8b465ee728b)
Start importing Assets/CustonMaterials/ForestBackground.mat using Guid(14d5190b36ea28842a0fd9fa2d3c1448) Importer(815301076,1909f56bfc062723c751e8b465ee728b)  -> (artifact id: 'd4c5f5e3450e111a2816b764c8eb56e6') in 0.023299 seconds 
  Import took 0.029051 seconds .

========================================================================
Received Import Request.
  Time since last request: 191.611400 seconds.
  path: Assets/CustonMaterials/poly_forest.png
  artifactKey: Guid(8db7fb7e09c20ec49804fae7fdaa87c1) Importer(815301076,1909f56bfc062723c751e8b465ee728b)
Start importing Assets/CustonMaterials/poly_forest.png using Guid(8db7fb7e09c20ec49804fae7fdaa87c1) Importer(815301076,1909f56bfc062723c751e8b465ee728b)  -> (artifact id: '3bdeeb3717f2208bf1293bc0af82e183') in 0.054502 seconds 
  Import took 0.060303 seconds .

========================================================================
Received Import Request.
  Time since last request: 79.362908 seconds.
  path: Assets/CustonMaterials/Materials
  artifactKey: Guid(441a37335e5c8304793b4895c83c85f5) Importer(815301076,1909f56bfc062723c751e8b465ee728b)
Start importing Assets/CustonMaterials/Materials using Guid(441a37335e5c8304793b4895c83c85f5) Importer(815301076,1909f56bfc062723c751e8b465ee728b)  -> (artifact id: '7cfe47a0676fc489e35117859074b9d4') in 0.005468 seconds 
  Import took 0.009947 seconds .

========================================================================
Received Import Request.
  Time since last request: 195.270753 seconds.
  path: Assets/Terrain&Light
  artifactKey: Guid(c2e8c806839ccce41be013f4f2082dcd) Importer(815301076,1909f56bfc062723c751e8b465ee728b)
Start importing Assets/Terrain&Light using Guid(c2e8c806839ccce41be013f4f2082dcd) Importer(815301076,1909f56bfc062723c751e8b465ee728b)  -> (artifact id: 'c09dcdbfc49aae78744c03099fecdbb5') in 0.004915 seconds 
  Import took 0.010665 seconds .

========================================================================
Received Import Request.
  Time since last request: 4.925578 seconds.
  path: Assets/Terrain&Light/ZerinLabs_enviroKit_RetroForest
  artifactKey: Guid(ce1605c00648e7348b8f76dc7caab8ea) Importer(815301076,1909f56bfc062723c751e8b465ee728b)
Start importing Assets/Terrain&Light/ZerinLabs_enviroKit_RetroForest using Guid(ce1605c00648e7348b8f76dc7caab8ea) Importer(815301076,1909f56bfc062723c751e8b465ee728b)  -> (artifact id: 'dc8ffbba1662797700b605b7d4354054') in 0.005844 seconds 
  Import took 0.009583 seconds .

========================================================================
Received Import Request.
  Time since last request: 0.922595 seconds.
  path: Assets/Terrain&Light/ZerinLabs_enviroKit_RetroForest/Prefabs
  artifactKey: Guid(01ebc1e0f8096084994e2adfe771fd0f) Importer(815301076,1909f56bfc062723c751e8b465ee728b)
Start importing Assets/Terrain&Light/ZerinLabs_enviroKit_RetroForest/Prefabs using Guid(01ebc1e0f8096084994e2adfe771fd0f) Importer(815301076,1909f56bfc062723c751e8b465ee728b)  -> (artifact id: 'a7b89598179519283ff61ded4835f9ea') in 0.004453 seconds 
  Import took 0.009862 seconds .

========================================================================
Received Import Request.
  Time since last request: 0.063160 seconds.
  path: Assets/Terrain&Light/ZerinLabs_enviroKit_RetroForest/Prefabs/deco_boulder_A_VarA.prefab
  artifactKey: Guid(dbd3f4d10fdbb7342a74fb52814f2171) Importer(815301076,1909f56bfc062723c751e8b465ee728b)
Start importing Assets/Terrain&Light/ZerinLabs_enviroKit_RetroForest/Prefabs/deco_boulder_A_VarA.prefab using Guid(dbd3f4d10fdbb7342a74fb52814f2171) Importer(815301076,1909f56bfc062723c751e8b465ee728b)  -> (artifact id: '72f9eaaf89a3496a9876f4ac118cd98f') in 0.023088 seconds 
  Import took 0.027194 seconds .

========================================================================
Received Import Request.
  Time since last request: 0.000361 seconds.
  path: Assets/Terrain&Light/ZerinLabs_enviroKit_RetroForest/Prefabs/deco_boulder_A_VarB.prefab
  artifactKey: Guid(289ddbecf98cc4e4cb2b58c09b4cee32) Importer(815301076,1909f56bfc062723c751e8b465ee728b)
Start importing Assets/Terrain&Light/ZerinLabs_enviroKit_RetroForest/Prefabs/deco_boulder_A_VarB.prefab using Guid(289ddbecf98cc4e4cb2b58c09b4cee32) Importer(815301076,1909f56bfc062723c751e8b465ee728b)  -> (artifact id: '5c488bc1df4844d4c255770abb9d9958') in 0.017016 seconds 
  Import took 0.021366 seconds .

========================================================================
Received Import Request.
  Time since last request: 0.000277 seconds.
  path: Assets/Terrain&Light/ZerinLabs_enviroKit_RetroForest/Prefabs/deco_deco_chestBig_open_VarA.prefab
  artifactKey: Guid(00fbabb3a6d26f94cbc065e839b7507e) Importer(815301076,1909f56bfc062723c751e8b465ee728b)
Start importing Assets/Terrain&Light/ZerinLabs_enviroKit_RetroForest/Prefabs/deco_deco_chestBig_open_VarA.prefab using Guid(00fbabb3a6d26f94cbc065e839b7507e) Importer(815301076,1909f56bfc062723c751e8b465ee728b)  -> (artifact id: 'e22dc87f080107a387bd336d69147c26') in 0.016582 seconds 
  Import took 0.020783 seconds .

========================================================================
Received Import Request.
  Time since last request: 0.000309 seconds.
  path: Assets/Terrain&Light/ZerinLabs_enviroKit_RetroForest/Prefabs/deco_bushPlant_VarC.prefab
  artifactKey: Guid(c3261cddca5fca545ab50a41d4fcbe44) Importer(815301076,1909f56bfc062723c751e8b465ee728b)
Start importing Assets/Terrain&Light/ZerinLabs_enviroKit_RetroForest/Prefabs/deco_bushPlant_VarC.prefab using Guid(c3261cddca5fca545ab50a41d4fcbe44) Importer(815301076,1909f56bfc062723c751e8b465ee728b)  -> (artifact id: '606032179ca0e46cc633bd7e7d4fd34e') in 0.018465 seconds 
  Import took 0.022514 seconds .

========================================================================
Received Import Request.
  Time since last request: 0.000317 seconds.
  path: Assets/Terrain&Light/ZerinLabs_enviroKit_RetroForest/Prefabs/deco_flowersSmall_blue_VarC.prefab
  artifactKey: Guid(b921bb58c742e814688c230d8f8a7bf2) Importer(815301076,1909f56bfc062723c751e8b465ee728b)
Start importing Assets/Terrain&Light/ZerinLabs_enviroKit_RetroForest/Prefabs/deco_flowersSmall_blue_VarC.prefab using Guid(b921bb58c742e814688c230d8f8a7bf2) Importer(815301076,1909f56bfc062723c751e8b465ee728b)  -> (artifact id: '50a789f9bf1b6ce39b18e01ba00e3f98') in 0.018595 seconds 
  Import took 0.022851 seconds .

========================================================================
Received Import Request.
  Time since last request: 0.000336 seconds.
  path: Assets/Terrain&Light/ZerinLabs_enviroKit_RetroForest/Prefabs/deco_grass_cut_VarB.prefab
  artifactKey: Guid(e2443b47bba98fb418554804a575cf4d) Importer(815301076,1909f56bfc062723c751e8b465ee728b)
Start importing Assets/Terrain&Light/ZerinLabs_enviroKit_RetroForest/Prefabs/deco_grass_cut_VarB.prefab using Guid(e2443b47bba98fb418554804a575cf4d) Importer(815301076,1909f56bfc062723c751e8b465ee728b)  -> (artifact id: '188d1c53de180fcf7b29f6858dfae9d4') in 0.019985 seconds 
  Import took 0.024295 seconds .

========================================================================
Received Import Request.
  Time since last request: 0.000347 seconds.
  path: Assets/Terrain&Light/ZerinLabs_enviroKit_RetroForest/Prefabs/deco_grass_cut_VarC.prefab
  artifactKey: Guid(dae65faf87d067d4db0dbed44ff1fd01) Importer(815301076,1909f56bfc062723c751e8b465ee728b)
Start importing Assets/Terrain&Light/ZerinLabs_enviroKit_RetroForest/Prefabs/deco_grass_cut_VarC.prefab using Guid(dae65faf87d067d4db0dbed44ff1fd01) Importer(815301076,1909f56bfc062723c751e8b465ee728b)  -> (artifact id: 'b0334e5e4f538edf012be240f5ca33cf') in 0.017966 seconds 
  Import took 0.022520 seconds .

========================================================================
Received Import Request.
  Time since last request: 0.000381 seconds.
  path: Assets/Terrain&Light/ZerinLabs_enviroKit_RetroForest/Prefabs/deco_boulder_round_VarA.prefab
  artifactKey: Guid(0490bb7c15962e846b7a68b8f04fc28a) Importer(815301076,1909f56bfc062723c751e8b465ee728b)
Start importing Assets/Terrain&Light/ZerinLabs_enviroKit_RetroForest/Prefabs/deco_boulder_round_VarA.prefab using Guid(0490bb7c15962e846b7a68b8f04fc28a) Importer(815301076,1909f56bfc062723c751e8b465ee728b)  -> (artifact id: 'ad3486c1339fcdeb030f0d2875b21e4b') in 0.032648 seconds 
  Import took 0.037469 seconds .

========================================================================
Received Import Request.
  Time since last request: 0.000255 seconds.
  path: Assets/Terrain&Light/ZerinLabs_enviroKit_RetroForest/Prefabs/deco_fence_VarB.prefab
  artifactKey: Guid(a25296232deeed541a52a0c692f212b8) Importer(815301076,1909f56bfc062723c751e8b465ee728b)
Start importing Assets/Terrain&Light/ZerinLabs_enviroKit_RetroForest/Prefabs/deco_fence_VarB.prefab using Guid(a25296232deeed541a52a0c692f212b8) Importer(815301076,1909f56bfc062723c751e8b465ee728b)  -> (artifact id: '71588eb07374b93597ab12127a2b2746') in 0.017712 seconds 
  Import took 0.022326 seconds .

========================================================================
Received Import Request.
  Time since last request: 0.000309 seconds.
  path: Assets/Terrain&Light/ZerinLabs_enviroKit_RetroForest/Prefabs/deco_boulder_B_VarB.prefab
  artifactKey: Guid(6a336e22d273cca41b795a46c09aab10) Importer(815301076,1909f56bfc062723c751e8b465ee728b)
Start importing Assets/Terrain&Light/ZerinLabs_enviroKit_RetroForest/Prefabs/deco_boulder_B_VarB.prefab using Guid(6a336e22d273cca41b795a46c09aab10) Importer(815301076,1909f56bfc062723c751e8b465ee728b)  -> (artifact id: 'c0e652e73054b995f80d8b4fc29d3da7') in 0.018365 seconds 
  Import took 0.022949 seconds .

========================================================================
Received Import Request.
  Time since last request: 0.000397 seconds.
  path: Assets/Terrain&Light/ZerinLabs_enviroKit_RetroForest/Prefabs/deco_flowerBig_blue_VarB.prefab
  artifactKey: Guid(ea387aadd76b39a419d552ea88c10127) Importer(815301076,1909f56bfc062723c751e8b465ee728b)
Start importing Assets/Terrain&Light/ZerinLabs_enviroKit_RetroForest/Prefabs/deco_flowerBig_blue_VarB.prefab using Guid(ea387aadd76b39a419d552ea88c10127) Importer(815301076,1909f56bfc062723c751e8b465ee728b)  -> (artifact id: 'cf96786181115accd06293cdcb1b6059') in 0.022019 seconds 
  Import took 0.026571 seconds .

========================================================================
Received Import Request.
  Time since last request: 0.000589 seconds.
  path: Assets/Terrain&Light/ZerinLabs_enviroKit_RetroForest/Prefabs/deco_flowersSmall_white_VarB.prefab
  artifactKey: Guid(f057d527200c54745ae92b6a06e6a5f5) Importer(815301076,1909f56bfc062723c751e8b465ee728b)
Start importing Assets/Terrain&Light/ZerinLabs_enviroKit_RetroForest/Prefabs/deco_flowersSmall_white_VarB.prefab using Guid(f057d527200c54745ae92b6a06e6a5f5) Importer(815301076,1909f56bfc062723c751e8b465ee728b)  -> (artifact id: '7dff05cbe882c48bca79613919fd763c') in 0.025903 seconds 
  Import took 0.032044 seconds .

========================================================================
Received Import Request.
  Time since last request: 0.000295 seconds.
  path: Assets/Terrain&Light/ZerinLabs_enviroKit_RetroForest/Prefabs/deco_flowersSmall_yellow_VarB.prefab
  artifactKey: Guid(99b7fa672ea98a747802d32e400599d5) Importer(815301076,1909f56bfc062723c751e8b465ee728b)
Start importing Assets/Terrain&Light/ZerinLabs_enviroKit_RetroForest/Prefabs/deco_flowersSmall_yellow_VarB.prefab using Guid(99b7fa672ea98a747802d32e400599d5) Importer(815301076,1909f56bfc062723c751e8b465ee728b)  -> (artifact id: 'ba4f226b357b16c3232753bd8158db73') in 0.033090 seconds 
  Import took 0.038221 seconds .

========================================================================
Received Import Request.
  Time since last request: 0.000303 seconds.
  path: Assets/Terrain&Light/ZerinLabs_enviroKit_RetroForest/Prefabs/deco_flowerBig_red_VarC.prefab
  artifactKey: Guid(58d46fd5ae945b1419b379c2426ab331) Importer(815301076,1909f56bfc062723c751e8b465ee728b)
Start importing Assets/Terrain&Light/ZerinLabs_enviroKit_RetroForest/Prefabs/deco_flowerBig_red_VarC.prefab using Guid(58d46fd5ae945b1419b379c2426ab331) Importer(815301076,1909f56bfc062723c751e8b465ee728b)  -> (artifact id: '701512337b04e9318990d8b82591f02c') in 0.018138 seconds 
  Import took 0.022855 seconds .

========================================================================
Received Import Request.
  Time since last request: 0.000331 seconds.
  path: Assets/Terrain&Light/ZerinLabs_enviroKit_RetroForest/Prefabs/deco_flowersSmall_red_VarA.prefab
  artifactKey: Guid(b96625e23a7cce343a900cd588eb2da0) Importer(815301076,1909f56bfc062723c751e8b465ee728b)
Start importing Assets/Terrain&Light/ZerinLabs_enviroKit_RetroForest/Prefabs/deco_flowersSmall_red_VarA.prefab using Guid(b96625e23a7cce343a900cd588eb2da0) Importer(815301076,1909f56bfc062723c751e8b465ee728b)  -> (artifact id: 'b2535cba713628caebab0347ca8e9168') in 0.025209 seconds 
  Import took 0.029767 seconds .

========================================================================
Received Import Request.
  Time since last request: 0.000355 seconds.
  path: Assets/Terrain&Light/ZerinLabs_enviroKit_RetroForest/Prefabs/deco_flowerBig_white_VarB.prefab
  artifactKey: Guid(bcc48dcd4a883a541a150da50f17fdf3) Importer(815301076,1909f56bfc062723c751e8b465ee728b)
Start importing Assets/Terrain&Light/ZerinLabs_enviroKit_RetroForest/Prefabs/deco_flowerBig_white_VarB.prefab using Guid(bcc48dcd4a883a541a150da50f17fdf3) Importer(815301076,1909f56bfc062723c751e8b465ee728b)  -> (artifact id: 'a7bc09a5d90d8a2798a96d2ab795ddba') in 0.017108 seconds 
  Import took 0.021332 seconds .

========================================================================
Received Import Request.
  Time since last request: 0.000399 seconds.
  path: Assets/Terrain&Light/ZerinLabs_enviroKit_RetroForest/Prefabs/deco_boulder_round_VarC.prefab
  artifactKey: Guid(ec4fa5a9586ed5142b34c4a98583e1bd) Importer(815301076,1909f56bfc062723c751e8b465ee728b)
Start importing Assets/Terrain&Light/ZerinLabs_enviroKit_RetroForest/Prefabs/deco_boulder_round_VarC.prefab using Guid(ec4fa5a9586ed5142b34c4a98583e1bd) Importer(815301076,1909f56bfc062723c751e8b465ee728b)  -> (artifact id: 'cb935342085988a371165a92c65a1d37') in 0.016079 seconds 
  Import took 0.021366 seconds .

========================================================================
Received Import Request.
  Time since last request: 0.000333 seconds.
  path: Assets/Terrain&Light/ZerinLabs_enviroKit_RetroForest/Prefabs/deco_flowersSmall_yellow_VarA.prefab
  artifactKey: Guid(643f6cc0910e69a47b33f1c65cf65224) Importer(815301076,1909f56bfc062723c751e8b465ee728b)
Start importing Assets/Terrain&Light/ZerinLabs_enviroKit_RetroForest/Prefabs/deco_flowersSmall_yellow_VarA.prefab using Guid(643f6cc0910e69a47b33f1c65cf65224) Importer(815301076,1909f56bfc062723c751e8b465ee728b)  -> (artifact id: '05bcadae84e364682218603ce480d12f') in 0.020688 seconds 
  Import took 0.133151 seconds .

========================================================================
Received Import Request.
  Time since last request: 0.000352 seconds.
  path: Assets/Terrain&Light/ZerinLabs_enviroKit_RetroForest/Prefabs/deco_fern_VarB.prefab
  artifactKey: Guid(612c6c154fd937e44af886c7b015f1a8) Importer(815301076,1909f56bfc062723c751e8b465ee728b)
Start importing Assets/Terrain&Light/ZerinLabs_enviroKit_RetroForest/Prefabs/deco_fern_VarB.prefab using Guid(612c6c154fd937e44af886c7b015f1a8) Importer(815301076,1909f56bfc062723c751e8b465ee728b)  -> (artifact id: '01c01b7545ee4dc948abd19f5c749969') in 0.017899 seconds 
  Import took 0.023020 seconds .

========================================================================
Received Import Request.
  Time since last request: 0.000431 seconds.
  path: Assets/Terrain&Light/ZerinLabs_enviroKit_RetroForest/Prefabs/deco_flowerBig_yellow_VarA.prefab
  artifactKey: Guid(c619e60d76a50f14d8855b865f305f14) Importer(815301076,1909f56bfc062723c751e8b465ee728b)
Start importing Assets/Terrain&Light/ZerinLabs_enviroKit_RetroForest/Prefabs/deco_flowerBig_yellow_VarA.prefab using Guid(c619e60d76a50f14d8855b865f305f14) Importer(815301076,1909f56bfc062723c751e8b465ee728b)  -> (artifact id: '9cc77826386091ea32a48a9a6cb4dd16') in 0.018535 seconds 
  Import took 0.022888 seconds .

========================================================================
Received Import Request.
  Time since last request: 0.000370 seconds.
  path: Assets/Terrain&Light/ZerinLabs_enviroKit_RetroForest/Prefabs/deco_deco_chestBig_open_VarB.prefab
  artifactKey: Guid(1c884095b7a40a645a783aa714b1ed77) Importer(815301076,1909f56bfc062723c751e8b465ee728b)
Start importing Assets/Terrain&Light/ZerinLabs_enviroKit_RetroForest/Prefabs/deco_deco_chestBig_open_VarB.prefab using Guid(1c884095b7a40a645a783aa714b1ed77) Importer(815301076,1909f56bfc062723c751e8b465ee728b)  -> (artifact id: 'e7a010ca7ea10dcce006334219733602') in 0.017628 seconds 
  Import took 0.022095 seconds .

========================================================================
Received Import Request.
  Time since last request: 0.000532 seconds.
  path: Assets/Terrain&Light/ZerinLabs_enviroKit_RetroForest/Prefabs/deco_deco_chestBig_closed_VarA.prefab
  artifactKey: Guid(50a0527fbafacd644b129b582ab0e004) Importer(815301076,1909f56bfc062723c751e8b465ee728b)
Start importing Assets/Terrain&Light/ZerinLabs_enviroKit_RetroForest/Prefabs/deco_deco_chestBig_closed_VarA.prefab using Guid(50a0527fbafacd644b129b582ab0e004) Importer(815301076,1909f56bfc062723c751e8b465ee728b)  -> (artifact id: '122a3cc9b516cb4a5c368f5493cdd98a') in 0.016513 seconds 
  Import took 0.020875 seconds .

========================================================================
Received Import Request.
  Time since last request: 0.000323 seconds.
  path: Assets/Terrain&Light/ZerinLabs_enviroKit_RetroForest/Prefabs/deco_firePlace_VarA.prefab
  artifactKey: Guid(95831d5725829bf43be9a98272bd8a30) Importer(815301076,1909f56bfc062723c751e8b465ee728b)
Start importing Assets/Terrain&Light/ZerinLabs_enviroKit_RetroForest/Prefabs/deco_firePlace_VarA.prefab using Guid(95831d5725829bf43be9a98272bd8a30) Importer(815301076,1909f56bfc062723c751e8b465ee728b)  -> (artifact id: 'ae2a0d5ea637becf3dc3e277783f4b6f') in 0.016705 seconds 
  Import took 0.021204 seconds .

========================================================================
Received Import Request.
  Time since last request: 0.000938 seconds.
  path: Assets/Terrain&Light/ZerinLabs_enviroKit_RetroForest/Prefabs/deco_flowerBig_white_VarA.prefab
  artifactKey: Guid(44f63182d43fab84b9863e94e84836bd) Importer(815301076,1909f56bfc062723c751e8b465ee728b)
Start importing Assets/Terrain&Light/ZerinLabs_enviroKit_RetroForest/Prefabs/deco_flowerBig_white_VarA.prefab using Guid(44f63182d43fab84b9863e94e84836bd) Importer(815301076,1909f56bfc062723c751e8b465ee728b)  -> (artifact id: '607448e4debbd5c4398f89d07d23d602') in 0.014722 seconds 
  Import took 0.019492 seconds .

========================================================================
Received Import Request.
  Time since last request: 0.000397 seconds.
  path: Assets/Terrain&Light/ZerinLabs_enviroKit_RetroForest/Prefabs/deco_deco_chestBig_open_VarC.prefab
  artifactKey: Guid(efb723744ca91114ca593a825c78ba9b) Importer(815301076,1909f56bfc062723c751e8b465ee728b)
Start importing Assets/Terrain&Light/ZerinLabs_enviroKit_RetroForest/Prefabs/deco_deco_chestBig_open_VarC.prefab using Guid(efb723744ca91114ca593a825c78ba9b) Importer(815301076,1909f56bfc062723c751e8b465ee728b)  -> (artifact id: 'f2069531773c4141cf8f9ee7e7387b24') in 0.015989 seconds 
  Import took 0.020433 seconds .

========================================================================
Received Import Request.
  Time since last request: 0.000341 seconds.
  path: Assets/Terrain&Light/ZerinLabs_enviroKit_RetroForest/Prefabs/deco_firePlace_VarB.prefab
  artifactKey: Guid(e388d4f3b118a7f4dab3d459f4440d2d) Importer(815301076,1909f56bfc062723c751e8b465ee728b)
Start importing Assets/Terrain&Light/ZerinLabs_enviroKit_RetroForest/Prefabs/deco_firePlace_VarB.prefab using Guid(e388d4f3b118a7f4dab3d459f4440d2d) Importer(815301076,1909f56bfc062723c751e8b465ee728b)  -> (artifact id: '7e6bf8338f1530b3b7c422085324c3ad') in 0.016551 seconds 
  Import took 0.021312 seconds .

========================================================================
Received Import Request.
  Time since last request: 0.000321 seconds.
  path: Assets/Terrain&Light/ZerinLabs_enviroKit_RetroForest/Prefabs/deco_fern_cut_VarC.prefab
  artifactKey: Guid(075a2e1d19b0eb242a6ca0d35f4490f9) Importer(815301076,1909f56bfc062723c751e8b465ee728b)
Start importing Assets/Terrain&Light/ZerinLabs_enviroKit_RetroForest/Prefabs/deco_fern_cut_VarC.prefab using Guid(075a2e1d19b0eb242a6ca0d35f4490f9) Importer(815301076,1909f56bfc062723c751e8b465ee728b)  -> (artifact id: 'cb10f1399fdb31f56915e14a0e8f0823') in 0.017304 seconds 
  Import took 0.021957 seconds .

========================================================================
Received Import Request.
  Time since last request: 0.000326 seconds.
  path: Assets/Terrain&Light/ZerinLabs_enviroKit_RetroForest/Prefabs/deco_deco_chestSmall_open_VarC.prefab
  artifactKey: Guid(a338f24a883d06044897e5b17b02b680) Importer(815301076,1909f56bfc062723c751e8b465ee728b)
Start importing Assets/Terrain&Light/ZerinLabs_enviroKit_RetroForest/Prefabs/deco_deco_chestSmall_open_VarC.prefab using Guid(a338f24a883d06044897e5b17b02b680) Importer(815301076,1909f56bfc062723c751e8b465ee728b)  -> (artifact id: '130abcfb9b3d4bc75030d1df281ee1ef') in 0.016073 seconds 
  Import took 0.020354 seconds .

========================================================================
Received Import Request.
  Time since last request: 0.000331 seconds.
  path: Assets/Terrain&Light/ZerinLabs_enviroKit_RetroForest/Prefabs/deco_grass_cut_VarA.prefab
  artifactKey: Guid(07e53366f6a6abe4cbfe1a9bf108ece5) Importer(815301076,1909f56bfc062723c751e8b465ee728b)
Start importing Assets/Terrain&Light/ZerinLabs_enviroKit_RetroForest/Prefabs/deco_grass_cut_VarA.prefab using Guid(07e53366f6a6abe4cbfe1a9bf108ece5) Importer(815301076,1909f56bfc062723c751e8b465ee728b)  -> (artifact id: 'edf79144483dc994f60fcc20bfdcf158') in 0.016330 seconds 
  Import took 0.021199 seconds .

========================================================================
Received Import Request.
  Time since last request: 0.000318 seconds.
  path: Assets/Terrain&Light/ZerinLabs_enviroKit_RetroForest/Prefabs/deco_flowers_yellow_VarB.prefab
  artifactKey: Guid(5c5618fed5989a744942dcc44a5e01ae) Importer(815301076,1909f56bfc062723c751e8b465ee728b)
Start importing Assets/Terrain&Light/ZerinLabs_enviroKit_RetroForest/Prefabs/deco_flowers_yellow_VarB.prefab using Guid(5c5618fed5989a744942dcc44a5e01ae) Importer(815301076,1909f56bfc062723c751e8b465ee728b)  -> (artifact id: '8874ad725291c27ffdca5e2fd5732a28') in 0.017255 seconds 
  Import took 0.022067 seconds .

========================================================================
Received Import Request.
  Time since last request: 0.000301 seconds.
  path: Assets/Terrain&Light/ZerinLabs_enviroKit_RetroForest/Prefabs/deco_fence_VarC.prefab
  artifactKey: Guid(8d14a77d84b5c5545a1e7277e25660f3) Importer(815301076,1909f56bfc062723c751e8b465ee728b)
Start importing Assets/Terrain&Light/ZerinLabs_enviroKit_RetroForest/Prefabs/deco_fence_VarC.prefab using Guid(8d14a77d84b5c5545a1e7277e25660f3) Importer(815301076,1909f56bfc062723c751e8b465ee728b)  -> (artifact id: 'b3dbaaedb2f2c8bd1ea72d1f584178d1') in 0.014190 seconds 
  Import took 0.018429 seconds .

========================================================================
Received Import Request.
  Time since last request: 0.000358 seconds.
  path: Assets/Terrain&Light/ZerinLabs_enviroKit_RetroForest/Prefabs/deco_fern_VarA.prefab
  artifactKey: Guid(9d9a9afc077f24a4ab1af2211c13127a) Importer(815301076,1909f56bfc062723c751e8b465ee728b)
Start importing Assets/Terrain&Light/ZerinLabs_enviroKit_RetroForest/Prefabs/deco_fern_VarA.prefab using Guid(9d9a9afc077f24a4ab1af2211c13127a) Importer(815301076,1909f56bfc062723c751e8b465ee728b)  -> (artifact id: 'c47a4a7ac3c86f3233389357a861dba9') in 0.016390 seconds 
  Import took 0.021007 seconds .

========================================================================
Received Import Request.
  Time since last request: 0.000359 seconds.
  path: Assets/Terrain&Light/ZerinLabs_enviroKit_RetroForest/Prefabs/deco_flowerBig_white_VarC.prefab
  artifactKey: Guid(e82d025ef8175f14984b120e0a6bd295) Importer(815301076,1909f56bfc062723c751e8b465ee728b)
Start importing Assets/Terrain&Light/ZerinLabs_enviroKit_RetroForest/Prefabs/deco_flowerBig_white_VarC.prefab using Guid(e82d025ef8175f14984b120e0a6bd295) Importer(815301076,1909f56bfc062723c751e8b465ee728b)  -> (artifact id: '62dcc8ef40f997ba19d10884f80a05c8') in 0.016905 seconds 
  Import took 0.020963 seconds .

========================================================================
Received Import Request.
  Time since last request: 0.000309 seconds.
  path: Assets/Terrain&Light/ZerinLabs_enviroKit_RetroForest/Prefabs/deco_flowersSmall_red_VarB.prefab
  artifactKey: Guid(8dfdee38e98542f43aa153ddbf366c4c) Importer(815301076,1909f56bfc062723c751e8b465ee728b)
Start importing Assets/Terrain&Light/ZerinLabs_enviroKit_RetroForest/Prefabs/deco_flowersSmall_red_VarB.prefab using Guid(8dfdee38e98542f43aa153ddbf366c4c) Importer(815301076,1909f56bfc062723c751e8b465ee728b)  -> (artifact id: '50d48b381ffb2a6279945ff5d48dff53') in 0.014935 seconds 
  Import took 0.022368 seconds .

========================================================================
Received Import Request.
  Time since last request: 0.000315 seconds.
  path: Assets/Terrain&Light/ZerinLabs_enviroKit_RetroForest/Prefabs/deco_deco_chestSmall_closed_VarB.prefab
  artifactKey: Guid(8fae228b1b10c7e428af2485f1b3513e) Importer(815301076,1909f56bfc062723c751e8b465ee728b)
Start importing Assets/Terrain&Light/ZerinLabs_enviroKit_RetroForest/Prefabs/deco_deco_chestSmall_closed_VarB.prefab using Guid(8fae228b1b10c7e428af2485f1b3513e) Importer(815301076,1909f56bfc062723c751e8b465ee728b)  -> (artifact id: '459fd13afeb3aee97fb22776a1e8a7cd') in 0.016086 seconds 
  Import took 0.020255 seconds .

========================================================================
Received Import Request.
  Time since last request: 0.000323 seconds.
  path: Assets/Terrain&Light/ZerinLabs_enviroKit_RetroForest/Prefabs/deco_firePlace_VarC.prefab
  artifactKey: Guid(db4b6847f74b4df458a8c77ea2e7521b) Importer(815301076,1909f56bfc062723c751e8b465ee728b)
Start importing Assets/Terrain&Light/ZerinLabs_enviroKit_RetroForest/Prefabs/deco_firePlace_VarC.prefab using Guid(db4b6847f74b4df458a8c77ea2e7521b) Importer(815301076,1909f56bfc062723c751e8b465ee728b)  -> (artifact id: 'd0c95b0bac56d97664d5040574bd5d25') in 0.016761 seconds 
  Import took 0.020831 seconds .

========================================================================
Received Import Request.
  Time since last request: 0.000302 seconds.
  path: Assets/Terrain&Light/ZerinLabs_enviroKit_RetroForest/Prefabs/deco_deco_chestSmall_closed_VarA.prefab
  artifactKey: Guid(995178ec0aa73d3438765f88479f0dfd) Importer(815301076,1909f56bfc062723c751e8b465ee728b)
Start importing Assets/Terrain&Light/ZerinLabs_enviroKit_RetroForest/Prefabs/deco_deco_chestSmall_closed_VarA.prefab using Guid(995178ec0aa73d3438765f88479f0dfd) Importer(815301076,1909f56bfc062723c751e8b465ee728b)  -> (artifact id: 'f658ca9576c8c8c663990e37ab9b594d') in 0.016849 seconds 
  Import took 0.022315 seconds .

========================================================================
Received Import Request.
  Time since last request: 0.000328 seconds.
  path: Assets/Terrain&Light/ZerinLabs_enviroKit_RetroForest/Prefabs/deco_fence_VarA.prefab
  artifactKey: Guid(c1126fbf6d55b8243a3f3d299a24461b) Importer(815301076,1909f56bfc062723c751e8b465ee728b)
Start importing Assets/Terrain&Light/ZerinLabs_enviroKit_RetroForest/Prefabs/deco_fence_VarA.prefab using Guid(c1126fbf6d55b8243a3f3d299a24461b) Importer(815301076,1909f56bfc062723c751e8b465ee728b)  -> (artifact id: 'd297c95e2cf2a6e9807dd0eb369d5f73') in 0.018010 seconds 
  Import took 0.022592 seconds .

========================================================================
Received Import Request.
  Time since last request: 0.000430 seconds.
  path: Assets/Terrain&Light/ZerinLabs_enviroKit_RetroForest/Prefabs/deco_flowersSmall_white_VarC.prefab
  artifactKey: Guid(5388651753380d44e9937a1c8cd59c0c) Importer(815301076,1909f56bfc062723c751e8b465ee728b)
Start importing Assets/Terrain&Light/ZerinLabs_enviroKit_RetroForest/Prefabs/deco_flowersSmall_white_VarC.prefab using Guid(5388651753380d44e9937a1c8cd59c0c) Importer(815301076,1909f56bfc062723c751e8b465ee728b)  -> (artifact id: 'e5297f71aca7f6e22cfe03b8c3bd3d28') in 0.019685 seconds 
  Import took 0.025604 seconds .

========================================================================
Received Import Request.
  Time since last request: 0.000329 seconds.
  path: Assets/Terrain&Light/ZerinLabs_enviroKit_RetroForest/Prefabs/deco_boulder_B_VarC.prefab
  artifactKey: Guid(6150335fb3570444cae3956cdd9b7857) Importer(815301076,1909f56bfc062723c751e8b465ee728b)
Start importing Assets/Terrain&Light/ZerinLabs_enviroKit_RetroForest/Prefabs/deco_boulder_B_VarC.prefab using Guid(6150335fb3570444cae3956cdd9b7857) Importer(815301076,1909f56bfc062723c751e8b465ee728b)  -> (artifact id: 'b97a294c6383706760bfb11ff6a696dc') in 0.015249 seconds 
  Import took 0.019780 seconds .

========================================================================
Received Import Request.
  Time since last request: 0.000350 seconds.
  path: Assets/Terrain&Light/ZerinLabs_enviroKit_RetroForest/Prefabs/deco_deco_chestSmall_closed_VarC.prefab
  artifactKey: Guid(882df76366731454990bc85b33444a2b) Importer(815301076,1909f56bfc062723c751e8b465ee728b)
Start importing Assets/Terrain&Light/ZerinLabs_enviroKit_RetroForest/Prefabs/deco_deco_chestSmall_closed_VarC.prefab using Guid(882df76366731454990bc85b33444a2b) Importer(815301076,1909f56bfc062723c751e8b465ee728b)  -> (artifact id: '4c3826432fdc782000fa5ca427af0b1a') in 0.015860 seconds 
  Import took 0.020582 seconds .

========================================================================
Received Import Request.
  Time since last request: 0.000095 seconds.
  path: Assets/Terrain&Light/ZerinLabs_enviroKit_RetroForest/Prefabs/deco_flowerBig_red_VarA.prefab
  artifactKey: Guid(b67e75696e4fcfc4281328d6539a4b31) Importer(815301076,1909f56bfc062723c751e8b465ee728b)
Start importing Assets/Terrain&Light/ZerinLabs_enviroKit_RetroForest/Prefabs/deco_flowerBig_red_VarA.prefab using Guid(b67e75696e4fcfc4281328d6539a4b31) Importer(815301076,1909f56bfc062723c751e8b465ee728b)  -> (artifact id: '106248e68625d0224d912f904897cd20') in 0.014653 seconds 
  Import took 0.019003 seconds .

========================================================================
Received Import Request.
  Time since last request: 0.000511 seconds.
  path: Assets/Terrain&Light/ZerinLabs_enviroKit_RetroForest/Prefabs/deco_flowerBig_yellow_VarB.prefab
  artifactKey: Guid(ec04d22e47b78d34b834a29affdd6e4d) Importer(815301076,1909f56bfc062723c751e8b465ee728b)
Start importing Assets/Terrain&Light/ZerinLabs_enviroKit_RetroForest/Prefabs/deco_flowerBig_yellow_VarB.prefab using Guid(ec04d22e47b78d34b834a29affdd6e4d) Importer(815301076,1909f56bfc062723c751e8b465ee728b)  -> (artifact id: '15129e2bba018bf4d0cb9c8664a1d88b') in 0.015859 seconds 
  Import took 0.020814 seconds .

========================================================================
Received Import Request.
  Time since last request: 0.000349 seconds.
  path: Assets/Terrain&Light/ZerinLabs_enviroKit_RetroForest/Prefabs/deco_grass_VarB.prefab
  artifactKey: Guid(5c3a111db35e758468d68b31d88ca8ed) Importer(815301076,1909f56bfc062723c751e8b465ee728b)
Start importing Assets/Terrain&Light/ZerinLabs_enviroKit_RetroForest/Prefabs/deco_grass_VarB.prefab using Guid(5c3a111db35e758468d68b31d88ca8ed) Importer(815301076,1909f56bfc062723c751e8b465ee728b)  -> (artifact id: '2a1b1501e78623eb93b99269323585c6') in 0.016990 seconds 
  Import took 0.021517 seconds .

========================================================================
Received Import Request.
  Time since last request: 0.000385 seconds.
  path: Assets/Terrain&Light/ZerinLabs_enviroKit_RetroForest/Prefabs/deco_gravel_A_grass_VarA.prefab
  artifactKey: Guid(0ae2673e7545cdb4c9c02ce07d7056ed) Importer(815301076,1909f56bfc062723c751e8b465ee728b)
Start importing Assets/Terrain&Light/ZerinLabs_enviroKit_RetroForest/Prefabs/deco_gravel_A_grass_VarA.prefab using Guid(0ae2673e7545cdb4c9c02ce07d7056ed) Importer(815301076,1909f56bfc062723c751e8b465ee728b)  -> (artifact id: 'c31ecf16d611ec037bd41127a06b5135') in 0.017291 seconds 
  Import took 0.021678 seconds .

========================================================================
Received Import Request.
  Time since last request: 0.000313 seconds.
  path: Assets/Terrain&Light/ZerinLabs_enviroKit_RetroForest/Prefabs/deco_boulder_B_VarA.prefab
  artifactKey: Guid(cbfea919aec2e55478c2a450cb27a06d) Importer(815301076,1909f56bfc062723c751e8b465ee728b)
Start importing Assets/Terrain&Light/ZerinLabs_enviroKit_RetroForest/Prefabs/deco_boulder_B_VarA.prefab using Guid(cbfea919aec2e55478c2a450cb27a06d) Importer(815301076,1909f56bfc062723c751e8b465ee728b)  -> (artifact id: 'afe6e712be1b8ceb56fa397296b08781') in 0.014819 seconds 
  Import took 0.019385 seconds .

========================================================================
Received Import Request.
  Time since last request: 0.000391 seconds.
  path: Assets/Terrain&Light/ZerinLabs_enviroKit_RetroForest/Prefabs/deco_fern_cut_VarA.prefab
  artifactKey: Guid(c3b331618f33df440b8888310ce1fd22) Importer(815301076,1909f56bfc062723c751e8b465ee728b)
Start importing Assets/Terrain&Light/ZerinLabs_enviroKit_RetroForest/Prefabs/deco_fern_cut_VarA.prefab using Guid(c3b331618f33df440b8888310ce1fd22) Importer(815301076,1909f56bfc062723c751e8b465ee728b)  -> (artifact id: 'b9bd8e1945be0b365b671a586a0c3b3c') in 0.014597 seconds 
  Import took 0.021515 seconds .

========================================================================
Received Import Request.
  Time since last request: 0.000313 seconds.
  path: Assets/Terrain&Light/ZerinLabs_enviroKit_RetroForest/Prefabs/deco_deco_chestSmall_open_VarA.prefab
  artifactKey: Guid(f4ac302cceef42843a5b4691ce133f6d) Importer(815301076,1909f56bfc062723c751e8b465ee728b)
Start importing Assets/Terrain&Light/ZerinLabs_enviroKit_RetroForest/Prefabs/deco_deco_chestSmall_open_VarA.prefab using Guid(f4ac302cceef42843a5b4691ce133f6d) Importer(815301076,1909f56bfc062723c751e8b465ee728b)  -> (artifact id: 'ac6610b93b98ca90346957a246cf12d9') in 0.015730 seconds 
  Import took 0.020083 seconds .

========================================================================
Received Import Request.
  Time since last request: 0.000327 seconds.
  path: Assets/Terrain&Light/ZerinLabs_enviroKit_RetroForest/Prefabs/deco_flowersSmall_blue_VarB.prefab
  artifactKey: Guid(4e326c85f6155084fab1adac809f99ae) Importer(815301076,1909f56bfc062723c751e8b465ee728b)
Start importing Assets/Terrain&Light/ZerinLabs_enviroKit_RetroForest/Prefabs/deco_flowersSmall_blue_VarB.prefab using Guid(4e326c85f6155084fab1adac809f99ae) Importer(815301076,1909f56bfc062723c751e8b465ee728b)  -> (artifact id: 'd7d0be7be36165b16993139a676f8eb6') in 0.016941 seconds 
  Import took 0.021485 seconds .

========================================================================
Received Import Request.
  Time since last request: 0.000290 seconds.
  path: Assets/Terrain&Light/ZerinLabs_enviroKit_RetroForest/Prefabs/deco_flowers_red_VarC.prefab
  artifactKey: Guid(24252131e0d4a0841b541a6f8ae4b2fc) Importer(815301076,1909f56bfc062723c751e8b465ee728b)
Start importing Assets/Terrain&Light/ZerinLabs_enviroKit_RetroForest/Prefabs/deco_flowers_red_VarC.prefab using Guid(24252131e0d4a0841b541a6f8ae4b2fc) Importer(815301076,1909f56bfc062723c751e8b465ee728b)  -> (artifact id: '08f146efb678ab50aec896990ff403f9') in 0.016496 seconds 
  Import took 0.021939 seconds .

========================================================================
Received Import Request.
  Time since last request: 0.000427 seconds.
  path: Assets/Terrain&Light/ZerinLabs_enviroKit_RetroForest/Prefabs/deco_flowersSmall_white_VarA.prefab
  artifactKey: Guid(0119f45341fae3d4aa9a27a9a584158d) Importer(815301076,1909f56bfc062723c751e8b465ee728b)
Start importing Assets/Terrain&Light/ZerinLabs_enviroKit_RetroForest/Prefabs/deco_flowersSmall_white_VarA.prefab using Guid(0119f45341fae3d4aa9a27a9a584158d) Importer(815301076,1909f56bfc062723c751e8b465ee728b)  -> (artifact id: '1d290510997fc6714e5cc6426ad2ef78') in 0.014459 seconds 
  Import took 0.018578 seconds .

========================================================================
Received Import Request.
  Time since last request: 0.000330 seconds.
  path: Assets/Terrain&Light/ZerinLabs_enviroKit_RetroForest/Prefabs/deco_flowersSmall_blue_VarA.prefab
  artifactKey: Guid(78a701662dd62e347bd421df3ded5e5b) Importer(815301076,1909f56bfc062723c751e8b465ee728b)
Start importing Assets/Terrain&Light/ZerinLabs_enviroKit_RetroForest/Prefabs/deco_flowersSmall_blue_VarA.prefab using Guid(78a701662dd62e347bd421df3ded5e5b) Importer(815301076,1909f56bfc062723c751e8b465ee728b)  -> (artifact id: '01d017c6bdda72ccb88c9ec6d457ec6f') in 0.015953 seconds 
  Import took 0.020385 seconds .

========================================================================
Received Import Request.
  Time since last request: 0.000344 seconds.
  path: Assets/Terrain&Light/ZerinLabs_enviroKit_RetroForest/Prefabs/deco_bushPlant_VarA.prefab
  artifactKey: Guid(0527e83a48665e8428569f1a1e50e732) Importer(815301076,1909f56bfc062723c751e8b465ee728b)
Start importing Assets/Terrain&Light/ZerinLabs_enviroKit_RetroForest/Prefabs/deco_bushPlant_VarA.prefab using Guid(0527e83a48665e8428569f1a1e50e732) Importer(815301076,1909f56bfc062723c751e8b465ee728b)  -> (artifact id: '571e632250cf373546b50a7be01ac968') in 0.016179 seconds 
  Import took 0.020398 seconds .

========================================================================
Received Import Request.
  Time since last request: 0.000630 seconds.
  path: Assets/Terrain&Light/ZerinLabs_enviroKit_RetroForest/Prefabs/deco_flowerBig_blue_VarA.prefab
  artifactKey: Guid(d68a290d8510e02459f82987bfc31f81) Importer(815301076,1909f56bfc062723c751e8b465ee728b)
Start importing Assets/Terrain&Light/ZerinLabs_enviroKit_RetroForest/Prefabs/deco_flowerBig_blue_VarA.prefab using Guid(d68a290d8510e02459f82987bfc31f81) Importer(815301076,1909f56bfc062723c751e8b465ee728b)  -> (artifact id: '931e841b80fe9dab35b7cdde9e831408') in 0.030065 seconds 
  Import took 0.034770 seconds .

========================================================================
Received Import Request.
  Time since last request: 0.000311 seconds.
  path: Assets/Terrain&Light/ZerinLabs_enviroKit_RetroForest/Prefabs/deco_grass_VarC.prefab
  artifactKey: Guid(92f6fa4b09a2b134682106df1c2bc554) Importer(815301076,1909f56bfc062723c751e8b465ee728b)
Start importing Assets/Terrain&Light/ZerinLabs_enviroKit_RetroForest/Prefabs/deco_grass_VarC.prefab using Guid(92f6fa4b09a2b134682106df1c2bc554) Importer(815301076,1909f56bfc062723c751e8b465ee728b)  -> (artifact id: 'c94fb363635566f2c91139e93eb21dc5') in 0.013838 seconds 
  Import took 0.018320 seconds .

========================================================================
Received Import Request.
  Time since last request: 0.000335 seconds.
  path: Assets/Terrain&Light/ZerinLabs_enviroKit_RetroForest/Prefabs/deco_deco_chestBig_closed_VarB.prefab
  artifactKey: Guid(d2d9eb066d4187943b672886e15918cf) Importer(815301076,1909f56bfc062723c751e8b465ee728b)
Start importing Assets/Terrain&Light/ZerinLabs_enviroKit_RetroForest/Prefabs/deco_deco_chestBig_closed_VarB.prefab using Guid(d2d9eb066d4187943b672886e15918cf) Importer(815301076,1909f56bfc062723c751e8b465ee728b)  -> (artifact id: '7d5290c6736528fade94d2fabebbed88') in 0.015844 seconds 
  Import took 0.020172 seconds .

========================================================================
Received Import Request.
  Time since last request: 0.000326 seconds.
  path: Assets/Terrain&Light/ZerinLabs_enviroKit_RetroForest/Prefabs/deco_fern_cut_VarB.prefab
  artifactKey: Guid(9bf01568e1b3a44429751f22e1d48051) Importer(815301076,1909f56bfc062723c751e8b465ee728b)
Start importing Assets/Terrain&Light/ZerinLabs_enviroKit_RetroForest/Prefabs/deco_fern_cut_VarB.prefab using Guid(9bf01568e1b3a44429751f22e1d48051) Importer(815301076,1909f56bfc062723c751e8b465ee728b)  -> (artifact id: '9afd6ac98fcebc7e7dc47fc33812bbfe') in 0.015491 seconds 
  Import took 0.019983 seconds .

========================================================================
Received Import Request.
  Time since last request: 0.000339 seconds.
  path: Assets/Terrain&Light/ZerinLabs_enviroKit_RetroForest/Prefabs/deco_grass_VarA.prefab
  artifactKey: Guid(116178c0ded1b9c42921de18d4310439) Importer(815301076,1909f56bfc062723c751e8b465ee728b)
Start importing Assets/Terrain&Light/ZerinLabs_enviroKit_RetroForest/Prefabs/deco_grass_VarA.prefab using Guid(116178c0ded1b9c42921de18d4310439) Importer(815301076,1909f56bfc062723c751e8b465ee728b)  -> (artifact id: 'c60b07af151f7a7b215bba0e0c301f65') in 0.015327 seconds 
  Import took 0.019526 seconds .

========================================================================
Received Import Request.
  Time since last request: 0.000298 seconds.
  path: Assets/Terrain&Light/ZerinLabs_enviroKit_RetroForest/Prefabs/deco_flowerBig_blue_VarC.prefab
  artifactKey: Guid(636c9cfc99278ba4eb2b42c3224a7f49) Importer(815301076,1909f56bfc062723c751e8b465ee728b)
Start importing Assets/Terrain&Light/ZerinLabs_enviroKit_RetroForest/Prefabs/deco_flowerBig_blue_VarC.prefab using Guid(636c9cfc99278ba4eb2b42c3224a7f49) Importer(815301076,1909f56bfc062723c751e8b465ee728b)  -> (artifact id: '7e2937aee1af6972c83e9624be830321') in 0.015383 seconds 
  Import took 0.020590 seconds .

========================================================================
Received Import Request.
  Time since last request: 0.000441 seconds.
  path: Assets/Terrain&Light/ZerinLabs_enviroKit_RetroForest/Prefabs/deco_bushPlant_VarB.prefab
  artifactKey: Guid(d5c8a2c8439d5284aa235e3104bb4e60) Importer(815301076,1909f56bfc062723c751e8b465ee728b)
Start importing Assets/Terrain&Light/ZerinLabs_enviroKit_RetroForest/Prefabs/deco_bushPlant_VarB.prefab using Guid(d5c8a2c8439d5284aa235e3104bb4e60) Importer(815301076,1909f56bfc062723c751e8b465ee728b)  -> (artifact id: 'e30cb0345f2cde650248a919e5323e54') in 0.016538 seconds 
  Import took 0.020941 seconds .

========================================================================
Received Import Request.
  Time since last request: 0.000344 seconds.
  path: Assets/Terrain&Light/ZerinLabs_enviroKit_RetroForest/Prefabs/deco_boulder_A_VarC.prefab
  artifactKey: Guid(4bf9463f811bf7c41a11e1e182ce1d6d) Importer(815301076,1909f56bfc062723c751e8b465ee728b)
Start importing Assets/Terrain&Light/ZerinLabs_enviroKit_RetroForest/Prefabs/deco_boulder_A_VarC.prefab using Guid(4bf9463f811bf7c41a11e1e182ce1d6d) Importer(815301076,1909f56bfc062723c751e8b465ee728b)  -> (artifact id: 'de3d60fe9676d9e071edfb363bde2a81') in 0.015554 seconds 
  Import took 0.019927 seconds .

========================================================================
Received Import Request.
  Time since last request: 0.000318 seconds.
  path: Assets/Terrain&Light/ZerinLabs_enviroKit_RetroForest/Prefabs/deco_flowers_yellow_VarC.prefab
  artifactKey: Guid(31316ec32e2d57541bcb5d4c3164124e) Importer(815301076,1909f56bfc062723c751e8b465ee728b)
Start importing Assets/Terrain&Light/ZerinLabs_enviroKit_RetroForest/Prefabs/deco_flowers_yellow_VarC.prefab using Guid(31316ec32e2d57541bcb5d4c3164124e) Importer(815301076,1909f56bfc062723c751e8b465ee728b)  -> (artifact id: '9813f3676117daebdd447e3e7e5ce825') in 0.014832 seconds 
  Import took 0.018787 seconds .

========================================================================
Received Import Request.
  Time since last request: 0.000318 seconds.
  path: Assets/Terrain&Light/ZerinLabs_enviroKit_RetroForest/Prefabs/deco_flowers_red_VarB.prefab
  artifactKey: Guid(27b9c3ba0d90a264191c1cf8e4759305) Importer(815301076,1909f56bfc062723c751e8b465ee728b)
Start importing Assets/Terrain&Light/ZerinLabs_enviroKit_RetroForest/Prefabs/deco_flowers_red_VarB.prefab using Guid(27b9c3ba0d90a264191c1cf8e4759305) Importer(815301076,1909f56bfc062723c751e8b465ee728b)  -> (artifact id: '8b064c5c8c3669a97dd2b1b2c68194cf') in 0.015856 seconds 
  Import took 0.020450 seconds .

========================================================================
Received Import Request.
  Time since last request: 0.000466 seconds.
  path: Assets/Terrain&Light/ZerinLabs_enviroKit_RetroForest/Prefabs/deco_flowers_yellow_VarA.prefab
  artifactKey: Guid(34888908d8583044da40daecf07447c7) Importer(815301076,1909f56bfc062723c751e8b465ee728b)
Start importing Assets/Terrain&Light/ZerinLabs_enviroKit_RetroForest/Prefabs/deco_flowers_yellow_VarA.prefab using Guid(34888908d8583044da40daecf07447c7) Importer(815301076,1909f56bfc062723c751e8b465ee728b)  -> (artifact id: 'c8245b87b666e0c1b7e76e6e57ff8568') in 0.016125 seconds 
  Import took 0.020345 seconds .

========================================================================
Received Import Request.
  Time since last request: 0.000482 seconds.
  path: Assets/Terrain&Light/ZerinLabs_enviroKit_RetroForest/Prefabs/deco_deco_chestBig_closed_VarC.prefab
  artifactKey: Guid(eb5deecc05688714397250c4bcdd4731) Importer(815301076,1909f56bfc062723c751e8b465ee728b)
Start importing Assets/Terrain&Light/ZerinLabs_enviroKit_RetroForest/Prefabs/deco_deco_chestBig_closed_VarC.prefab using Guid(eb5deecc05688714397250c4bcdd4731) Importer(815301076,1909f56bfc062723c751e8b465ee728b)  -> (artifact id: '4bf66036ad777d234d10df509c66c5d6') in 0.015729 seconds 
  Import took 0.020419 seconds .

========================================================================
Received Import Request.
  Time since last request: 0.000309 seconds.
  path: Assets/Terrain&Light/ZerinLabs_enviroKit_RetroForest/Prefabs/deco_flowerBig_yellow_VarC.prefab
  artifactKey: Guid(c7753af94ee79e1499feff199f22205f) Importer(815301076,1909f56bfc062723c751e8b465ee728b)
Start importing Assets/Terrain&Light/ZerinLabs_enviroKit_RetroForest/Prefabs/deco_flowerBig_yellow_VarC.prefab using Guid(c7753af94ee79e1499feff199f22205f) Importer(815301076,1909f56bfc062723c751e8b465ee728b)  -> (artifact id: '0c351f00c40c3895239f0f77a8ce988c') in 0.014133 seconds 
  Import took 0.018150 seconds .

========================================================================
Received Import Request.
  Time since last request: 0.000276 seconds.
  path: Assets/Terrain&Light/ZerinLabs_enviroKit_RetroForest/Prefabs/deco_gravel_A_VarA.prefab
  artifactKey: Guid(8fbfa5824919eba4582974d21dcf31dd) Importer(815301076,1909f56bfc062723c751e8b465ee728b)
Start importing Assets/Terrain&Light/ZerinLabs_enviroKit_RetroForest/Prefabs/deco_gravel_A_VarA.prefab using Guid(8fbfa5824919eba4582974d21dcf31dd) Importer(815301076,1909f56bfc062723c751e8b465ee728b)  -> (artifact id: '7cdd90fea62711a49cdbf81e2e8fae34') in 0.013675 seconds 
  Import took 0.019098 seconds .

========================================================================
Received Import Request.
  Time since last request: 0.000385 seconds.
  path: Assets/Terrain&Light/ZerinLabs_enviroKit_RetroForest/Prefabs/deco_gravel_B_VarB.prefab
  artifactKey: Guid(895a2b769493a754bb9ab2378f80882f) Importer(815301076,1909f56bfc062723c751e8b465ee728b)
Start importing Assets/Terrain&Light/ZerinLabs_enviroKit_RetroForest/Prefabs/deco_gravel_B_VarB.prefab using Guid(895a2b769493a754bb9ab2378f80882f) Importer(815301076,1909f56bfc062723c751e8b465ee728b)  -> (artifact id: '8e513d4e2b75dc3e5da084508a5f1653') in 0.020791 seconds 
  Import took 0.025305 seconds .

========================================================================
Received Import Request.
  Time since last request: 0.000301 seconds.
  path: Assets/Terrain&Light/ZerinLabs_enviroKit_RetroForest/Prefabs/deco_gravel_B_grass_VarC.prefab
  artifactKey: Guid(232aa35431e48ba46be83114d519113f) Importer(815301076,1909f56bfc062723c751e8b465ee728b)
Start importing Assets/Terrain&Light/ZerinLabs_enviroKit_RetroForest/Prefabs/deco_gravel_B_grass_VarC.prefab using Guid(232aa35431e48ba46be83114d519113f) Importer(815301076,1909f56bfc062723c751e8b465ee728b)  -> (artifact id: '6d5f688fc0f492628b570db8ef27a5d3') in 0.015602 seconds 
  Import took 0.019813 seconds .

========================================================================
Received Import Request.
  Time since last request: 0.000299 seconds.
  path: Assets/Terrain&Light/ZerinLabs_enviroKit_RetroForest/Prefabs/deco_ivy_wall_VarB.prefab
  artifactKey: Guid(b35b2e9990fd7fe408cbfb5d960650d2) Importer(815301076,1909f56bfc062723c751e8b465ee728b)
Start importing Assets/Terrain&Light/ZerinLabs_enviroKit_RetroForest/Prefabs/deco_ivy_wall_VarB.prefab using Guid(b35b2e9990fd7fe408cbfb5d960650d2) Importer(815301076,1909f56bfc062723c751e8b465ee728b)  -> (artifact id: '3924057799fb592412499bfe01b0dd50') in 0.016848 seconds 
  Import took 0.021745 seconds .

========================================================================
Received Import Request.
  Time since last request: 0.000345 seconds.
  path: Assets/Terrain&Light/ZerinLabs_enviroKit_RetroForest/Prefabs/deco_mushrooms_A_VarA.prefab
  artifactKey: Guid(62800aae6da2ba944994c1c206ac05d4) Importer(815301076,1909f56bfc062723c751e8b465ee728b)
Start importing Assets/Terrain&Light/ZerinLabs_enviroKit_RetroForest/Prefabs/deco_mushrooms_A_VarA.prefab using Guid(62800aae6da2ba944994c1c206ac05d4) Importer(815301076,1909f56bfc062723c751e8b465ee728b)  -> (artifact id: '77a72a77ced38ccf498bb02cf591bc2a') in 0.025236 seconds 
  Import took 0.029681 seconds .

========================================================================
Received Import Request.
  Time since last request: 0.000317 seconds.
  path: Assets/Terrain&Light/ZerinLabs_enviroKit_RetroForest/Prefabs/deco_mushrooms_B_VarA.prefab
  artifactKey: Guid(70de8447a14824744bb2d31192f5f963) Importer(815301076,1909f56bfc062723c751e8b465ee728b)
Start importing Assets/Terrain&Light/ZerinLabs_enviroKit_RetroForest/Prefabs/deco_mushrooms_B_VarA.prefab using Guid(70de8447a14824744bb2d31192f5f963) Importer(815301076,1909f56bfc062723c751e8b465ee728b)  -> (artifact id: '2ed0a10886e0a8cf9f97988529959863') in 0.016340 seconds 
  Import took 0.021120 seconds .

========================================================================
Received Import Request.
  Time since last request: 0.000369 seconds.
  path: Assets/Terrain&Light/ZerinLabs_enviroKit_RetroForest/Prefabs/deco_gravel_B_VarC.prefab
  artifactKey: Guid(7bb891a00952c73428b2273fa518e8f7) Importer(815301076,1909f56bfc062723c751e8b465ee728b)
Start importing Assets/Terrain&Light/ZerinLabs_enviroKit_RetroForest/Prefabs/deco_gravel_B_VarC.prefab using Guid(7bb891a00952c73428b2273fa518e8f7) Importer(815301076,1909f56bfc062723c751e8b465ee728b)  -> (artifact id: 'b697982a8e6a5cb5df3c9109dad7ef02') in 0.016213 seconds 
  Import took 0.020410 seconds .

========================================================================
Received Import Request.
  Time since last request: 0.000347 seconds.
  path: Assets/Terrain&Light/ZerinLabs_enviroKit_RetroForest/Prefabs/deco_gravel_A_VarC.prefab
  artifactKey: Guid(5b83a89a7ae3bfe49a2eabd86d8e756a) Importer(815301076,1909f56bfc062723c751e8b465ee728b)
Start importing Assets/Terrain&Light/ZerinLabs_enviroKit_RetroForest/Prefabs/deco_gravel_A_VarC.prefab using Guid(5b83a89a7ae3bfe49a2eabd86d8e756a) Importer(815301076,1909f56bfc062723c751e8b465ee728b)  -> (artifact id: '1124d233d0a8422a45eb311d34c66c66') in 0.014416 seconds 
  Import took 0.018718 seconds .

========================================================================
Received Import Request.
  Time since last request: 0.000506 seconds.
  path: Assets/Terrain&Light/ZerinLabs_enviroKit_RetroForest/Prefabs/deco_gravel_A_grass_VarB.prefab
  artifactKey: Guid(0edca01ab15c7c64ca700fbec507c125) Importer(815301076,1909f56bfc062723c751e8b465ee728b)
Start importing Assets/Terrain&Light/ZerinLabs_enviroKit_RetroForest/Prefabs/deco_gravel_A_grass_VarB.prefab using Guid(0edca01ab15c7c64ca700fbec507c125) Importer(815301076,1909f56bfc062723c751e8b465ee728b)  -> (artifact id: '39dc0a8f2694df2f4726813136f7fafa') in 0.015083 seconds 
  Import took 0.019431 seconds .

========================================================================
Received Import Request.
  Time since last request: 0.000324 seconds.
  path: Assets/Terrain&Light/ZerinLabs_enviroKit_RetroForest/Prefabs/deco_ivy_wall_VarA.prefab
  artifactKey: Guid(efcfc861eff0eeb40abe7ff6d60db14f) Importer(815301076,1909f56bfc062723c751e8b465ee728b)
Start importing Assets/Terrain&Light/ZerinLabs_enviroKit_RetroForest/Prefabs/deco_ivy_wall_VarA.prefab using Guid(efcfc861eff0eeb40abe7ff6d60db14f) Importer(815301076,1909f56bfc062723c751e8b465ee728b)  -> (artifact id: '53d2139a8ebad73aed8a095b64d5bd01') in 0.016778 seconds 
  Import took 0.097283 seconds .

========================================================================
Received Import Request.
  Time since last request: 0.000318 seconds.
  path: Assets/Terrain&Light/ZerinLabs_enviroKit_RetroForest/Prefabs/deco_poles_VarA.prefab
  artifactKey: Guid(1b076df09359eed47a464adae7706c03) Importer(815301076,1909f56bfc062723c751e8b465ee728b)
Start importing Assets/Terrain&Light/ZerinLabs_enviroKit_RetroForest/Prefabs/deco_poles_VarA.prefab using Guid(1b076df09359eed47a464adae7706c03) Importer(815301076,1909f56bfc062723c751e8b465ee728b)  -> (artifact id: '3a37d4be956dbf01bdaf6ee585297d90') in 0.016095 seconds 
  Import took 0.020466 seconds .

========================================================================
Received Import Request.
  Time since last request: 0.000380 seconds.
  path: Assets/Terrain&Light/ZerinLabs_enviroKit_RetroForest/Prefabs/deco_rocks_A_VarC.prefab
  artifactKey: Guid(dc5c34ae1028b4348aaf38f590f763fc) Importer(815301076,1909f56bfc062723c751e8b465ee728b)
Start importing Assets/Terrain&Light/ZerinLabs_enviroKit_RetroForest/Prefabs/deco_rocks_A_VarC.prefab using Guid(dc5c34ae1028b4348aaf38f590f763fc) Importer(815301076,1909f56bfc062723c751e8b465ee728b)  -> (artifact id: '5c196cad5119c6d4a870354ac08b2b45') in 0.018626 seconds 
  Import took 0.023652 seconds .

========================================================================
Received Import Request.
  Time since last request: 0.000497 seconds.
  path: Assets/Terrain&Light/ZerinLabs_enviroKit_RetroForest/Prefabs/deco_rock_wall_VarC.prefab
  artifactKey: Guid(15d0d6ab97a4e244f9d71713ab67a31e) Importer(815301076,1909f56bfc062723c751e8b465ee728b)
Start importing Assets/Terrain&Light/ZerinLabs_enviroKit_RetroForest/Prefabs/deco_rock_wall_VarC.prefab using Guid(15d0d6ab97a4e244f9d71713ab67a31e) Importer(815301076,1909f56bfc062723c751e8b465ee728b)  -> (artifact id: 'f90891c73409012b7232be46ea148b22') in 0.016821 seconds 
  Import took 0.022850 seconds .

========================================================================
Received Import Request.
  Time since last request: 0.000390 seconds.
  path: Assets/Terrain&Light/ZerinLabs_enviroKit_RetroForest/Prefabs/deco_rocks_B_grass_VarB.prefab
  artifactKey: Guid(08786c8b6c678b946bb2158deb605a47) Importer(815301076,1909f56bfc062723c751e8b465ee728b)
Start importing Assets/Terrain&Light/ZerinLabs_enviroKit_RetroForest/Prefabs/deco_rocks_B_grass_VarB.prefab using Guid(08786c8b6c678b946bb2158deb605a47) Importer(815301076,1909f56bfc062723c751e8b465ee728b)  -> (artifact id: 'b3b751395d4727ccf2ddf3d9f27f2adf') in 0.017206 seconds 
  Import took 0.021805 seconds .

========================================================================
Received Import Request.
  Time since last request: 0.000464 seconds.
  path: Assets/Terrain&Light/ZerinLabs_enviroKit_RetroForest/Prefabs/deco_poles_VarC.prefab
  artifactKey: Guid(3a5140f9089a1ba47ae6b14daebfb4be) Importer(815301076,1909f56bfc062723c751e8b465ee728b)
Start importing Assets/Terrain&Light/ZerinLabs_enviroKit_RetroForest/Prefabs/deco_poles_VarC.prefab using Guid(3a5140f9089a1ba47ae6b14daebfb4be) Importer(815301076,1909f56bfc062723c751e8b465ee728b)  -> (artifact id: 'abd392fa7bb794c1ff5ffbde327cb78e') in 0.015466 seconds 
  Import took 0.019565 seconds .

========================================================================
Received Import Request.
  Time since last request: 0.000297 seconds.
  path: Assets/Terrain&Light/ZerinLabs_enviroKit_RetroForest/Prefabs/deco_rocks_B_grass_VarA.prefab
  artifactKey: Guid(cdff194964cfdca4183eb7ddfd67ba69) Importer(815301076,1909f56bfc062723c751e8b465ee728b)
Start importing Assets/Terrain&Light/ZerinLabs_enviroKit_RetroForest/Prefabs/deco_rocks_B_grass_VarA.prefab using Guid(cdff194964cfdca4183eb7ddfd67ba69) Importer(815301076,1909f56bfc062723c751e8b465ee728b)  -> (artifact id: '4a444e8ab5d603f1d111733a269bc92e') in 0.014457 seconds 
  Import took 0.019581 seconds .

========================================================================
Received Import Request.
  Time since last request: 0.000286 seconds.
  path: Assets/Terrain&Light/ZerinLabs_enviroKit_RetroForest/Prefabs/deco_rocks_A_grass_VarB.prefab
  artifactKey: Guid(e162248d3383e8a42b91a837941c19ac) Importer(815301076,1909f56bfc062723c751e8b465ee728b)
Start importing Assets/Terrain&Light/ZerinLabs_enviroKit_RetroForest/Prefabs/deco_rocks_A_grass_VarB.prefab using Guid(e162248d3383e8a42b91a837941c19ac) Importer(815301076,1909f56bfc062723c751e8b465ee728b)  -> (artifact id: '861f2f90c0995e76a1f0fd21c8ad43d8') in 0.015931 seconds 
  Import took 0.020516 seconds .

========================================================================
Received Import Request.
  Time since last request: 0.000621 seconds.
  path: Assets/Terrain&Light/ZerinLabs_enviroKit_RetroForest/Prefabs/deco_gravel_B_grass_VarB.prefab
  artifactKey: Guid(89c3d179f39e3954f923432f753b1712) Importer(815301076,1909f56bfc062723c751e8b465ee728b)
Start importing Assets/Terrain&Light/ZerinLabs_enviroKit_RetroForest/Prefabs/deco_gravel_B_grass_VarB.prefab using Guid(89c3d179f39e3954f923432f753b1712) Importer(815301076,1909f56bfc062723c751e8b465ee728b)  -> (artifact id: '80666a384bdbf010b0d6fbb720602ab7') in 0.016672 seconds 
  Import took 0.021163 seconds .

========================================================================
Received Import Request.
  Time since last request: 0.000361 seconds.
  path: Assets/Terrain&Light/ZerinLabs_enviroKit_RetroForest/Prefabs/deco_rocks_B_grass_VarC.prefab
  artifactKey: Guid(4396b2a2f64a41a42b0122df6fcb6346) Importer(815301076,1909f56bfc062723c751e8b465ee728b)
Start importing Assets/Terrain&Light/ZerinLabs_enviroKit_RetroForest/Prefabs/deco_rocks_B_grass_VarC.prefab using Guid(4396b2a2f64a41a42b0122df6fcb6346) Importer(815301076,1909f56bfc062723c751e8b465ee728b)  -> (artifact id: 'c5e4e9f75055f16399bfc8d63fd6bcb9') in 0.014858 seconds 
  Import took 0.019625 seconds .

========================================================================
Received Import Request.
  Time since last request: 0.000510 seconds.
  path: Assets/Terrain&Light/ZerinLabs_enviroKit_RetroForest/Prefabs/deco_rock_wall_VarB.prefab
  artifactKey: Guid(b7b5f0c9c32eb004299a2ce713709b94) Importer(815301076,1909f56bfc062723c751e8b465ee728b)
Start importing Assets/Terrain&Light/ZerinLabs_enviroKit_RetroForest/Prefabs/deco_rock_wall_VarB.prefab using Guid(b7b5f0c9c32eb004299a2ce713709b94) Importer(815301076,1909f56bfc062723c751e8b465ee728b)  -> (artifact id: '92d78579a951231aa691801664b2020e') in 0.015018 seconds 
  Import took 0.019570 seconds .

========================================================================
Received Import Request.
  Time since last request: 0.000314 seconds.
  path: Assets/Terrain&Light/ZerinLabs_enviroKit_RetroForest/Prefabs/deco_rocks_A_grass_VarA.prefab
  artifactKey: Guid(e53879da841af2043b1ef1c29089eeba) Importer(815301076,1909f56bfc062723c751e8b465ee728b)
Start importing Assets/Terrain&Light/ZerinLabs_enviroKit_RetroForest/Prefabs/deco_rocks_A_grass_VarA.prefab using Guid(e53879da841af2043b1ef1c29089eeba) Importer(815301076,1909f56bfc062723c751e8b465ee728b)  -> (artifact id: 'aa53aa5c555889a1f4037b4183f2f1f6') in 0.016481 seconds 
  Import took 0.020710 seconds .

========================================================================
Received Import Request.
  Time since last request: 0.000331 seconds.
  path: Assets/Terrain&Light/ZerinLabs_enviroKit_RetroForest/Prefabs/deco_rocks_A_grass_VarC.prefab
  artifactKey: Guid(21fbcba4136f8364f9025d1574478193) Importer(815301076,1909f56bfc062723c751e8b465ee728b)
Start importing Assets/Terrain&Light/ZerinLabs_enviroKit_RetroForest/Prefabs/deco_rocks_A_grass_VarC.prefab using Guid(21fbcba4136f8364f9025d1574478193) Importer(815301076,1909f56bfc062723c751e8b465ee728b)  -> (artifact id: '34433fd37708d4082c0873cff8fd2977') in 0.015874 seconds 
  Import took 0.022428 seconds .

========================================================================
Received Import Request.
  Time since last request: 0.000339 seconds.
  path: Assets/Terrain&Light/ZerinLabs_enviroKit_RetroForest/Prefabs/deco_rock_wall_VarA.prefab
  artifactKey: Guid(49530255f043b7444ad2ee703280386c) Importer(815301076,1909f56bfc062723c751e8b465ee728b)
Start importing Assets/Terrain&Light/ZerinLabs_enviroKit_RetroForest/Prefabs/deco_rock_wall_VarA.prefab using Guid(49530255f043b7444ad2ee703280386c) Importer(815301076,1909f56bfc062723c751e8b465ee728b)  -> (artifact id: 'f03decaf9ba317dd00bd8f48c09564c0') in 0.014385 seconds 
  Import took 0.019509 seconds .

========================================================================
Received Import Request.
  Time since last request: 0.000536 seconds.
  path: Assets/Terrain&Light/ZerinLabs_enviroKit_RetroForest/Prefabs/deco_mushrooms_A_VarB.prefab
  artifactKey: Guid(6ccfeb7e68044ea42ac14f9171e9c4c1) Importer(815301076,1909f56bfc062723c751e8b465ee728b)
Start importing Assets/Terrain&Light/ZerinLabs_enviroKit_RetroForest/Prefabs/deco_mushrooms_A_VarB.prefab using Guid(6ccfeb7e68044ea42ac14f9171e9c4c1) Importer(815301076,1909f56bfc062723c751e8b465ee728b)  -> (artifact id: 'fdd9fd60462e5420abf7709578061c80') in 0.018177 seconds 
  Import took 0.022596 seconds .

========================================================================
Received Import Request.
  Time since last request: 0.000621 seconds.
  path: Assets/Terrain&Light/ZerinLabs_enviroKit_RetroForest/Prefabs/deco_mushrooms_B_VarC.prefab
  artifactKey: Guid(4f29ed768f199aa4e95ebcaf4911a167) Importer(815301076,1909f56bfc062723c751e8b465ee728b)
Start importing Assets/Terrain&Light/ZerinLabs_enviroKit_RetroForest/Prefabs/deco_mushrooms_B_VarC.prefab using Guid(4f29ed768f199aa4e95ebcaf4911a167) Importer(815301076,1909f56bfc062723c751e8b465ee728b)  -> (artifact id: 'c4352a64d1953821ddbeece9eaf3920e') in 0.014328 seconds 
  Import took 0.018742 seconds .

========================================================================
Received Import Request.
  Time since last request: 0.000354 seconds.
  path: Assets/Terrain&Light/ZerinLabs_enviroKit_RetroForest/Prefabs/deco_gravel_A_grass_VarC.prefab
  artifactKey: Guid(ff6b1f7ce58ff0a43801899cdddc0647) Importer(815301076,1909f56bfc062723c751e8b465ee728b)
Start importing Assets/Terrain&Light/ZerinLabs_enviroKit_RetroForest/Prefabs/deco_gravel_A_grass_VarC.prefab using Guid(ff6b1f7ce58ff0a43801899cdddc0647) Importer(815301076,1909f56bfc062723c751e8b465ee728b)  -> (artifact id: 'f8c9c23434b6e98e92b87b816ae7ce79') in 0.015911 seconds 
  Import took 0.020241 seconds .

========================================================================
Received Import Request.
  Time since last request: 0.000280 seconds.
  path: Assets/Terrain&Light/ZerinLabs_enviroKit_RetroForest/Prefabs/deco_gravel_B_VarA.prefab
  artifactKey: Guid(3dbd6b8632dc414428c58eb3aedaec35) Importer(815301076,1909f56bfc062723c751e8b465ee728b)
Start importing Assets/Terrain&Light/ZerinLabs_enviroKit_RetroForest/Prefabs/deco_gravel_B_VarA.prefab using Guid(3dbd6b8632dc414428c58eb3aedaec35) Importer(815301076,1909f56bfc062723c751e8b465ee728b)  -> (artifact id: '1fce41ee447a5ba68f7320d97af4caf5') in 0.015078 seconds 
  Import took 0.019450 seconds .

========================================================================
Received Import Request.
  Time since last request: 0.000306 seconds.
  path: Assets/Terrain&Light/ZerinLabs_enviroKit_RetroForest/Prefabs/deco_poles_VarB.prefab
  artifactKey: Guid(5cb6cba76ee5067498b07b1f39ff074c) Importer(815301076,1909f56bfc062723c751e8b465ee728b)
Start importing Assets/Terrain&Light/ZerinLabs_enviroKit_RetroForest/Prefabs/deco_poles_VarB.prefab using Guid(5cb6cba76ee5067498b07b1f39ff074c) Importer(815301076,1909f56bfc062723c751e8b465ee728b)  -> (artifact id: '89f845f4cb11cba2fae421d99abae760') in 0.015609 seconds 
  Import took 0.020015 seconds .

========================================================================
Received Import Request.
  Time since last request: 0.000319 seconds.
  path: Assets/Terrain&Light/ZerinLabs_enviroKit_RetroForest/Prefabs/deco_gravel_A_VarB.prefab
  artifactKey: Guid(e3409d9657db2f94f8034819fe2b6899) Importer(815301076,1909f56bfc062723c751e8b465ee728b)
Start importing Assets/Terrain&Light/ZerinLabs_enviroKit_RetroForest/Prefabs/deco_gravel_A_VarB.prefab using Guid(e3409d9657db2f94f8034819fe2b6899) Importer(815301076,1909f56bfc062723c751e8b465ee728b)  -> (artifact id: '75b7b490a0145dbb6774e82b10b11d33') in 0.014545 seconds 
  Import took 0.019426 seconds .

========================================================================
Received Import Request.
  Time since last request: 0.000307 seconds.
  path: Assets/Terrain&Light/ZerinLabs_enviroKit_RetroForest/Prefabs/deco_ivy_wall_VarC.prefab
  artifactKey: Guid(b76dc2fc8f087a440bb1203cb85b194c) Importer(815301076,1909f56bfc062723c751e8b465ee728b)
Start importing Assets/Terrain&Light/ZerinLabs_enviroKit_RetroForest/Prefabs/deco_ivy_wall_VarC.prefab using Guid(b76dc2fc8f087a440bb1203cb85b194c) Importer(815301076,1909f56bfc062723c751e8b465ee728b)  -> (artifact id: '9d12dcdac50721508d7dc02dcb1e9325') in 0.016410 seconds 
  Import took 0.020668 seconds .

========================================================================
Received Import Request.
  Time since last request: 0.000305 seconds.
  path: Assets/Terrain&Light/ZerinLabs_enviroKit_RetroForest/Prefabs/deco_rocks_A_VarB.prefab
  artifactKey: Guid(29ca6b64179aafd46ab42ca8131c783f) Importer(815301076,1909f56bfc062723c751e8b465ee728b)
Start importing Assets/Terrain&Light/ZerinLabs_enviroKit_RetroForest/Prefabs/deco_rocks_A_VarB.prefab using Guid(29ca6b64179aafd46ab42ca8131c783f) Importer(815301076,1909f56bfc062723c751e8b465ee728b)  -> (artifact id: 'd4926fdff585c22988e0deed9d28eba7') in 0.016042 seconds 
  Import took 0.034712 seconds .

========================================================================
Received Import Request.
  Time since last request: 0.001921 seconds.
  path: Assets/Terrain&Light/ZerinLabs_enviroKit_RetroForest/Prefabs/deco_mushrooms_A_VarC.prefab
  artifactKey: Guid(ce1f8451f822db445a55b44ee6537f9b) Importer(815301076,1909f56bfc062723c751e8b465ee728b)
Start importing Assets/Terrain&Light/ZerinLabs_enviroKit_RetroForest/Prefabs/deco_mushrooms_A_VarC.prefab using Guid(ce1f8451f822db445a55b44ee6537f9b) Importer(815301076,1909f56bfc062723c751e8b465ee728b)  -> (artifact id: '7aa929de204ca71ab0a6ed25bc78468b') in 0.015521 seconds 
  Import took 0.020134 seconds .

========================================================================
Received Import Request.
  Time since last request: 0.000327 seconds.
  path: Assets/Terrain&Light/ZerinLabs_enviroKit_RetroForest/Prefabs/deco_flowers_red_VarA.prefab
  artifactKey: Guid(c0a43eff784068143999eaf09d069f0b) Importer(815301076,1909f56bfc062723c751e8b465ee728b)
Start importing Assets/Terrain&Light/ZerinLabs_enviroKit_RetroForest/Prefabs/deco_flowers_red_VarA.prefab using Guid(c0a43eff784068143999eaf09d069f0b) Importer(815301076,1909f56bfc062723c751e8b465ee728b)  -> (artifact id: '078a29f86e9b6342f7129013020d573f') in 0.015613 seconds 
  Import took 0.019776 seconds .

========================================================================
Received Import Request.
  Time since last request: 0.000312 seconds.
  path: Assets/Terrain&Light/ZerinLabs_enviroKit_RetroForest/Prefabs/deco_flowersSmall_red_VarC.prefab
  artifactKey: Guid(11f5c8444c4e92f489e5643ee0086783) Importer(815301076,1909f56bfc062723c751e8b465ee728b)
Start importing Assets/Terrain&Light/ZerinLabs_enviroKit_RetroForest/Prefabs/deco_flowersSmall_red_VarC.prefab using Guid(11f5c8444c4e92f489e5643ee0086783) Importer(815301076,1909f56bfc062723c751e8b465ee728b)  -> (artifact id: 'b84e7919294bde8d92d44b40e1e3d8fa') in 0.014148 seconds 
  Import took 0.018355 seconds .

========================================================================
Received Import Request.
  Time since last request: 0.000338 seconds.
  path: Assets/Terrain&Light/ZerinLabs_enviroKit_RetroForest/Prefabs/deco_rocks_A_VarA.prefab
  artifactKey: Guid(0c2a002fe95bc8b4885c38cb476dfb8f) Importer(815301076,1909f56bfc062723c751e8b465ee728b)
Start importing Assets/Terrain&Light/ZerinLabs_enviroKit_RetroForest/Prefabs/deco_rocks_A_VarA.prefab using Guid(0c2a002fe95bc8b4885c38cb476dfb8f) Importer(815301076,1909f56bfc062723c751e8b465ee728b)  -> (artifact id: '07ad80bcade5f025b82d6feba5a54660') in 0.015976 seconds 
  Import took 0.021148 seconds .

========================================================================
Received Import Request.
  Time since last request: 0.000324 seconds.
  path: Assets/Terrain&Light/ZerinLabs_enviroKit_RetroForest/Prefabs/deco_flowerBig_red_VarB.prefab
  artifactKey: Guid(e667219b216d2a84ca503c799b5d6ee3) Importer(815301076,1909f56bfc062723c751e8b465ee728b)
Start importing Assets/Terrain&Light/ZerinLabs_enviroKit_RetroForest/Prefabs/deco_flowerBig_red_VarB.prefab using Guid(e667219b216d2a84ca503c799b5d6ee3) Importer(815301076,1909f56bfc062723c751e8b465ee728b)  -> (artifact id: '157d611f9cb74388c579b60a4f067db0') in 0.015933 seconds 
  Import took 0.020165 seconds .

========================================================================
Received Import Request.
  Time since last request: 0.000305 seconds.
  path: Assets/Terrain&Light/ZerinLabs_enviroKit_RetroForest/Prefabs/deco_deco_chestSmall_open_VarB.prefab
  artifactKey: Guid(a8ba96c0f726156488de525698e3f73b) Importer(815301076,1909f56bfc062723c751e8b465ee728b)
Start importing Assets/Terrain&Light/ZerinLabs_enviroKit_RetroForest/Prefabs/deco_deco_chestSmall_open_VarB.prefab using Guid(a8ba96c0f726156488de525698e3f73b) Importer(815301076,1909f56bfc062723c751e8b465ee728b)  -> (artifact id: 'ba867096221787a10bf14291e1ce6b65') in 0.013901 seconds 
  Import took 0.018009 seconds .

========================================================================
Received Import Request.
  Time since last request: 0.000266 seconds.
  path: Assets/Terrain&Light/ZerinLabs_enviroKit_RetroForest/Prefabs/deco_rocks_C_VarC.prefab
  artifactKey: Guid(dc7774ba21aa9894b9a51ae3213cb315) Importer(815301076,1909f56bfc062723c751e8b465ee728b)
Start importing Assets/Terrain&Light/ZerinLabs_enviroKit_RetroForest/Prefabs/deco_rocks_C_VarC.prefab using Guid(dc7774ba21aa9894b9a51ae3213cb315) Importer(815301076,1909f56bfc062723c751e8b465ee728b)  -> (artifact id: '76bb60ea8ca0f170143e35d9cfe8d795') in 0.014633 seconds 
  Import took 0.018755 seconds .

========================================================================
Received Import Request.
  Time since last request: 0.000374 seconds.
  path: Assets/Terrain&Light/ZerinLabs_enviroKit_RetroForest/Prefabs/deco_statueBig_grass_VarB.prefab
  artifactKey: Guid(86944a9fab9803e4d8a6231c47881c6f) Importer(815301076,1909f56bfc062723c751e8b465ee728b)
Start importing Assets/Terrain&Light/ZerinLabs_enviroKit_RetroForest/Prefabs/deco_statueBig_grass_VarB.prefab using Guid(86944a9fab9803e4d8a6231c47881c6f) Importer(815301076,1909f56bfc062723c751e8b465ee728b)  -> (artifact id: '6498e4255fb5bbb021251161969a9f27') in 0.016517 seconds 
  Import took 0.021660 seconds .

========================================================================
Received Import Request.
  Time since last request: 0.000507 seconds.
  path: Assets/Terrain&Light/ZerinLabs_enviroKit_RetroForest/Prefabs/deco_sign_VarC.prefab
  artifactKey: Guid(e18ed9b82f402724abbd190cd7e5a11e) Importer(815301076,1909f56bfc062723c751e8b465ee728b)
Start importing Assets/Terrain&Light/ZerinLabs_enviroKit_RetroForest/Prefabs/deco_sign_VarC.prefab using Guid(e18ed9b82f402724abbd190cd7e5a11e) Importer(815301076,1909f56bfc062723c751e8b465ee728b)  -> (artifact id: 'c7546b491bb0722d15aeafd7fcdb83ec') in 0.016595 seconds 
  Import took 0.020722 seconds .

========================================================================
Received Import Request.
  Time since last request: 0.000303 seconds.
  path: Assets/Terrain&Light/ZerinLabs_enviroKit_RetroForest/Prefabs/deco_rocks_C_grass_VarC.prefab
  artifactKey: Guid(8909f4c1a465dac46b0f071cc4a05b31) Importer(815301076,1909f56bfc062723c751e8b465ee728b)
Start importing Assets/Terrain&Light/ZerinLabs_enviroKit_RetroForest/Prefabs/deco_rocks_C_grass_VarC.prefab using Guid(8909f4c1a465dac46b0f071cc4a05b31) Importer(815301076,1909f56bfc062723c751e8b465ee728b)  -> (artifact id: '355d0d94ec435f9d05abea2755c6110b') in 0.014898 seconds 
  Import took 0.018921 seconds .

========================================================================
Received Import Request.
  Time since last request: 0.000853 seconds.
  path: Assets/Terrain&Light/ZerinLabs_enviroKit_RetroForest/Prefabs/deco_rocks_C_VarA.prefab
  artifactKey: Guid(d90d8e27e0924a24fbbcb543007e047e) Importer(815301076,1909f56bfc062723c751e8b465ee728b)
Start importing Assets/Terrain&Light/ZerinLabs_enviroKit_RetroForest/Prefabs/deco_rocks_C_VarA.prefab using Guid(d90d8e27e0924a24fbbcb543007e047e) Importer(815301076,1909f56bfc062723c751e8b465ee728b)  -> (artifact id: '2b44ee6bdba42e72dbef8c26189b039e') in 0.013669 seconds 
  Import took 0.017916 seconds .

========================================================================
Received Import Request.
  Time since last request: 0.000321 seconds.
  path: Assets/Terrain&Light/ZerinLabs_enviroKit_RetroForest/Prefabs/deco_tree_C_VarA.prefab
  artifactKey: Guid(efb2ab0bdbf573a41a1154aeaf24025d) Importer(815301076,1909f56bfc062723c751e8b465ee728b)
Start importing Assets/Terrain&Light/ZerinLabs_enviroKit_RetroForest/Prefabs/deco_tree_C_VarA.prefab using Guid(efb2ab0bdbf573a41a1154aeaf24025d) Importer(815301076,1909f56bfc062723c751e8b465ee728b)  -> (artifact id: '92988427b49dc560bac9edfae4900c34') in 0.016708 seconds 
  Import took 0.021147 seconds .

========================================================================
Received Import Request.
  Time since last request: 0.000323 seconds.
  path: Assets/Terrain&Light/ZerinLabs_enviroKit_RetroForest/Prefabs/deco_sign_VarA.prefab
  artifactKey: Guid(8b18e4dcbe255294da3c02b6d8828d18) Importer(815301076,1909f56bfc062723c751e8b465ee728b)
Start importing Assets/Terrain&Light/ZerinLabs_enviroKit_RetroForest/Prefabs/deco_sign_VarA.prefab using Guid(8b18e4dcbe255294da3c02b6d8828d18) Importer(815301076,1909f56bfc062723c751e8b465ee728b)  -> (artifact id: '0dbd07768af34b21bdae664511c96724') in 0.015064 seconds 
  Import took 0.019614 seconds .

========================================================================
Received Import Request.
  Time since last request: 0.000340 seconds.
  path: Assets/Terrain&Light/ZerinLabs_enviroKit_RetroForest/Prefabs/deco_tree_B_VarB.prefab
  artifactKey: Guid(f5d2aaab878424e4b84d1191baccfe66) Importer(815301076,1909f56bfc062723c751e8b465ee728b)
Start importing Assets/Terrain&Light/ZerinLabs_enviroKit_RetroForest/Prefabs/deco_tree_B_VarB.prefab using Guid(f5d2aaab878424e4b84d1191baccfe66) Importer(815301076,1909f56bfc062723c751e8b465ee728b)  -> (artifact id: '209f3f5c946cd375ec0c263e5cc49b91') in 0.017259 seconds 
  Import took 0.021698 seconds .

========================================================================
Received Import Request.
  Time since last request: 0.000307 seconds.
  path: Assets/Terrain&Light/ZerinLabs_enviroKit_RetroForest/Prefabs/deco_statueSmall_grass_VarC.prefab
  artifactKey: Guid(a4b043e72cf17b94da61a4aa3ec62352) Importer(815301076,1909f56bfc062723c751e8b465ee728b)
Start importing Assets/Terrain&Light/ZerinLabs_enviroKit_RetroForest/Prefabs/deco_statueSmall_grass_VarC.prefab using Guid(a4b043e72cf17b94da61a4aa3ec62352) Importer(815301076,1909f56bfc062723c751e8b465ee728b)  -> (artifact id: 'a82b1ab7a25125d8973d9bfdc82a3821') in 0.016357 seconds 
  Import took 0.020528 seconds .

========================================================================
Received Import Request.
  Time since last request: 0.000423 seconds.
  path: Assets/Terrain&Light/ZerinLabs_enviroKit_RetroForest/Prefabs/deco_rocks_C_VarB.prefab
  artifactKey: Guid(d36c1671ca3be0946ab8056a6bfc3e3b) Importer(815301076,1909f56bfc062723c751e8b465ee728b)
Start importing Assets/Terrain&Light/ZerinLabs_enviroKit_RetroForest/Prefabs/deco_rocks_C_VarB.prefab using Guid(d36c1671ca3be0946ab8056a6bfc3e3b) Importer(815301076,1909f56bfc062723c751e8b465ee728b)  -> (artifact id: '3312ad9e768ebdfe9bc35b5cfd7ef670') in 0.014751 seconds 
  Import took 0.019781 seconds .

========================================================================
Received Import Request.
  Time since last request: 0.000338 seconds.
  path: Assets/Terrain&Light/ZerinLabs_enviroKit_RetroForest/Prefabs/deco_stump_B_VarA.prefab
  artifactKey: Guid(e67addab923de8849833f04bb03af13b) Importer(815301076,1909f56bfc062723c751e8b465ee728b)
Start importing Assets/Terrain&Light/ZerinLabs_enviroKit_RetroForest/Prefabs/deco_stump_B_VarA.prefab using Guid(e67addab923de8849833f04bb03af13b) Importer(815301076,1909f56bfc062723c751e8b465ee728b)  -> (artifact id: 'b321a8adf9040bbbaa13827e883ccb5f') in 0.017717 seconds 
  Import took 0.022662 seconds .

========================================================================
Received Import Request.
  Time since last request: 0.000450 seconds.
  path: Assets/Terrain&Light/ZerinLabs_enviroKit_RetroForest/Prefabs/deco_statueSmall_VarC.prefab
  artifactKey: Guid(c83b56cd0094fbd49a145a66d9438948) Importer(815301076,1909f56bfc062723c751e8b465ee728b)
Start importing Assets/Terrain&Light/ZerinLabs_enviroKit_RetroForest/Prefabs/deco_statueSmall_VarC.prefab using Guid(c83b56cd0094fbd49a145a66d9438948) Importer(815301076,1909f56bfc062723c751e8b465ee728b)  -> (artifact id: 'd961f799c94bf519275e3de3ad5b6487') in 0.016563 seconds 
  Import took 0.020857 seconds .

========================================================================
Received Import Request.
  Time since last request: 0.000315 seconds.
  path: Assets/Terrain&Light/ZerinLabs_enviroKit_RetroForest/Prefabs/deco_statueBig_VarB.prefab
  artifactKey: Guid(e81d814dfbb37fd45a94faa5face777e) Importer(815301076,1909f56bfc062723c751e8b465ee728b)
Start importing Assets/Terrain&Light/ZerinLabs_enviroKit_RetroForest/Prefabs/deco_statueBig_VarB.prefab using Guid(e81d814dfbb37fd45a94faa5face777e) Importer(815301076,1909f56bfc062723c751e8b465ee728b)  -> (artifact id: '65658112de9ad98cee02b4dd787bdd09') in 0.014968 seconds 
  Import took 0.019349 seconds .

========================================================================
Received Import Request.
  Time since last request: 0.000409 seconds.
  path: Assets/Terrain&Light/ZerinLabs_enviroKit_RetroForest/Prefabs/deco_statueSmall_grass_VarB.prefab
  artifactKey: Guid(ff95d99d97fcb9648b81c0b7df14e0c5) Importer(815301076,1909f56bfc062723c751e8b465ee728b)
Start importing Assets/Terrain&Light/ZerinLabs_enviroKit_RetroForest/Prefabs/deco_statueSmall_grass_VarB.prefab using Guid(ff95d99d97fcb9648b81c0b7df14e0c5) Importer(815301076,1909f56bfc062723c751e8b465ee728b)  -> (artifact id: '8e702e3874c2f856c5c2a55527a563a9') in 0.015572 seconds 
  Import took 0.020647 seconds .

========================================================================
Received Import Request.
  Time since last request: 0.000363 seconds.
  path: Assets/Terrain&Light/ZerinLabs_enviroKit_RetroForest/Prefabs/deco_sign_VarB.prefab
  artifactKey: Guid(d26a8661063320c4e90432380f0f5420) Importer(815301076,1909f56bfc062723c751e8b465ee728b)
Start importing Assets/Terrain&Light/ZerinLabs_enviroKit_RetroForest/Prefabs/deco_sign_VarB.prefab using Guid(d26a8661063320c4e90432380f0f5420) Importer(815301076,1909f56bfc062723c751e8b465ee728b)  -> (artifact id: 'f4dfb4f784ba9d45473446943c56ffab') in 0.016023 seconds 
  Import took 0.020562 seconds .

========================================================================
Received Import Request.
  Time since last request: 0.000331 seconds.
  path: Assets/Terrain&Light/ZerinLabs_enviroKit_RetroForest/Prefabs/deco_stump_B_VarC.prefab
  artifactKey: Guid(37e848d4f943f994887605e1427d7dbc) Importer(815301076,1909f56bfc062723c751e8b465ee728b)
Start importing Assets/Terrain&Light/ZerinLabs_enviroKit_RetroForest/Prefabs/deco_stump_B_VarC.prefab using Guid(37e848d4f943f994887605e1427d7dbc) Importer(815301076,1909f56bfc062723c751e8b465ee728b)  -> (artifact id: 'f1f333b5b36d5cdb1fb8dc986ebe4485') in 0.014547 seconds 
  Import took 0.018474 seconds .

========================================================================
Received Import Request.
  Time since last request: 0.000291 seconds.
  path: Assets/Terrain&Light/ZerinLabs_enviroKit_RetroForest/Prefabs/deco_statueBig_grass_VarC.prefab
  artifactKey: Guid(d300583030eca6643b0fa7816856f831) Importer(815301076,1909f56bfc062723c751e8b465ee728b)
Start importing Assets/Terrain&Light/ZerinLabs_enviroKit_RetroForest/Prefabs/deco_statueBig_grass_VarC.prefab using Guid(d300583030eca6643b0fa7816856f831) Importer(815301076,1909f56bfc062723c751e8b465ee728b)  -> (artifact id: '2e082ffb55654e8910eed977273048ec') in 0.015397 seconds 
  Import took 0.020640 seconds .

========================================================================
Received Import Request.
  Time since last request: 0.000314 seconds.
  path: Assets/Terrain&Light/ZerinLabs_enviroKit_RetroForest/Prefabs/deco_tree_B_VarA.prefab
  artifactKey: Guid(a1fc6a0b599b94c48986967f628c3096) Importer(815301076,1909f56bfc062723c751e8b465ee728b)
Start importing Assets/Terrain&Light/ZerinLabs_enviroKit_RetroForest/Prefabs/deco_tree_B_VarA.prefab using Guid(a1fc6a0b599b94c48986967f628c3096) Importer(815301076,1909f56bfc062723c751e8b465ee728b)  -> (artifact id: 'bf42dcb73802a0795da76e3a2db3f2cc') in 0.016812 seconds 
  Import took 0.021337 seconds .

========================================================================
Received Import Request.
  Time since last request: 0.000334 seconds.
  path: Assets/Terrain&Light/ZerinLabs_enviroKit_RetroForest/Prefabs/deco_rocks_B_VarB.prefab
  artifactKey: Guid(418505fbfe499e5498f1a5e32d899c7e) Importer(815301076,1909f56bfc062723c751e8b465ee728b)
Start importing Assets/Terrain&Light/ZerinLabs_enviroKit_RetroForest/Prefabs/deco_rocks_B_VarB.prefab using Guid(418505fbfe499e5498f1a5e32d899c7e) Importer(815301076,1909f56bfc062723c751e8b465ee728b)  -> (artifact id: '6c4b0bf1db7d9307774213e1bfaf988d') in 0.016970 seconds 
  Import took 0.021550 seconds .

========================================================================
Received Import Request.
  Time since last request: 0.000313 seconds.
  path: Assets/Terrain&Light/ZerinLabs_enviroKit_RetroForest/Prefabs/deco_rocks_C_grass_VarA.prefab
  artifactKey: Guid(09735eb6d9e073d46a059d7f851b40c7) Importer(815301076,1909f56bfc062723c751e8b465ee728b)
Start importing Assets/Terrain&Light/ZerinLabs_enviroKit_RetroForest/Prefabs/deco_rocks_C_grass_VarA.prefab using Guid(09735eb6d9e073d46a059d7f851b40c7) Importer(815301076,1909f56bfc062723c751e8b465ee728b)  -> (artifact id: '384d2e2636bb7a66366e948d8d760a27') in 0.013667 seconds 
  Import took 0.017966 seconds .

========================================================================
Received Import Request.
  Time since last request: 0.000319 seconds.
  path: Assets/Terrain&Light/ZerinLabs_enviroKit_RetroForest/Prefabs/deco_stump_B_VarB.prefab
  artifactKey: Guid(7288262b7267b8449968e09da7a095ff) Importer(815301076,1909f56bfc062723c751e8b465ee728b)
Start importing Assets/Terrain&Light/ZerinLabs_enviroKit_RetroForest/Prefabs/deco_stump_B_VarB.prefab using Guid(7288262b7267b8449968e09da7a095ff) Importer(815301076,1909f56bfc062723c751e8b465ee728b)  -> (artifact id: 'dc756f5bbfb2b75f1459a1fe7971344e') in 0.014506 seconds 
  Import took 0.019193 seconds .

========================================================================
Received Import Request.
  Time since last request: 0.000370 seconds.
  path: Assets/Terrain&Light/ZerinLabs_enviroKit_RetroForest/Prefabs/deco_tree_A_VarB.prefab
  artifactKey: Guid(5239e564524618c4aaa7720cf7871527) Importer(815301076,1909f56bfc062723c751e8b465ee728b)
Start importing Assets/Terrain&Light/ZerinLabs_enviroKit_RetroForest/Prefabs/deco_tree_A_VarB.prefab using Guid(5239e564524618c4aaa7720cf7871527) Importer(815301076,1909f56bfc062723c751e8b465ee728b)  -> (artifact id: 'af8672668f42893755087833117002aa') in 0.017632 seconds 
  Import took 0.023253 seconds .

========================================================================
Received Import Request.
  Time since last request: 0.000427 seconds.
  path: Assets/Terrain&Light/ZerinLabs_enviroKit_RetroForest/Prefabs/deco_stump_A_VarC.prefab
  artifactKey: Guid(86d54116d8700fc49a916d4064aba4cf) Importer(815301076,1909f56bfc062723c751e8b465ee728b)
Start importing Assets/Terrain&Light/ZerinLabs_enviroKit_RetroForest/Prefabs/deco_stump_A_VarC.prefab using Guid(86d54116d8700fc49a916d4064aba4cf) Importer(815301076,1909f56bfc062723c751e8b465ee728b)  -> (artifact id: 'e62255c156875471169c8ad322d13f68') in 0.016733 seconds 
  Import took 0.020724 seconds .

========================================================================
Received Import Request.
  Time since last request: 0.000297 seconds.
  path: Assets/Terrain&Light/ZerinLabs_enviroKit_RetroForest/Prefabs/deco_tree_B_VarC.prefab
  artifactKey: Guid(9341b4d5995670f458fcf6a80124ba42) Importer(815301076,1909f56bfc062723c751e8b465ee728b)
Start importing Assets/Terrain&Light/ZerinLabs_enviroKit_RetroForest/Prefabs/deco_tree_B_VarC.prefab using Guid(9341b4d5995670f458fcf6a80124ba42) Importer(815301076,1909f56bfc062723c751e8b465ee728b)  -> (artifact id: 'e172ab4ec0fc81373e157ab444ab6f01') in 0.015685 seconds 
  Import took 0.020129 seconds .

========================================================================
Received Import Request.
  Time since last request: 0.000404 seconds.
  path: Assets/Terrain&Light/ZerinLabs_enviroKit_RetroForest/Prefabs/deco_tree_A_VarC.prefab
  artifactKey: Guid(22028baa0156b074eade2348cb09f6a2) Importer(815301076,1909f56bfc062723c751e8b465ee728b)
Start importing Assets/Terrain&Light/ZerinLabs_enviroKit_RetroForest/Prefabs/deco_tree_A_VarC.prefab using Guid(22028baa0156b074eade2348cb09f6a2) Importer(815301076,1909f56bfc062723c751e8b465ee728b)  -> (artifact id: '1036b6f9be8ae5be7654fe65a07639b6') in 0.014650 seconds 
  Import took 0.018596 seconds .

========================================================================
Received Import Request.
  Time since last request: 0.000273 seconds.
  path: Assets/Terrain&Light/ZerinLabs_enviroKit_RetroForest/Prefabs/deco_tree_C_VarB.prefab
  artifactKey: Guid(899558eff31e6f54184cc466ce02ffa6) Importer(815301076,1909f56bfc062723c751e8b465ee728b)
Start importing Assets/Terrain&Light/ZerinLabs_enviroKit_RetroForest/Prefabs/deco_tree_C_VarB.prefab using Guid(899558eff31e6f54184cc466ce02ffa6) Importer(815301076,1909f56bfc062723c751e8b465ee728b)  -> (artifact id: '641b7d7dde1e146398f68673306229ea') in 0.012911 seconds 
  Import took 0.017670 seconds .

========================================================================
Received Import Request.
  Time since last request: 0.000316 seconds.
  path: Assets/Terrain&Light/ZerinLabs_enviroKit_RetroForest/Prefabs/deco_treeDead_C_VarB.prefab
  artifactKey: Guid(e8f2dad20ebb46248a118436664e34c4) Importer(815301076,1909f56bfc062723c751e8b465ee728b)
Start importing Assets/Terrain&Light/ZerinLabs_enviroKit_RetroForest/Prefabs/deco_treeDead_C_VarB.prefab using Guid(e8f2dad20ebb46248a118436664e34c4) Importer(815301076,1909f56bfc062723c751e8b465ee728b)  -> (artifact id: '730a099682717bbb208e1dd213a5a002') in 0.016717 seconds 
  Import took 0.020823 seconds .

========================================================================
Received Import Request.
  Time since last request: 0.000310 seconds.
  path: Assets/Terrain&Light/ZerinLabs_enviroKit_RetroForest/Prefabs/deco_trunk_VarC.prefab
  artifactKey: Guid(942c0e0a7e253df4093f99ec0ef42f86) Importer(815301076,1909f56bfc062723c751e8b465ee728b)
Start importing Assets/Terrain&Light/ZerinLabs_enviroKit_RetroForest/Prefabs/deco_trunk_VarC.prefab using Guid(942c0e0a7e253df4093f99ec0ef42f86) Importer(815301076,1909f56bfc062723c751e8b465ee728b)  -> (artifact id: 'c764c7230705a4d1e3d1253638b50e24') in 0.016115 seconds 
  Import took 0.020834 seconds .

========================================================================
Received Import Request.
  Time since last request: 0.000372 seconds.
  path: Assets/Terrain&Light/ZerinLabs_enviroKit_RetroForest/Prefabs/deco_trunk_VarB.prefab
  artifactKey: Guid(095e66cd61688af418898261f750abbe) Importer(815301076,1909f56bfc062723c751e8b465ee728b)
Start importing Assets/Terrain&Light/ZerinLabs_enviroKit_RetroForest/Prefabs/deco_trunk_VarB.prefab using Guid(095e66cd61688af418898261f750abbe) Importer(815301076,1909f56bfc062723c751e8b465ee728b)  -> (artifact id: 'aea8e4e2718ee8fc62f7bd2690d567ab') in 0.016404 seconds 
  Import took 0.021283 seconds .

========================================================================
Received Import Request.
  Time since last request: 0.000324 seconds.
  path: Assets/Terrain&Light/ZerinLabs_enviroKit_RetroForest/Prefabs/deco_trunk_VarA.prefab
  artifactKey: Guid(aa31260f1c5a94945bede1cc1fadc7b6) Importer(815301076,1909f56bfc062723c751e8b465ee728b)
Start importing Assets/Terrain&Light/ZerinLabs_enviroKit_RetroForest/Prefabs/deco_trunk_VarA.prefab using Guid(aa31260f1c5a94945bede1cc1fadc7b6) Importer(815301076,1909f56bfc062723c751e8b465ee728b)  -> (artifact id: '2eba4d1d6be02b6aceff1c1f7b9de012') in 0.015204 seconds 
  Import took 0.019197 seconds .

========================================================================
Received Import Request.
  Time since last request: 0.000320 seconds.
  path: Assets/Terrain&Light/ZerinLabs_enviroKit_RetroForest/Prefabs/deco_wallBroken_B_VarA.prefab
  artifactKey: Guid(ea88b2942ffbc4044908664e0db2f47f) Importer(815301076,1909f56bfc062723c751e8b465ee728b)
Start importing Assets/Terrain&Light/ZerinLabs_enviroKit_RetroForest/Prefabs/deco_wallBroken_B_VarA.prefab using Guid(ea88b2942ffbc4044908664e0db2f47f) Importer(815301076,1909f56bfc062723c751e8b465ee728b)  -> (artifact id: '74fb96aaa76bb2e297d52cfefa166ffe') in 0.015397 seconds 
  Import took 0.019729 seconds .

========================================================================
Received Import Request.
  Time since last request: 0.000271 seconds.
  path: Assets/Terrain&Light/ZerinLabs_enviroKit_RetroForest/Prefabs/deco_wallBroken_C_VarA.prefab
  artifactKey: Guid(68bffd523c4a4204c89e3356d1d0dae1) Importer(815301076,1909f56bfc062723c751e8b465ee728b)
Start importing Assets/Terrain&Light/ZerinLabs_enviroKit_RetroForest/Prefabs/deco_wallBroken_C_VarA.prefab using Guid(68bffd523c4a4204c89e3356d1d0dae1) Importer(815301076,1909f56bfc062723c751e8b465ee728b)  -> (artifact id: 'b684dba748a7f9922b03b0fa891e31f9') in 0.014800 seconds 
  Import took 0.018819 seconds .

========================================================================
Received Import Request.
  Time since last request: 0.000331 seconds.
  path: Assets/Terrain&Light/ZerinLabs_enviroKit_RetroForest/Prefabs/deco_wallSmall_A_VarC.prefab
  artifactKey: Guid(fd6eb8aa77ef29948866b0dbd2c19851) Importer(815301076,1909f56bfc062723c751e8b465ee728b)
Start importing Assets/Terrain&Light/ZerinLabs_enviroKit_RetroForest/Prefabs/deco_wallSmall_A_VarC.prefab using Guid(fd6eb8aa77ef29948866b0dbd2c19851) Importer(815301076,1909f56bfc062723c751e8b465ee728b)  -> (artifact id: '6dc9265bf522465cbe21fce91cecec60') in 0.017575 seconds 
  Import took 0.195756 seconds .

========================================================================
Received Import Request.
  Time since last request: 0.000400 seconds.
  path: Assets/Terrain&Light/ZerinLabs_enviroKit_RetroForest/Prefabs/deco_wallSmall_A_VarB.prefab
  artifactKey: Guid(6ae8c22fcbecf354cbe8e92489364016) Importer(815301076,1909f56bfc062723c751e8b465ee728b)
Start importing Assets/Terrain&Light/ZerinLabs_enviroKit_RetroForest/Prefabs/deco_wallSmall_A_VarB.prefab using Guid(6ae8c22fcbecf354cbe8e92489364016) Importer(815301076,1909f56bfc062723c751e8b465ee728b)  -> (artifact id: '9f4712ac834df504feada5e2a0e10a04') in 0.019667 seconds 
  Import took 0.025883 seconds .

========================================================================
Received Import Request.
  Time since last request: 0.000126 seconds.
  path: Assets/Terrain&Light/ZerinLabs_enviroKit_RetroForest/Prefabs/deco_wallBroken_B_VarC.prefab
  artifactKey: Guid(a6ab4cd8738bc4646a2a2249df4a58c4) Importer(815301076,1909f56bfc062723c751e8b465ee728b)
Start importing Assets/Terrain&Light/ZerinLabs_enviroKit_RetroForest/Prefabs/deco_wallBroken_B_VarC.prefab using Guid(a6ab4cd8738bc4646a2a2249df4a58c4) Importer(815301076,1909f56bfc062723c751e8b465ee728b)  -> (artifact id: 'd4cb793b8a51d3072ce6a094117eee4f') in 0.016915 seconds 
  Import took 0.028520 seconds .

========================================================================
Received Import Request.
  Time since last request: 0.000283 seconds.
  path: Assets/Terrain&Light/ZerinLabs_enviroKit_RetroForest/Prefabs/deco_wallSmall_B_VarA.prefab
  artifactKey: Guid(016aeb1c7e6d33e448da44def402667e) Importer(815301076,1909f56bfc062723c751e8b465ee728b)
Start importing Assets/Terrain&Light/ZerinLabs_enviroKit_RetroForest/Prefabs/deco_wallSmall_B_VarA.prefab using Guid(016aeb1c7e6d33e448da44def402667e) Importer(815301076,1909f56bfc062723c751e8b465ee728b)  -> (artifact id: '1173c619cb29e023e0ddc22429b2f82a') in 0.016842 seconds 
  Import took 0.021491 seconds .

========================================================================
Received Import Request.
  Time since last request: 0.000312 seconds.
  path: Assets/Terrain&Light/ZerinLabs_enviroKit_RetroForest/Prefabs/deco_treeDead_B_VarC.prefab
  artifactKey: Guid(9d22d37711c1eaa43aaa6f23d9ee4084) Importer(815301076,1909f56bfc062723c751e8b465ee728b)
Start importing Assets/Terrain&Light/ZerinLabs_enviroKit_RetroForest/Prefabs/deco_treeDead_B_VarC.prefab using Guid(9d22d37711c1eaa43aaa6f23d9ee4084) Importer(815301076,1909f56bfc062723c751e8b465ee728b)  -> (artifact id: '3808392b7fb1275bcfb7b383582a6ac4') in 0.016887 seconds 
  Import took 0.021294 seconds .

========================================================================
Received Import Request.
  Time since last request: 0.000306 seconds.
  path: Assets/Terrain&Light/ZerinLabs_enviroKit_RetroForest/Prefabs/deco_wallBroken_D_VarA.prefab
  artifactKey: Guid(cd8d46d59054ef845a1dca0eb5ef03c6) Importer(815301076,1909f56bfc062723c751e8b465ee728b)
Start importing Assets/Terrain&Light/ZerinLabs_enviroKit_RetroForest/Prefabs/deco_wallBroken_D_VarA.prefab using Guid(cd8d46d59054ef845a1dca0eb5ef03c6) Importer(815301076,1909f56bfc062723c751e8b465ee728b)  -> (artifact id: '960d52a71f799efabff5d35be8e8bc8c') in 0.016433 seconds 
  Import took 0.020865 seconds .

========================================================================
Received Import Request.
  Time since last request: 0.000299 seconds.
  path: Assets/Terrain&Light/ZerinLabs_enviroKit_RetroForest/Prefabs/deco_wallSmall_B_VarB.prefab
  artifactKey: Guid(1488514d7014cc347b693e9703586fdc) Importer(815301076,1909f56bfc062723c751e8b465ee728b)
Start importing Assets/Terrain&Light/ZerinLabs_enviroKit_RetroForest/Prefabs/deco_wallSmall_B_VarB.prefab using Guid(1488514d7014cc347b693e9703586fdc) Importer(815301076,1909f56bfc062723c751e8b465ee728b)  -> (artifact id: '12cbf0698e6e6a6ac7e6dc6a62f101a1') in 0.015677 seconds 
  Import took 0.019953 seconds .

========================================================================
Received Import Request.
  Time since last request: 0.000360 seconds.
  path: Assets/Terrain&Light/ZerinLabs_enviroKit_RetroForest/Prefabs/deco_wallSmall_section_VarA.prefab
  artifactKey: Guid(ccf4277fc81f495408ee9934e8fad8aa) Importer(815301076,1909f56bfc062723c751e8b465ee728b)
Start importing Assets/Terrain&Light/ZerinLabs_enviroKit_RetroForest/Prefabs/deco_wallSmall_section_VarA.prefab using Guid(ccf4277fc81f495408ee9934e8fad8aa) Importer(815301076,1909f56bfc062723c751e8b465ee728b)  -> (artifact id: 'e3f771c7ae38618ec64fcdc2f31926d7') in 0.015323 seconds 
  Import took 0.019912 seconds .

========================================================================
Received Import Request.
  Time since last request: 0.000361 seconds.
  path: Assets/Terrain&Light/ZerinLabs_enviroKit_RetroForest/Prefabs/deco_treeDead_A_VarA.prefab
  artifactKey: Guid(379f1e4c987e12b46808abfd09a5b0d0) Importer(815301076,1909f56bfc062723c751e8b465ee728b)
Start importing Assets/Terrain&Light/ZerinLabs_enviroKit_RetroForest/Prefabs/deco_treeDead_A_VarA.prefab using Guid(379f1e4c987e12b46808abfd09a5b0d0) Importer(815301076,1909f56bfc062723c751e8b465ee728b)  -> (artifact id: '2df0f768d03634b752d51268cdfceb95') in 0.017451 seconds 
  Import took 0.021832 seconds .

========================================================================
Received Import Request.
  Time since last request: 0.000315 seconds.
  path: Assets/Terrain&Light/ZerinLabs_enviroKit_RetroForest/Prefabs/deco_treeDead_B_VarB.prefab
  artifactKey: Guid(f38a08d9c0ddc9e45922917f712aa794) Importer(815301076,1909f56bfc062723c751e8b465ee728b)
Start importing Assets/Terrain&Light/ZerinLabs_enviroKit_RetroForest/Prefabs/deco_treeDead_B_VarB.prefab using Guid(f38a08d9c0ddc9e45922917f712aa794) Importer(815301076,1909f56bfc062723c751e8b465ee728b)  -> (artifact id: 'a5e62f155dee8969266183233ff8901e') in 0.015603 seconds 
  Import took 0.020538 seconds .

========================================================================
Received Import Request.
  Time since last request: 0.000365 seconds.
  path: Assets/Terrain&Light/ZerinLabs_enviroKit_RetroForest/Prefabs/deco_wallBroken_C_VarC.prefab
  artifactKey: Guid(db793081d6493684793f8eb1401a8548) Importer(815301076,1909f56bfc062723c751e8b465ee728b)
Start importing Assets/Terrain&Light/ZerinLabs_enviroKit_RetroForest/Prefabs/deco_wallBroken_C_VarC.prefab using Guid(db793081d6493684793f8eb1401a8548) Importer(815301076,1909f56bfc062723c751e8b465ee728b)  -> (artifact id: '767dc048bf8f7d01d38446358f9def51') in 0.015389 seconds 
  Import took 0.019371 seconds .

========================================================================
Received Import Request.
  Time since last request: 0.000301 seconds.
  path: Assets/Terrain&Light/ZerinLabs_enviroKit_RetroForest/Prefabs/deco_wallBroken_E_VarC.prefab
  artifactKey: Guid(9b5f1789bce2204459290e833628cbe4) Importer(815301076,1909f56bfc062723c751e8b465ee728b)
Start importing Assets/Terrain&Light/ZerinLabs_enviroKit_RetroForest/Prefabs/deco_wallBroken_E_VarC.prefab using Guid(9b5f1789bce2204459290e833628cbe4) Importer(815301076,1909f56bfc062723c751e8b465ee728b)  -> (artifact id: 'f14d6cc5f3259f16b2fc3535c8f42adf') in 0.016164 seconds 
  Import took 0.020669 seconds .

========================================================================
Received Import Request.
  Time since last request: 0.000330 seconds.
  path: Assets/Terrain&Light/ZerinLabs_enviroKit_RetroForest/Prefabs/deco_wallSmall_A_VarA.prefab
  artifactKey: Guid(55e407a6676c5b043b415abdde201d1e) Importer(815301076,1909f56bfc062723c751e8b465ee728b)
Start importing Assets/Terrain&Light/ZerinLabs_enviroKit_RetroForest/Prefabs/deco_wallSmall_A_VarA.prefab using Guid(55e407a6676c5b043b415abdde201d1e) Importer(815301076,1909f56bfc062723c751e8b465ee728b)  -> (artifact id: 'd566376078229dc4e48b9643b869f6b6') in 0.015089 seconds 
  Import took 0.019513 seconds .

========================================================================
Received Import Request.
  Time since last request: 0.000468 seconds.
  path: Assets/Terrain&Light/ZerinLabs_enviroKit_RetroForest/Prefabs/deco_wallBroken_C_VarB.prefab
  artifactKey: Guid(7d3726ebadd712c438abaab834ca80ab) Importer(815301076,1909f56bfc062723c751e8b465ee728b)
Start importing Assets/Terrain&Light/ZerinLabs_enviroKit_RetroForest/Prefabs/deco_wallBroken_C_VarB.prefab using Guid(7d3726ebadd712c438abaab834ca80ab) Importer(815301076,1909f56bfc062723c751e8b465ee728b)  -> (artifact id: '00cfa14fc07118265f4bd1b5404376eb') in 0.015094 seconds 
  Import took 0.019315 seconds .

========================================================================
Received Import Request.
  Time since last request: 0.000385 seconds.
  path: Assets/Terrain&Light/ZerinLabs_enviroKit_RetroForest/Prefabs/deco_wallSmall_B_VarC.prefab
  artifactKey: Guid(5fa9ce47a67133243b7e49dd5c568889) Importer(815301076,1909f56bfc062723c751e8b465ee728b)
Start importing Assets/Terrain&Light/ZerinLabs_enviroKit_RetroForest/Prefabs/deco_wallSmall_B_VarC.prefab using Guid(5fa9ce47a67133243b7e49dd5c568889) Importer(815301076,1909f56bfc062723c751e8b465ee728b)  -> (artifact id: '9d6ee9d9db94d9ec227daa5b81e495d5') in 0.013754 seconds 
  Import took 0.018518 seconds .

========================================================================
Received Import Request.
  Time since last request: 0.000333 seconds.
  path: Assets/Terrain&Light/ZerinLabs_enviroKit_RetroForest/Prefabs/deco_tree_C_VarC.prefab
  artifactKey: Guid(f94897b655480fa4c8940634b1433adc) Importer(815301076,1909f56bfc062723c751e8b465ee728b)
Start importing Assets/Terrain&Light/ZerinLabs_enviroKit_RetroForest/Prefabs/deco_tree_C_VarC.prefab using Guid(f94897b655480fa4c8940634b1433adc) Importer(815301076,1909f56bfc062723c751e8b465ee728b)  -> (artifact id: 'b002730f2908c102b1ec4c6f8a13d8eb') in 0.016016 seconds 
  Import took 0.020126 seconds .

========================================================================
Received Import Request.
  Time since last request: 0.000355 seconds.
  path: Assets/Terrain&Light/ZerinLabs_enviroKit_RetroForest/Prefabs/deco_treeDead_B_VarA.prefab
  artifactKey: Guid(721b2e1614b66c44aab65d777d29a95d) Importer(815301076,1909f56bfc062723c751e8b465ee728b)
Start importing Assets/Terrain&Light/ZerinLabs_enviroKit_RetroForest/Prefabs/deco_treeDead_B_VarA.prefab using Guid(721b2e1614b66c44aab65d777d29a95d) Importer(815301076,1909f56bfc062723c751e8b465ee728b)  -> (artifact id: '45ebee798bb225d303aba9cd93e35a37') in 0.015063 seconds 
  Import took 0.019344 seconds .

========================================================================
Received Import Request.
  Time since last request: 0.000471 seconds.
  path: Assets/Terrain&Light/ZerinLabs_enviroKit_RetroForest/Prefabs/deco_treeDead_C_VarC.prefab
  artifactKey: Guid(a91e568e0e3dcda41bb2bdfe02b9849f) Importer(815301076,1909f56bfc062723c751e8b465ee728b)
Start importing Assets/Terrain&Light/ZerinLabs_enviroKit_RetroForest/Prefabs/deco_treeDead_C_VarC.prefab using Guid(a91e568e0e3dcda41bb2bdfe02b9849f) Importer(815301076,1909f56bfc062723c751e8b465ee728b)  -> (artifact id: '4f80a5d4d8ed149ce63fb8a6470dbb04') in 0.015618 seconds 
  Import took 0.020870 seconds .

========================================================================
Received Import Request.
  Time since last request: 0.000315 seconds.
  path: Assets/Terrain&Light/ZerinLabs_enviroKit_RetroForest/Prefabs/deco_wallBroken_A_VarB.prefab
  artifactKey: Guid(63cffd987e6fb764f9e24a88e2089d33) Importer(815301076,1909f56bfc062723c751e8b465ee728b)
Start importing Assets/Terrain&Light/ZerinLabs_enviroKit_RetroForest/Prefabs/deco_wallBroken_A_VarB.prefab using Guid(63cffd987e6fb764f9e24a88e2089d33) Importer(815301076,1909f56bfc062723c751e8b465ee728b)  -> (artifact id: '62504b7a3b185ca9b291cda23f4c2784') in 0.016602 seconds 
  Import took 0.020598 seconds .

========================================================================
Received Import Request.
  Time since last request: 0.000283 seconds.
  path: Assets/Terrain&Light/ZerinLabs_enviroKit_RetroForest/Prefabs/deco_wallBroken_A_VarA.prefab
  artifactKey: Guid(f4f58df595f5e774a8dcc1f036c6625c) Importer(815301076,1909f56bfc062723c751e8b465ee728b)
Start importing Assets/Terrain&Light/ZerinLabs_enviroKit_RetroForest/Prefabs/deco_wallBroken_A_VarA.prefab using Guid(f4f58df595f5e774a8dcc1f036c6625c) Importer(815301076,1909f56bfc062723c751e8b465ee728b)  -> (artifact id: 'e5d4be9fd16e252128eab88729f800c3') in 0.014888 seconds 
  Import took 0.019797 seconds .

========================================================================
Received Import Request.
  Time since last request: 0.000332 seconds.
  path: Assets/Terrain&Light/ZerinLabs_enviroKit_RetroForest/Prefabs/deco_wallBroken_E_VarA.prefab
  artifactKey: Guid(3eb9dd1bc6ef62342b8ce9346bc23fa1) Importer(815301076,1909f56bfc062723c751e8b465ee728b)
Start importing Assets/Terrain&Light/ZerinLabs_enviroKit_RetroForest/Prefabs/deco_wallBroken_E_VarA.prefab using Guid(3eb9dd1bc6ef62342b8ce9346bc23fa1) Importer(815301076,1909f56bfc062723c751e8b465ee728b)  -> (artifact id: 'b8c50582b1c92709167f619d649b4e06') in 0.014898 seconds 
  Import took 0.018959 seconds .

========================================================================
Received Import Request.
  Time since last request: 0.000388 seconds.
  path: Assets/Terrain&Light/ZerinLabs_enviroKit_RetroForest/Prefabs/deco_rocks_B_VarC.prefab
  artifactKey: Guid(7a31aaa19126bc1438a67e7ef8d6398e) Importer(815301076,1909f56bfc062723c751e8b465ee728b)
Start importing Assets/Terrain&Light/ZerinLabs_enviroKit_RetroForest/Prefabs/deco_rocks_B_VarC.prefab using Guid(7a31aaa19126bc1438a67e7ef8d6398e) Importer(815301076,1909f56bfc062723c751e8b465ee728b)  -> (artifact id: 'bd2089b8fda189e28ddd3ae2cf635b5a') in 0.015582 seconds 
  Import took 0.019489 seconds .

========================================================================
Received Import Request.
  Time since last request: 0.000223 seconds.
  path: Assets/Terrain&Light/ZerinLabs_enviroKit_RetroForest/Prefabs/deco_wallBroken_B_VarB.prefab
  artifactKey: Guid(e9e991e2b67b40d4e899c499e4f93d12) Importer(815301076,1909f56bfc062723c751e8b465ee728b)
Start importing Assets/Terrain&Light/ZerinLabs_enviroKit_RetroForest/Prefabs/deco_wallBroken_B_VarB.prefab using Guid(e9e991e2b67b40d4e899c499e4f93d12) Importer(815301076,1909f56bfc062723c751e8b465ee728b)  -> (artifact id: '3ab10065af1dcf8af27f72b83b253ab5') in 0.015659 seconds 
  Import took 0.019889 seconds .

========================================================================
Received Import Request.
  Time since last request: 0.000325 seconds.
  path: Assets/Terrain&Light/ZerinLabs_enviroKit_RetroForest/Prefabs/deco_wallBroken_A_VarC.prefab
  artifactKey: Guid(184c4eecad4d3ab449976f0c9a2e40e5) Importer(815301076,1909f56bfc062723c751e8b465ee728b)
Start importing Assets/Terrain&Light/ZerinLabs_enviroKit_RetroForest/Prefabs/deco_wallBroken_A_VarC.prefab using Guid(184c4eecad4d3ab449976f0c9a2e40e5) Importer(815301076,1909f56bfc062723c751e8b465ee728b)  -> (artifact id: '2433d57dd3e1abb0714fb71a332db5db') in 0.016056 seconds 
  Import took 0.021114 seconds .

========================================================================
Received Import Request.
  Time since last request: 0.000318 seconds.
  path: Assets/Terrain&Light/ZerinLabs_enviroKit_RetroForest/Prefabs/deco_treeDead_A_VarB.prefab
  artifactKey: Guid(3b2f46a1df708a24c96e0630a3f837b2) Importer(815301076,1909f56bfc062723c751e8b465ee728b)
Start importing Assets/Terrain&Light/ZerinLabs_enviroKit_RetroForest/Prefabs/deco_treeDead_A_VarB.prefab using Guid(3b2f46a1df708a24c96e0630a3f837b2) Importer(815301076,1909f56bfc062723c751e8b465ee728b)  -> (artifact id: 'defc0841ffe1142398efc96c805beb4f') in 0.014645 seconds 
  Import took 0.018668 seconds .

========================================================================
Received Import Request.
  Time since last request: 0.000296 seconds.
  path: Assets/Terrain&Light/ZerinLabs_enviroKit_RetroForest/Prefabs/deco_statueBig_VarC.prefab
  artifactKey: Guid(aa18b3d88bb8b114798b94fedb2bbfdc) Importer(815301076,1909f56bfc062723c751e8b465ee728b)
Start importing Assets/Terrain&Light/ZerinLabs_enviroKit_RetroForest/Prefabs/deco_statueBig_VarC.prefab using Guid(aa18b3d88bb8b114798b94fedb2bbfdc) Importer(815301076,1909f56bfc062723c751e8b465ee728b)  -> (artifact id: 'b74cc304ebe9dc43647e422a55e3ef7f') in 0.015750 seconds 
  Import took 0.019901 seconds .

========================================================================
Received Import Request.
  Time since last request: 0.000327 seconds.
  path: Assets/Terrain&Light/ZerinLabs_enviroKit_RetroForest/Prefabs/deco_wallBroken_E_VarB.prefab
  artifactKey: Guid(0fe32287ab6661143b6ed62493cc32e0) Importer(815301076,1909f56bfc062723c751e8b465ee728b)
Start importing Assets/Terrain&Light/ZerinLabs_enviroKit_RetroForest/Prefabs/deco_wallBroken_E_VarB.prefab using Guid(0fe32287ab6661143b6ed62493cc32e0) Importer(815301076,1909f56bfc062723c751e8b465ee728b)  -> (artifact id: '417f2be2d019d8fa0a7383e4b1759b64') in 0.014853 seconds 
  Import took 0.019647 seconds .

========================================================================
Received Import Request.
  Time since last request: 0.000330 seconds.
  path: Assets/Terrain&Light/ZerinLabs_enviroKit_RetroForest/Prefabs/deco_wallBroken_D_VarC.prefab
  artifactKey: Guid(4eacf4700f4a42a41aa9f6687e76cfdc) Importer(815301076,1909f56bfc062723c751e8b465ee728b)
Start importing Assets/Terrain&Light/ZerinLabs_enviroKit_RetroForest/Prefabs/deco_wallBroken_D_VarC.prefab using Guid(4eacf4700f4a42a41aa9f6687e76cfdc) Importer(815301076,1909f56bfc062723c751e8b465ee728b)  -> (artifact id: 'beeaf122abdfcf5a18cd36166c1698f1') in 0.016030 seconds 
  Import took 0.020544 seconds .

========================================================================
Received Import Request.
  Time since last request: 0.000300 seconds.
  path: Assets/Terrain&Light/ZerinLabs_enviroKit_RetroForest/Prefabs/deco_rocks_C_grass_VarB.prefab
  artifactKey: Guid(1a012d781d58e1749b5b80787008319b) Importer(815301076,1909f56bfc062723c751e8b465ee728b)
Start importing Assets/Terrain&Light/ZerinLabs_enviroKit_RetroForest/Prefabs/deco_rocks_C_grass_VarB.prefab using Guid(1a012d781d58e1749b5b80787008319b) Importer(815301076,1909f56bfc062723c751e8b465ee728b)  -> (artifact id: 'ed6fb1e2f03feb1732f790ae4a0c162e') in 0.014884 seconds 
  Import took 0.019122 seconds .

========================================================================
Received Import Request.
  Time since last request: 0.000300 seconds.
  path: Assets/Terrain&Light/ZerinLabs_enviroKit_RetroForest/Prefabs/deco_statueSmall_VarB.prefab
  artifactKey: Guid(13d817cd8daaa4741b3b432e0f9c97e1) Importer(815301076,1909f56bfc062723c751e8b465ee728b)
Start importing Assets/Terrain&Light/ZerinLabs_enviroKit_RetroForest/Prefabs/deco_statueSmall_VarB.prefab using Guid(13d817cd8daaa4741b3b432e0f9c97e1) Importer(815301076,1909f56bfc062723c751e8b465ee728b)  -> (artifact id: '3448b0aa1f7229dda36d7f58918a8301') in 0.016663 seconds 
  Import took 0.021120 seconds .

========================================================================
Received Import Request.
  Time since last request: 0.000345 seconds.
  path: Assets/Terrain&Light/ZerinLabs_enviroKit_RetroForest/Prefabs/deco_treeDead_A_VarC.prefab
  artifactKey: Guid(75bde8f8e2c2c9e4fa47b17daeec06a7) Importer(815301076,1909f56bfc062723c751e8b465ee728b)
Start importing Assets/Terrain&Light/ZerinLabs_enviroKit_RetroForest/Prefabs/deco_treeDead_A_VarC.prefab using Guid(75bde8f8e2c2c9e4fa47b17daeec06a7) Importer(815301076,1909f56bfc062723c751e8b465ee728b)  -> (artifact id: '9a384db1b41f833f2d6995893829dfa3') in 0.015726 seconds 
  Import took 0.020589 seconds .

========================================================================
Received Import Request.
  Time since last request: 0.000301 seconds.
  path: Assets/Terrain&Light/ZerinLabs_enviroKit_RetroForest/Prefabs/deco_tree_A_VarA.prefab
  artifactKey: Guid(04d380db34fc1ce45b829fcabf6bf3f1) Importer(815301076,1909f56bfc062723c751e8b465ee728b)
Start importing Assets/Terrain&Light/ZerinLabs_enviroKit_RetroForest/Prefabs/deco_tree_A_VarA.prefab using Guid(04d380db34fc1ce45b829fcabf6bf3f1) Importer(815301076,1909f56bfc062723c751e8b465ee728b)  -> (artifact id: '00995ec6a6ff9aaec04646ea60b56387') in 0.015282 seconds 
  Import took 0.019082 seconds .

========================================================================
Received Import Request.
  Time since last request: 0.000341 seconds.
  path: Assets/Terrain&Light/ZerinLabs_enviroKit_RetroForest/Prefabs/deco_stump_A_VarB.prefab
  artifactKey: Guid(d5a95ee618434e4449c6cb89e15d70f1) Importer(815301076,1909f56bfc062723c751e8b465ee728b)
Start importing Assets/Terrain&Light/ZerinLabs_enviroKit_RetroForest/Prefabs/deco_stump_A_VarB.prefab using Guid(d5a95ee618434e4449c6cb89e15d70f1) Importer(815301076,1909f56bfc062723c751e8b465ee728b)  -> (artifact id: '3de0fbd99b25ff5d41b8e44fa6622dc7') in 0.013704 seconds 
  Import took 0.017621 seconds .

========================================================================
Received Import Request.
  Time since last request: 0.000285 seconds.
  path: Assets/Terrain&Light/ZerinLabs_enviroKit_RetroForest/Prefabs/deco_wallSmall_section_VarB.prefab
  artifactKey: Guid(c0729b3cd0367ab40a7037656f0fde56) Importer(815301076,1909f56bfc062723c751e8b465ee728b)
Start importing Assets/Terrain&Light/ZerinLabs_enviroKit_RetroForest/Prefabs/deco_wallSmall_section_VarB.prefab using Guid(c0729b3cd0367ab40a7037656f0fde56) Importer(815301076,1909f56bfc062723c751e8b465ee728b)  -> (artifact id: '6953babaf51bd59ec707034c46385772') in 0.013287 seconds 
  Import took 0.017337 seconds .

========================================================================
Received Import Request.
  Time since last request: 0.000264 seconds.
  path: Assets/Terrain&Light/ZerinLabs_enviroKit_RetroForest/Prefabs/decor_stairsOverlayStone_VarB.prefab
  artifactKey: Guid(2e4fd41c94d483049b4cad3385366cc8) Importer(815301076,1909f56bfc062723c751e8b465ee728b)
Start importing Assets/Terrain&Light/ZerinLabs_enviroKit_RetroForest/Prefabs/decor_stairsOverlayStone_VarB.prefab using Guid(2e4fd41c94d483049b4cad3385366cc8) Importer(815301076,1909f56bfc062723c751e8b465ee728b)  -> (artifact id: '5ead1bee43c089abd335a3a63c925fcd') in 0.015981 seconds 
  Import took 0.020090 seconds .

========================================================================
Received Import Request.
  Time since last request: 0.000280 seconds.
  path: Assets/Terrain&Light/ZerinLabs_enviroKit_RetroForest/Prefabs/deco_wallTall_B_VarC.prefab
  artifactKey: Guid(6d7950bde2cb3a345915b505845025a3) Importer(815301076,1909f56bfc062723c751e8b465ee728b)
Start importing Assets/Terrain&Light/ZerinLabs_enviroKit_RetroForest/Prefabs/deco_wallTall_B_VarC.prefab using Guid(6d7950bde2cb3a345915b505845025a3) Importer(815301076,1909f56bfc062723c751e8b465ee728b)  -> (artifact id: 'a467a6d43b2d09636185bac80f3bae23') in 0.016000 seconds 
  Import took 0.020334 seconds .

========================================================================
Received Import Request.
  Time since last request: 0.000382 seconds.
  path: Assets/Terrain&Light/ZerinLabs_enviroKit_RetroForest/Prefabs/decor_stairsOverlayWood_VarB.prefab
  artifactKey: Guid(66c5ee0f1b4436644a3b557e7db1fd6d) Importer(815301076,1909f56bfc062723c751e8b465ee728b)
Start importing Assets/Terrain&Light/ZerinLabs_enviroKit_RetroForest/Prefabs/decor_stairsOverlayWood_VarB.prefab using Guid(66c5ee0f1b4436644a3b557e7db1fd6d) Importer(815301076,1909f56bfc062723c751e8b465ee728b)  -> (artifact id: '0f503b67d3d1530c6778fa87af305b53') in 0.015834 seconds 
  Import took 0.020757 seconds .

========================================================================
Received Import Request.
  Time since last request: 0.000318 seconds.
  path: Assets/Terrain&Light/ZerinLabs_enviroKit_RetroForest/Prefabs/decor_stairsOverlayWood_VarC.prefab
  artifactKey: Guid(8438aa13b0b3ece449a38ea85ff569fb) Importer(815301076,1909f56bfc062723c751e8b465ee728b)
Start importing Assets/Terrain&Light/ZerinLabs_enviroKit_RetroForest/Prefabs/decor_stairsOverlayWood_VarC.prefab using Guid(8438aa13b0b3ece449a38ea85ff569fb) Importer(815301076,1909f56bfc062723c751e8b465ee728b)  -> (artifact id: '94e8f98730226e1c409e1c49a5a24797') in 0.015640 seconds 
  Import took 0.019732 seconds .

========================================================================
Received Import Request.
  Time since last request: 0.000298 seconds.
  path: Assets/Terrain&Light/ZerinLabs_enviroKit_RetroForest/Prefabs/floor_A_VarC.prefab
  artifactKey: Guid(5ab582fa3294e9b41b78359a6681428c) Importer(815301076,1909f56bfc062723c751e8b465ee728b)
Start importing Assets/Terrain&Light/ZerinLabs_enviroKit_RetroForest/Prefabs/floor_A_VarC.prefab using Guid(5ab582fa3294e9b41b78359a6681428c) Importer(815301076,1909f56bfc062723c751e8b465ee728b)  -> (artifact id: '186772f3889d0d8f03a397490fddef7e') in 0.017193 seconds 
  Import took 0.021701 seconds .

========================================================================
Received Import Request.
  Time since last request: 0.000334 seconds.
  path: Assets/Terrain&Light/ZerinLabs_enviroKit_RetroForest/Prefabs/deco_wallTall_A_VarA.prefab
  artifactKey: Guid(df572e40262d0524bae63342ee91e44b) Importer(815301076,1909f56bfc062723c751e8b465ee728b)
Start importing Assets/Terrain&Light/ZerinLabs_enviroKit_RetroForest/Prefabs/deco_wallTall_A_VarA.prefab using Guid(df572e40262d0524bae63342ee91e44b) Importer(815301076,1909f56bfc062723c751e8b465ee728b)  -> (artifact id: '121cd73db447ac70909a0adb260e2b57') in 0.015517 seconds 
  Import took 0.022713 seconds .

========================================================================
Received Import Request.
  Time since last request: 0.000366 seconds.
  path: Assets/Terrain&Light/ZerinLabs_enviroKit_RetroForest/Prefabs/deco_wallSmall_section_VarC.prefab
  artifactKey: Guid(618afac87d2a14e48b1b3a5a72b1ce39) Importer(815301076,1909f56bfc062723c751e8b465ee728b)
Start importing Assets/Terrain&Light/ZerinLabs_enviroKit_RetroForest/Prefabs/deco_wallSmall_section_VarC.prefab using Guid(618afac87d2a14e48b1b3a5a72b1ce39) Importer(815301076,1909f56bfc062723c751e8b465ee728b)  -> (artifact id: '8976b2cf2cd3a6f7382b7ecf94a9c307') in 0.015965 seconds 
  Import took 0.020616 seconds .

========================================================================
Received Import Request.
  Time since last request: 0.000349 seconds.
  path: Assets/Terrain&Light/ZerinLabs_enviroKit_RetroForest/Prefabs/decor_stairsOverlayWood_VarA.prefab
  artifactKey: Guid(dda3dd3c68d2c4d45bb63b5f8407240d) Importer(815301076,1909f56bfc062723c751e8b465ee728b)
Start importing Assets/Terrain&Light/ZerinLabs_enviroKit_RetroForest/Prefabs/decor_stairsOverlayWood_VarA.prefab using Guid(dda3dd3c68d2c4d45bb63b5f8407240d) Importer(815301076,1909f56bfc062723c751e8b465ee728b)  -> (artifact id: 'bf530ec9c1f37f5d0fa184152273f08e') in 0.017351 seconds 
  Import took 0.022219 seconds .

========================================================================
Received Import Request.
  Time since last request: 0.000303 seconds.
  path: Assets/Terrain&Light/ZerinLabs_enviroKit_RetroForest/Prefabs/floor_A_VarB.prefab
  artifactKey: Guid(25d5996f024fe934d996a0b1aeefff59) Importer(815301076,1909f56bfc062723c751e8b465ee728b)
Start importing Assets/Terrain&Light/ZerinLabs_enviroKit_RetroForest/Prefabs/floor_A_VarB.prefab using Guid(25d5996f024fe934d996a0b1aeefff59) Importer(815301076,1909f56bfc062723c751e8b465ee728b)  -> (artifact id: 'bb6110251757448334223524886bd094') in 0.016742 seconds 
  Import took 0.021885 seconds .

========================================================================
Received Import Request.
  Time since last request: 0.000301 seconds.
  path: Assets/Terrain&Light/ZerinLabs_enviroKit_RetroForest/Prefabs/decor_stairsOverlayStone_VarC.prefab
  artifactKey: Guid(f17d4a0a6c13a1e438267bc0757be1f4) Importer(815301076,1909f56bfc062723c751e8b465ee728b)
Start importing Assets/Terrain&Light/ZerinLabs_enviroKit_RetroForest/Prefabs/decor_stairsOverlayStone_VarC.prefab using Guid(f17d4a0a6c13a1e438267bc0757be1f4) Importer(815301076,1909f56bfc062723c751e8b465ee728b)  -> (artifact id: 'fa02c0a4284cb1d6e9097ec56b2a554d') in 0.015793 seconds 
  Import took 0.020384 seconds .

========================================================================
Received Import Request.
  Time since last request: 0.000312 seconds.
  path: Assets/Terrain&Light/ZerinLabs_enviroKit_RetroForest/Prefabs/decor_stairsOverlayStone_VarA.prefab
  artifactKey: Guid(d532a5ca7481fb040a317d76f0e96e6a) Importer(815301076,1909f56bfc062723c751e8b465ee728b)
Start importing Assets/Terrain&Light/ZerinLabs_enviroKit_RetroForest/Prefabs/decor_stairsOverlayStone_VarA.prefab using Guid(d532a5ca7481fb040a317d76f0e96e6a) Importer(815301076,1909f56bfc062723c751e8b465ee728b)  -> (artifact id: '2355ef0114b78ccfe64eb7fc65e3c87f') in 0.015437 seconds 
  Import took 0.020039 seconds .

========================================================================
Received Import Request.
  Time since last request: 0.000321 seconds.
  path: Assets/Terrain&Light/ZerinLabs_enviroKit_RetroForest/Prefabs/floor_B_VarA.prefab
  artifactKey: Guid(fcd303cbb5e73de4a85059ee0eb839c3) Importer(815301076,1909f56bfc062723c751e8b465ee728b)
Start importing Assets/Terrain&Light/ZerinLabs_enviroKit_RetroForest/Prefabs/floor_B_VarA.prefab using Guid(fcd303cbb5e73de4a85059ee0eb839c3) Importer(815301076,1909f56bfc062723c751e8b465ee728b)  -> (artifact id: 'bb1fc3e701a6e4811cd483819c3d4bfa') in 0.017704 seconds 
  Import took 0.022180 seconds .

========================================================================
Received Import Request.
  Time since last request: 0.000340 seconds.
  path: Assets/Terrain&Light/ZerinLabs_enviroKit_RetroForest/Prefabs/deco_wallTall_A_VarC.prefab
  artifactKey: Guid(3dcaef867caa4894f82d14a8903d6fa5) Importer(815301076,1909f56bfc062723c751e8b465ee728b)
Start importing Assets/Terrain&Light/ZerinLabs_enviroKit_RetroForest/Prefabs/deco_wallTall_A_VarC.prefab using Guid(3dcaef867caa4894f82d14a8903d6fa5) Importer(815301076,1909f56bfc062723c751e8b465ee728b)  -> (artifact id: '5a716943a430a323276896a70a8e0f23') in 0.015123 seconds 
  Import took 0.019158 seconds .

========================================================================
Received Import Request.
  Time since last request: 0.000274 seconds.
  path: Assets/Terrain&Light/ZerinLabs_enviroKit_RetroForest/Prefabs/deco_wallTall_B_VarA.prefab
  artifactKey: Guid(9af91642b76c99a41bc6a2ca80b2f28f) Importer(815301076,1909f56bfc062723c751e8b465ee728b)
Start importing Assets/Terrain&Light/ZerinLabs_enviroKit_RetroForest/Prefabs/deco_wallTall_B_VarA.prefab using Guid(9af91642b76c99a41bc6a2ca80b2f28f) Importer(815301076,1909f56bfc062723c751e8b465ee728b)  -> (artifact id: 'b9578b29d3382d589b6c02cc6da82771') in 0.016373 seconds 
  Import took 0.021350 seconds .

========================================================================
Received Import Request.
  Time since last request: 0.000313 seconds.
  path: Assets/Terrain&Light/ZerinLabs_enviroKit_RetroForest/Prefabs/deco_wallTall_B_VarB.prefab
  artifactKey: Guid(73c7409d4ab9b634d94fb8e87de3d092) Importer(815301076,1909f56bfc062723c751e8b465ee728b)
Start importing Assets/Terrain&Light/ZerinLabs_enviroKit_RetroForest/Prefabs/deco_wallTall_B_VarB.prefab using Guid(73c7409d4ab9b634d94fb8e87de3d092) Importer(815301076,1909f56bfc062723c751e8b465ee728b)  -> (artifact id: '60cb33171c3b158e14fdc8be73953159') in 0.014479 seconds 
  Import took 0.018626 seconds .

========================================================================
Received Import Request.
  Time since last request: 0.000304 seconds.
  path: Assets/Terrain&Light/ZerinLabs_enviroKit_RetroForest/Prefabs/deco_wallTall_A_VarB.prefab
  artifactKey: Guid(48f386693b1910740a18167e2c3cf297) Importer(815301076,1909f56bfc062723c751e8b465ee728b)
Start importing Assets/Terrain&Light/ZerinLabs_enviroKit_RetroForest/Prefabs/deco_wallTall_A_VarB.prefab using Guid(48f386693b1910740a18167e2c3cf297) Importer(815301076,1909f56bfc062723c751e8b465ee728b)  -> (artifact id: '166dbbc6f3bd6f7223feb8c46605f27c') in 0.015230 seconds 
  Import took 0.019912 seconds .

========================================================================
Received Import Request.
  Time since last request: 0.000317 seconds.
  path: Assets/Terrain&Light/ZerinLabs_enviroKit_RetroForest/Prefabs/floor_A_VarA.prefab
  artifactKey: Guid(81c3590691636284196daab3d96e84e1) Importer(815301076,1909f56bfc062723c751e8b465ee728b)
Start importing Assets/Terrain&Light/ZerinLabs_enviroKit_RetroForest/Prefabs/floor_A_VarA.prefab using Guid(81c3590691636284196daab3d96e84e1) Importer(815301076,1909f56bfc062723c751e8b465ee728b)  -> (artifact id: 'f0ccb13041d17dd694630818b2ed60a6') in 0.027602 seconds 
  Import took 0.032247 seconds .

========================================================================
Received Import Request.
  Time since last request: 0.000386 seconds.
  path: Assets/Terrain&Light/ZerinLabs_enviroKit_RetroForest/Prefabs/deco_flowersSmall_yellow_VarC.prefab
  artifactKey: Guid(0925f31d8d9f4d64395a08c054cf6d8b) Importer(815301076,1909f56bfc062723c751e8b465ee728b)
Start importing Assets/Terrain&Light/ZerinLabs_enviroKit_RetroForest/Prefabs/deco_flowersSmall_yellow_VarC.prefab using Guid(0925f31d8d9f4d64395a08c054cf6d8b) Importer(815301076,1909f56bfc062723c751e8b465ee728b)  -> (artifact id: 'b6518c904699a026efabd55d56e77b8e') in 0.013883 seconds 
  Import took 0.020235 seconds .

========================================================================
Received Import Request.
  Time since last request: 0.000136 seconds.
  path: Assets/Terrain&Light/ZerinLabs_enviroKit_RetroForest/Prefabs/deco_boulder_round_VarB.prefab
  artifactKey: Guid(5e6043287c40a7a4f9c08bc6f5ae602a) Importer(815301076,1909f56bfc062723c751e8b465ee728b)
Start importing Assets/Terrain&Light/ZerinLabs_enviroKit_RetroForest/Prefabs/deco_boulder_round_VarB.prefab using Guid(5e6043287c40a7a4f9c08bc6f5ae602a) Importer(815301076,1909f56bfc062723c751e8b465ee728b)  -> (artifact id: '33d14ae0d5d45ae976544eeadc7681a7') in 0.015697 seconds 
  Import took 0.021020 seconds .

========================================================================
Received Import Request.
  Time since last request: 0.000357 seconds.
  path: Assets/Terrain&Light/ZerinLabs_enviroKit_RetroForest/Prefabs/deco_gravel_B_grass_VarA.prefab
  artifactKey: Guid(f0d7bdc3dfb58604b95a7f5420259b11) Importer(815301076,1909f56bfc062723c751e8b465ee728b)
Start importing Assets/Terrain&Light/ZerinLabs_enviroKit_RetroForest/Prefabs/deco_gravel_B_grass_VarA.prefab using Guid(f0d7bdc3dfb58604b95a7f5420259b11) Importer(815301076,1909f56bfc062723c751e8b465ee728b)  -> (artifact id: '8651d6ed9b34f79826184e675951e5eb') in 0.015516 seconds 
  Import took 0.019931 seconds .

========================================================================
Received Import Request.
  Time since last request: 0.000400 seconds.
  path: Assets/Terrain&Light/ZerinLabs_enviroKit_RetroForest/Prefabs/deco_fern_VarC.prefab
  artifactKey: Guid(632e596b4c73b8849a3f54b45f553185) Importer(815301076,1909f56bfc062723c751e8b465ee728b)
Start importing Assets/Terrain&Light/ZerinLabs_enviroKit_RetroForest/Prefabs/deco_fern_VarC.prefab using Guid(632e596b4c73b8849a3f54b45f553185) Importer(815301076,1909f56bfc062723c751e8b465ee728b)  -> (artifact id: '8f74a88875db1df8a748fea2c0419e23') in 0.015718 seconds 
  Import took 0.020225 seconds .

========================================================================
Received Import Request.
  Time since last request: 0.000318 seconds.
  path: Assets/Terrain&Light/ZerinLabs_enviroKit_RetroForest/Prefabs/deco_statueBig_grass_VarA.prefab
  artifactKey: Guid(d7a1ec3724a6dec45a098dd3f530e43d) Importer(815301076,1909f56bfc062723c751e8b465ee728b)
Start importing Assets/Terrain&Light/ZerinLabs_enviroKit_RetroForest/Prefabs/deco_statueBig_grass_VarA.prefab using Guid(d7a1ec3724a6dec45a098dd3f530e43d) Importer(815301076,1909f56bfc062723c751e8b465ee728b)  -> (artifact id: '886a3ff81e60f044ad5816b35c022471') in 0.014705 seconds 
  Import took 0.020271 seconds .

========================================================================
Received Import Request.
  Time since last request: 0.000374 seconds.
  path: Assets/Terrain&Light/ZerinLabs_enviroKit_RetroForest/Prefabs/deco_statueSmall_VarA.prefab
  artifactKey: Guid(1b514293ae70190448a93471816840e2) Importer(815301076,1909f56bfc062723c751e8b465ee728b)
Start importing Assets/Terrain&Light/ZerinLabs_enviroKit_RetroForest/Prefabs/deco_statueSmall_VarA.prefab using Guid(1b514293ae70190448a93471816840e2) Importer(815301076,1909f56bfc062723c751e8b465ee728b)  -> (artifact id: '7f14275c39e15f88226ed7d45a8d7723') in 0.018420 seconds 
  Import took 0.022847 seconds .

========================================================================
Received Import Request.
  Time since last request: 0.000482 seconds.
  path: Assets/Terrain&Light/ZerinLabs_enviroKit_RetroForest/Prefabs/deco_statueSmall_grass_VarA.prefab
  artifactKey: Guid(5f9315112742a9e4fb703aaf13172cba) Importer(815301076,1909f56bfc062723c751e8b465ee728b)
Start importing Assets/Terrain&Light/ZerinLabs_enviroKit_RetroForest/Prefabs/deco_statueSmall_grass_VarA.prefab using Guid(5f9315112742a9e4fb703aaf13172cba) Importer(815301076,1909f56bfc062723c751e8b465ee728b)  -> (artifact id: '8fdf07e404c9e44ffb443637a5e5ac6d') in 0.017232 seconds 
  Import took 0.102801 seconds .

========================================================================
Received Import Request.
  Time since last request: 0.000275 seconds.
  path: Assets/Terrain&Light/ZerinLabs_enviroKit_RetroForest/Prefabs/floorEdge_1vert_VarC.prefab
  artifactKey: Guid(f3eb25809a2566441963b924d83fd3cb) Importer(815301076,1909f56bfc062723c751e8b465ee728b)
Start importing Assets/Terrain&Light/ZerinLabs_enviroKit_RetroForest/Prefabs/floorEdge_1vert_VarC.prefab using Guid(f3eb25809a2566441963b924d83fd3cb) Importer(815301076,1909f56bfc062723c751e8b465ee728b)  -> (artifact id: '3de02f1aad6ee997e6c8a8b9a120a653') in 0.014460 seconds 
  Import took 0.018497 seconds .

========================================================================
Received Import Request.
  Time since last request: 0.000329 seconds.
  path: Assets/Terrain&Light/ZerinLabs_enviroKit_RetroForest/Prefabs/floorEdge_1vert_VarA.prefab
  artifactKey: Guid(cc72a6f1972606f4f85be6f5ab0ccd70) Importer(815301076,1909f56bfc062723c751e8b465ee728b)
Start importing Assets/Terrain&Light/ZerinLabs_enviroKit_RetroForest/Prefabs/floorEdge_1vert_VarA.prefab using Guid(cc72a6f1972606f4f85be6f5ab0ccd70) Importer(815301076,1909f56bfc062723c751e8b465ee728b)  -> (artifact id: '3c9255c84f6f3ea18b97c1dcd67a0d40') in 0.014269 seconds 
  Import took 0.018918 seconds .

========================================================================
Received Import Request.
  Time since last request: 0.000333 seconds.
  path: Assets/Terrain&Light/ZerinLabs_enviroKit_RetroForest/Prefabs/floorEdge_3vert_VarB.prefab
  artifactKey: Guid(5ca8f96ca5b063c4a9d6c3ece3772843) Importer(815301076,1909f56bfc062723c751e8b465ee728b)
Start importing Assets/Terrain&Light/ZerinLabs_enviroKit_RetroForest/Prefabs/floorEdge_3vert_VarB.prefab using Guid(5ca8f96ca5b063c4a9d6c3ece3772843) Importer(815301076,1909f56bfc062723c751e8b465ee728b)  -> (artifact id: 'db1277ea8f8a667ed7732c4a3748702a') in 0.016472 seconds 
  Import took 0.020895 seconds .

========================================================================
Received Import Request.
  Time since last request: 0.000317 seconds.
  path: Assets/Terrain&Light/ZerinLabs_enviroKit_RetroForest/Prefabs/floorEdge_3vert_VarC.prefab
  artifactKey: Guid(775d4ceb33ff38a4590a9f16afd4bf8d) Importer(815301076,1909f56bfc062723c751e8b465ee728b)
Start importing Assets/Terrain&Light/ZerinLabs_enviroKit_RetroForest/Prefabs/floorEdge_3vert_VarC.prefab using Guid(775d4ceb33ff38a4590a9f16afd4bf8d) Importer(815301076,1909f56bfc062723c751e8b465ee728b)  -> (artifact id: '654a54d5ccb7726d9e188b469b82e530') in 0.017511 seconds 
  Import took 0.022172 seconds .

========================================================================
Received Import Request.
  Time since last request: 0.000389 seconds.
  path: Assets/Terrain&Light/ZerinLabs_enviroKit_RetroForest/Prefabs/floor_B_VarC.prefab
  artifactKey: Guid(e37381737b1263243b6b1fbda5efb63f) Importer(815301076,1909f56bfc062723c751e8b465ee728b)
Start importing Assets/Terrain&Light/ZerinLabs_enviroKit_RetroForest/Prefabs/floor_B_VarC.prefab using Guid(e37381737b1263243b6b1fbda5efb63f) Importer(815301076,1909f56bfc062723c751e8b465ee728b)  -> (artifact id: '0338fc2d821a7d28a8fa9477d2ec6afc') in 0.016229 seconds 
  Import took 0.021627 seconds .

========================================================================
Received Import Request.
  Time since last request: 0.000445 seconds.
  path: Assets/Terrain&Light/ZerinLabs_enviroKit_RetroForest/Prefabs/floorEdge_1line_1vertB_VarB.prefab
  artifactKey: Guid(e0cd20fa2596ffc41b2942508f756ca7) Importer(815301076,1909f56bfc062723c751e8b465ee728b)
Start importing Assets/Terrain&Light/ZerinLabs_enviroKit_RetroForest/Prefabs/floorEdge_1line_1vertB_VarB.prefab using Guid(e0cd20fa2596ffc41b2942508f756ca7) Importer(815301076,1909f56bfc062723c751e8b465ee728b)  -> (artifact id: '3fedf919f44955b1aa399ebfe499b7ae') in 0.016469 seconds 
  Import took 0.021958 seconds .

========================================================================
Received Import Request.
  Time since last request: 0.001063 seconds.
  path: Assets/Terrain&Light/ZerinLabs_enviroKit_RetroForest/Prefabs/floorEdge_2vert_alt_VarC.prefab
  artifactKey: Guid(97589b3364c4adb4ab588915474842d4) Importer(815301076,1909f56bfc062723c751e8b465ee728b)
Start importing Assets/Terrain&Light/ZerinLabs_enviroKit_RetroForest/Prefabs/floorEdge_2vert_alt_VarC.prefab using Guid(97589b3364c4adb4ab588915474842d4) Importer(815301076,1909f56bfc062723c751e8b465ee728b)  -> (artifact id: 'fd132da263835164d46571a82f4b0eeb') in 0.017549 seconds 
  Import took 0.023148 seconds .

========================================================================
Received Import Request.
  Time since last request: 0.000555 seconds.
  path: Assets/Terrain&Light/ZerinLabs_enviroKit_RetroForest/Prefabs/floorEdge_1line_1vertB_VarC.prefab
  artifactKey: Guid(dd28460050624eb4aafa4fe057990733) Importer(815301076,1909f56bfc062723c751e8b465ee728b)
Start importing Assets/Terrain&Light/ZerinLabs_enviroKit_RetroForest/Prefabs/floorEdge_1line_1vertB_VarC.prefab using Guid(dd28460050624eb4aafa4fe057990733) Importer(815301076,1909f56bfc062723c751e8b465ee728b)  -> (artifact id: 'b1bc1987a466fb092852f220447782e6') in 0.020750 seconds 
  Import took 0.025297 seconds .

========================================================================
Received Import Request.
  Time since last request: 0.000607 seconds.
  path: Assets/Terrain&Light/ZerinLabs_enviroKit_RetroForest/Prefabs/floorEdge_2vert_VarB.prefab
  artifactKey: Guid(e4026a1c0d1e59f4088462153554bb0a) Importer(815301076,1909f56bfc062723c751e8b465ee728b)
Start importing Assets/Terrain&Light/ZerinLabs_enviroKit_RetroForest/Prefabs/floorEdge_2vert_VarB.prefab using Guid(e4026a1c0d1e59f4088462153554bb0a) Importer(815301076,1909f56bfc062723c751e8b465ee728b)  -> (artifact id: '17e5e59f03926ba511581371f392b059') in 0.071997 seconds 
  Import took 0.079861 seconds .

========================================================================
Received Import Request.
  Time since last request: 0.049120 seconds.
  path: Assets/Terrain&Light/ZerinLabs_enviroKit_RetroForest/Prefabs/floor_big_VarA.prefab
  artifactKey: Guid(1ee802ebdf70fb140b0f9b2716c824b4) Importer(815301076,1909f56bfc062723c751e8b465ee728b)
Start importing Assets/Terrain&Light/ZerinLabs_enviroKit_RetroForest/Prefabs/floor_big_VarA.prefab using Guid(1ee802ebdf70fb140b0f9b2716c824b4) Importer(815301076,1909f56bfc062723c751e8b465ee728b)  -> (artifact id: '2023c13fea77a3e732bd6ded60d7db4e') in 0.035789 seconds 
  Import took 0.043500 seconds .

========================================================================
Received Import Request.
  Time since last request: 0.000844 seconds.
  path: Assets/Terrain&Light/ZerinLabs_enviroKit_RetroForest/Prefabs/floorEdge_2vert_VarC.prefab
  artifactKey: Guid(5197c11dcba0b1542819845925488f34) Importer(815301076,1909f56bfc062723c751e8b465ee728b)
Start importing Assets/Terrain&Light/ZerinLabs_enviroKit_RetroForest/Prefabs/floorEdge_2vert_VarC.prefab using Guid(5197c11dcba0b1542819845925488f34) Importer(815301076,1909f56bfc062723c751e8b465ee728b)  -> (artifact id: '3f312c10d213e7b54bf4b70baa4fd516') in 0.014410 seconds 
  Import took 0.021426 seconds .

========================================================================
Received Import Request.
  Time since last request: 0.000322 seconds.
  path: Assets/Terrain&Light/ZerinLabs_enviroKit_RetroForest/Prefabs/floor_big_VarC.prefab
  artifactKey: Guid(c6c673b8ea8fa7f44892e07ec63431ef) Importer(815301076,1909f56bfc062723c751e8b465ee728b)
Start importing Assets/Terrain&Light/ZerinLabs_enviroKit_RetroForest/Prefabs/floor_big_VarC.prefab using Guid(c6c673b8ea8fa7f44892e07ec63431ef) Importer(815301076,1909f56bfc062723c751e8b465ee728b)  -> (artifact id: '9a8fab2771b5ec5bc2c0f45cf5453002') in 0.016838 seconds 
  Import took 0.021217 seconds .

========================================================================
Received Import Request.
  Time since last request: 0.000294 seconds.
  path: Assets/Terrain&Light/ZerinLabs_enviroKit_RetroForest/Prefabs/floorEdge_1vert_VarB.prefab
  artifactKey: Guid(5dc74b6ca034a964f8c5e3eea0e78b87) Importer(815301076,1909f56bfc062723c751e8b465ee728b)
Start importing Assets/Terrain&Light/ZerinLabs_enviroKit_RetroForest/Prefabs/floorEdge_1vert_VarB.prefab using Guid(5dc74b6ca034a964f8c5e3eea0e78b87) Importer(815301076,1909f56bfc062723c751e8b465ee728b)  -> (artifact id: '099682cbdeb6dc3b1246ed480f85f20b') in 0.016548 seconds 
  Import took 0.021361 seconds .

========================================================================
Received Import Request.
  Time since last request: 0.000400 seconds.
  path: Assets/Terrain&Light/ZerinLabs_enviroKit_RetroForest/Prefabs/floorEdge_1line_1vertA_VarC.prefab
  artifactKey: Guid(62ba5f94797c74f468b703119c33d9cf) Importer(815301076,1909f56bfc062723c751e8b465ee728b)
Start importing Assets/Terrain&Light/ZerinLabs_enviroKit_RetroForest/Prefabs/floorEdge_1line_1vertA_VarC.prefab using Guid(62ba5f94797c74f468b703119c33d9cf) Importer(815301076,1909f56bfc062723c751e8b465ee728b)  -> (artifact id: '1c9bc88de58584ae3db19e40afc062d2') in 0.016196 seconds 
  Import took 0.020311 seconds .

========================================================================
Received Import Request.
  Time since last request: 0.000329 seconds.
  path: Assets/Terrain&Light/ZerinLabs_enviroKit_RetroForest/Prefabs/floorEdge_1line_1vertA_VarA.prefab
  artifactKey: Guid(9ab456dfa9e5e114080846f1625cc13a) Importer(815301076,1909f56bfc062723c751e8b465ee728b)
Start importing Assets/Terrain&Light/ZerinLabs_enviroKit_RetroForest/Prefabs/floorEdge_1line_1vertA_VarA.prefab using Guid(9ab456dfa9e5e114080846f1625cc13a) Importer(815301076,1909f56bfc062723c751e8b465ee728b)  -> (artifact id: 'e6dbcc0327a9d5fac8b61509cdaf1af5') in 0.016546 seconds 
  Import took 0.020931 seconds .

========================================================================
Received Import Request.
  Time since last request: 0.000312 seconds.
  path: Assets/Terrain&Light/ZerinLabs_enviroKit_RetroForest/Prefabs/floorEdge_1line_VarB.prefab
  artifactKey: Guid(bd57734e571433847ab92771cf529b7a) Importer(815301076,1909f56bfc062723c751e8b465ee728b)
Start importing Assets/Terrain&Light/ZerinLabs_enviroKit_RetroForest/Prefabs/floorEdge_1line_VarB.prefab using Guid(bd57734e571433847ab92771cf529b7a) Importer(815301076,1909f56bfc062723c751e8b465ee728b)  -> (artifact id: '36b298f2bce9c93259468a3dd57f4eec') in 0.017766 seconds 
  Import took 0.022311 seconds .

========================================================================
Received Import Request.
  Time since last request: 0.000316 seconds.
  path: Assets/Terrain&Light/ZerinLabs_enviroKit_RetroForest/Prefabs/floor_B_VarB.prefab
  artifactKey: Guid(2c4ca2f042bf2b6418dfc9b6e7c77b9e) Importer(815301076,1909f56bfc062723c751e8b465ee728b)
Start importing Assets/Terrain&Light/ZerinLabs_enviroKit_RetroForest/Prefabs/floor_B_VarB.prefab using Guid(2c4ca2f042bf2b6418dfc9b6e7c77b9e) Importer(815301076,1909f56bfc062723c751e8b465ee728b)  -> (artifact id: 'b1c534b007e28ddc61b0a0dddb75b452') in 0.014686 seconds 
  Import took 0.018801 seconds .

========================================================================
Received Import Request.
  Time since last request: 0.000376 seconds.
  path: Assets/Terrain&Light/ZerinLabs_enviroKit_RetroForest/Prefabs/floorEdge_1line_2vert_VarA.prefab
  artifactKey: Guid(4f044004837ca384398a5b6aeb7a7354) Importer(815301076,1909f56bfc062723c751e8b465ee728b)
Start importing Assets/Terrain&Light/ZerinLabs_enviroKit_RetroForest/Prefabs/floorEdge_1line_2vert_VarA.prefab using Guid(4f044004837ca384398a5b6aeb7a7354) Importer(815301076,1909f56bfc062723c751e8b465ee728b)  -> (artifact id: 'c6e79ce6db2b7180c9286882287f3a1e') in 0.016730 seconds 
  Import took 0.022075 seconds .

========================================================================
Received Import Request.
  Time since last request: 0.000317 seconds.
  path: Assets/Terrain&Light/ZerinLabs_enviroKit_RetroForest/Prefabs/floor_big_VarB.prefab
  artifactKey: Guid(9e9482c7eb38ab44ba775382a728ec8c) Importer(815301076,1909f56bfc062723c751e8b465ee728b)
Start importing Assets/Terrain&Light/ZerinLabs_enviroKit_RetroForest/Prefabs/floor_big_VarB.prefab using Guid(9e9482c7eb38ab44ba775382a728ec8c) Importer(815301076,1909f56bfc062723c751e8b465ee728b)  -> (artifact id: 'ae1607ae915c14efaec0b47ffff5dc1c') in 0.015727 seconds 
  Import took 0.019680 seconds .

========================================================================
Received Import Request.
  Time since last request: 0.000319 seconds.
  path: Assets/Terrain&Light/ZerinLabs_enviroKit_RetroForest/Prefabs/floorEdge_2vert_alt_VarB.prefab
  artifactKey: Guid(370e3f37af08287458756e7a567916a0) Importer(815301076,1909f56bfc062723c751e8b465ee728b)
Start importing Assets/Terrain&Light/ZerinLabs_enviroKit_RetroForest/Prefabs/floorEdge_2vert_alt_VarB.prefab using Guid(370e3f37af08287458756e7a567916a0) Importer(815301076,1909f56bfc062723c751e8b465ee728b)  -> (artifact id: '4cef3e3791d03168a469328ad6e75108') in 0.015065 seconds 
  Import took 0.020681 seconds .

========================================================================
Received Import Request.
  Time since last request: 0.000348 seconds.
  path: Assets/Terrain&Light/ZerinLabs_enviroKit_RetroForest/Prefabs/floorEdge_2lines_VarB.prefab
  artifactKey: Guid(ec1464f637d55a04989c641e1bf79b08) Importer(815301076,1909f56bfc062723c751e8b465ee728b)
Start importing Assets/Terrain&Light/ZerinLabs_enviroKit_RetroForest/Prefabs/floorEdge_2lines_VarB.prefab using Guid(ec1464f637d55a04989c641e1bf79b08) Importer(815301076,1909f56bfc062723c751e8b465ee728b)  -> (artifact id: 'fd693c5e2dfa8a1c5adc0a84ba859881') in 0.017218 seconds 
  Import took 0.022561 seconds .

========================================================================
Received Import Request.
  Time since last request: 0.000324 seconds.
  path: Assets/Terrain&Light/ZerinLabs_enviroKit_RetroForest/Prefabs/floorEdge_2lines_VarC.prefab
  artifactKey: Guid(88bf547ee676c4947a10303843ec6ef2) Importer(815301076,1909f56bfc062723c751e8b465ee728b)
Start importing Assets/Terrain&Light/ZerinLabs_enviroKit_RetroForest/Prefabs/floorEdge_2lines_VarC.prefab using Guid(88bf547ee676c4947a10303843ec6ef2) Importer(815301076,1909f56bfc062723c751e8b465ee728b)  -> (artifact id: '7878c27c05a69d455329b79aa3d82e79') in 0.015914 seconds 
  Import took 0.020110 seconds .

========================================================================
Received Import Request.
  Time since last request: 0.000381 seconds.
  path: Assets/Terrain&Light/ZerinLabs_enviroKit_RetroForest/Prefabs/floorEdge_3lines_VarA.prefab
  artifactKey: Guid(c5261d3da309c2c43ba8770a17f5771a) Importer(815301076,1909f56bfc062723c751e8b465ee728b)
Start importing Assets/Terrain&Light/ZerinLabs_enviroKit_RetroForest/Prefabs/floorEdge_3lines_VarA.prefab using Guid(c5261d3da309c2c43ba8770a17f5771a) Importer(815301076,1909f56bfc062723c751e8b465ee728b)  -> (artifact id: '586991a983993ee72a1b3b41d3a71c66') in 0.018790 seconds 
  Import took 0.025142 seconds .

========================================================================
Received Import Request.
  Time since last request: 0.000317 seconds.
  path: Assets/Terrain&Light/ZerinLabs_enviroKit_RetroForest/Prefabs/floorEdge_3lines_VarB.prefab
  artifactKey: Guid(6906055397efdc04fa55a17ae4976f57) Importer(815301076,1909f56bfc062723c751e8b465ee728b)
Start importing Assets/Terrain&Light/ZerinLabs_enviroKit_RetroForest/Prefabs/floorEdge_3lines_VarB.prefab using Guid(6906055397efdc04fa55a17ae4976f57) Importer(815301076,1909f56bfc062723c751e8b465ee728b)  -> (artifact id: 'fc23631b3ff803c74bbab34382216b98') in 0.015142 seconds 
  Import took 0.019459 seconds .

========================================================================
Received Import Request.
  Time since last request: 0.000494 seconds.
  path: Assets/Terrain&Light/ZerinLabs_enviroKit_RetroForest/Prefabs/floorEdge_2vert_VarA.prefab
  artifactKey: Guid(5817f78725f7a1a4490ae1a127186b01) Importer(815301076,1909f56bfc062723c751e8b465ee728b)
Start importing Assets/Terrain&Light/ZerinLabs_enviroKit_RetroForest/Prefabs/floorEdge_2vert_VarA.prefab using Guid(5817f78725f7a1a4490ae1a127186b01) Importer(815301076,1909f56bfc062723c751e8b465ee728b)  -> (artifact id: 'c61877a7733bb3cb4dfb65b5b0d61388') in 0.015231 seconds 
  Import took 0.020616 seconds .

========================================================================
Received Import Request.
  Time since last request: 0.000587 seconds.
  path: Assets/Terrain&Light/ZerinLabs_enviroKit_RetroForest/Prefabs/floor_C_VarA.prefab
  artifactKey: Guid(6d9c4f64af786dc459f063d50d040ff7) Importer(815301076,1909f56bfc062723c751e8b465ee728b)
Start importing Assets/Terrain&Light/ZerinLabs_enviroKit_RetroForest/Prefabs/floor_C_VarA.prefab using Guid(6d9c4f64af786dc459f063d50d040ff7) Importer(815301076,1909f56bfc062723c751e8b465ee728b)  -> (artifact id: 'c6d4afc7823a0889795868a24f0cb235') in 0.015532 seconds 
  Import took 0.021040 seconds .

========================================================================
Received Import Request.
  Time since last request: 0.000400 seconds.
  path: Assets/Terrain&Light/ZerinLabs_enviroKit_RetroForest/Prefabs/floorEdge_1line_VarC.prefab
  artifactKey: Guid(5f67256e431aa6544932c34caf9d04d8) Importer(815301076,1909f56bfc062723c751e8b465ee728b)
Start importing Assets/Terrain&Light/ZerinLabs_enviroKit_RetroForest/Prefabs/floorEdge_1line_VarC.prefab using Guid(5f67256e431aa6544932c34caf9d04d8) Importer(815301076,1909f56bfc062723c751e8b465ee728b)  -> (artifact id: '90b1fdf2acac94672c0cc36370093503') in 0.015361 seconds 
  Import took 0.019583 seconds .

========================================================================
Received Import Request.
  Time since last request: 0.000310 seconds.
  path: Assets/Terrain&Light/ZerinLabs_enviroKit_RetroForest/Prefabs/floorEdge_2lines_VarA.prefab
  artifactKey: Guid(765a803ae8bb8fc4caf51288ba300e81) Importer(815301076,1909f56bfc062723c751e8b465ee728b)
Start importing Assets/Terrain&Light/ZerinLabs_enviroKit_RetroForest/Prefabs/floorEdge_2lines_VarA.prefab using Guid(765a803ae8bb8fc4caf51288ba300e81) Importer(815301076,1909f56bfc062723c751e8b465ee728b)  -> (artifact id: '3a4abb53ecba7b29cbe4bcf89643194f') in 0.015279 seconds 
  Import took 0.019814 seconds .

========================================================================
Received Import Request.
  Time since last request: 0.000332 seconds.
  path: Assets/Terrain&Light/ZerinLabs_enviroKit_RetroForest/Prefabs/floorEdge_1line_2vert_VarB.prefab
  artifactKey: Guid(820f3ba8542f70e4b90ce6ebf24e50a4) Importer(815301076,1909f56bfc062723c751e8b465ee728b)
Start importing Assets/Terrain&Light/ZerinLabs_enviroKit_RetroForest/Prefabs/floorEdge_1line_2vert_VarB.prefab using Guid(820f3ba8542f70e4b90ce6ebf24e50a4) Importer(815301076,1909f56bfc062723c751e8b465ee728b)  -> (artifact id: 'c0aec2d928afba148617836ef8d8d848') in 0.039603 seconds 
  Import took 0.044072 seconds .

========================================================================
Received Import Request.
  Time since last request: 0.000301 seconds.
  path: Assets/Terrain&Light/ZerinLabs_enviroKit_RetroForest/Prefabs/floorEdge_2vert_alt_VarA.prefab
  artifactKey: Guid(afc960f4ee7f2e941ba12a2ab395e643) Importer(815301076,1909f56bfc062723c751e8b465ee728b)
Start importing Assets/Terrain&Light/ZerinLabs_enviroKit_RetroForest/Prefabs/floorEdge_2vert_alt_VarA.prefab using Guid(afc960f4ee7f2e941ba12a2ab395e643) Importer(815301076,1909f56bfc062723c751e8b465ee728b)  -> (artifact id: '9cba4907c5169fb40f5cdbe081834090') in 0.014607 seconds 
  Import took 0.019060 seconds .

========================================================================
Received Import Request.
  Time since last request: 0.000328 seconds.
  path: Assets/Terrain&Light/ZerinLabs_enviroKit_RetroForest/Prefabs/floorEdge_3vert_VarA.prefab
  artifactKey: Guid(1a7a800aa626ce849aafa8d58f19fb50) Importer(815301076,1909f56bfc062723c751e8b465ee728b)
Start importing Assets/Terrain&Light/ZerinLabs_enviroKit_RetroForest/Prefabs/floorEdge_3vert_VarA.prefab using Guid(1a7a800aa626ce849aafa8d58f19fb50) Importer(815301076,1909f56bfc062723c751e8b465ee728b)  -> (artifact id: '14a1887b5b1995fc607f1bdd2e60fca0') in 0.015866 seconds 
  Import took 0.020919 seconds .

========================================================================
Received Import Request.
  Time since last request: 0.000380 seconds.
  path: Assets/Terrain&Light/ZerinLabs_enviroKit_RetroForest/Prefabs/floorEdge_1line_VarA.prefab
  artifactKey: Guid(47491603654f09a49aa0338777d53812) Importer(815301076,1909f56bfc062723c751e8b465ee728b)
Start importing Assets/Terrain&Light/ZerinLabs_enviroKit_RetroForest/Prefabs/floorEdge_1line_VarA.prefab using Guid(47491603654f09a49aa0338777d53812) Importer(815301076,1909f56bfc062723c751e8b465ee728b)  -> (artifact id: 'b10f1c4cf1989d581c21b758710e2975') in 0.016456 seconds 
  Import took 0.021116 seconds .

========================================================================
Received Import Request.
  Time since last request: 0.000353 seconds.
  path: Assets/Terrain&Light/ZerinLabs_enviroKit_RetroForest/Prefabs/floorEdge_1line_2vert_VarC.prefab
  artifactKey: Guid(5db571422126dcc4eadd2b3223a6c2e7) Importer(815301076,1909f56bfc062723c751e8b465ee728b)
Start importing Assets/Terrain&Light/ZerinLabs_enviroKit_RetroForest/Prefabs/floorEdge_1line_2vert_VarC.prefab using Guid(5db571422126dcc4eadd2b3223a6c2e7) Importer(815301076,1909f56bfc062723c751e8b465ee728b)  -> (artifact id: 'b0d7665c83118d1a7bfe90a0f870d0d6') in 0.014711 seconds 
  Import took 0.019059 seconds .

========================================================================
Received Import Request.
  Time since last request: 0.000307 seconds.
  path: Assets/Terrain&Light/ZerinLabs_enviroKit_RetroForest/Prefabs/floorEdge_3lines_VarC.prefab
  artifactKey: Guid(964c7d91f1241c147a9ca65225597f56) Importer(815301076,1909f56bfc062723c751e8b465ee728b)
Start importing Assets/Terrain&Light/ZerinLabs_enviroKit_RetroForest/Prefabs/floorEdge_3lines_VarC.prefab using Guid(964c7d91f1241c147a9ca65225597f56) Importer(815301076,1909f56bfc062723c751e8b465ee728b)  -> (artifact id: 'e3d293be725220d82c0ba8ca9d95e253') in 0.015596 seconds 
  Import took 0.021227 seconds .

========================================================================
Received Import Request.
  Time since last request: 0.000291 seconds.
  path: Assets/Terrain&Light/ZerinLabs_enviroKit_RetroForest/Prefabs/floorEdge_1line_1vertA_VarB.prefab
  artifactKey: Guid(822c06ed18076024ab7131af0ce3b317) Importer(815301076,1909f56bfc062723c751e8b465ee728b)
Start importing Assets/Terrain&Light/ZerinLabs_enviroKit_RetroForest/Prefabs/floorEdge_1line_1vertA_VarB.prefab using Guid(822c06ed18076024ab7131af0ce3b317) Importer(815301076,1909f56bfc062723c751e8b465ee728b)  -> (artifact id: 'f8e43e67ff496bdba680e255cef09687') in 0.017060 seconds 
  Import took 0.021286 seconds .

========================================================================
Received Import Request.
  Time since last request: 0.000358 seconds.
  path: Assets/Terrain&Light/ZerinLabs_enviroKit_RetroForest/Prefabs/deco_stump_A_VarA.prefab
  artifactKey: Guid(a84b09605bbe6a14f8cfb49081f1b443) Importer(815301076,1909f56bfc062723c751e8b465ee728b)
Start importing Assets/Terrain&Light/ZerinLabs_enviroKit_RetroForest/Prefabs/deco_stump_A_VarA.prefab using Guid(a84b09605bbe6a14f8cfb49081f1b443) Importer(815301076,1909f56bfc062723c751e8b465ee728b)  -> (artifact id: 'f35bfd29c8b5cef624a4d7aa56ae3747') in 0.015370 seconds 
  Import took 0.020229 seconds .

========================================================================
Received Import Request.
  Time since last request: 0.001077 seconds.
  path: Assets/Terrain&Light/ZerinLabs_enviroKit_RetroForest/Prefabs/deco_statueBig_VarA.prefab
  artifactKey: Guid(9a5df52e6a2b09048be45090bdf24546) Importer(815301076,1909f56bfc062723c751e8b465ee728b)
Start importing Assets/Terrain&Light/ZerinLabs_enviroKit_RetroForest/Prefabs/deco_statueBig_VarA.prefab using Guid(9a5df52e6a2b09048be45090bdf24546) Importer(815301076,1909f56bfc062723c751e8b465ee728b)  -> (artifact id: '40d15fe869e0ece24d3f7e969ed8d3df') in 0.015992 seconds 
  Import took 0.021012 seconds .

========================================================================
Received Import Request.
  Time since last request: 0.000517 seconds.
  path: Assets/Terrain&Light/ZerinLabs_enviroKit_RetroForest/Prefabs/deco_wallBroken_D_VarB.prefab
  artifactKey: Guid(ca626936f929cfe46906a48ffdf964fe) Importer(815301076,1909f56bfc062723c751e8b465ee728b)
Start importing Assets/Terrain&Light/ZerinLabs_enviroKit_RetroForest/Prefabs/deco_wallBroken_D_VarB.prefab using Guid(ca626936f929cfe46906a48ffdf964fe) Importer(815301076,1909f56bfc062723c751e8b465ee728b)  -> (artifact id: 'f66f2afa2ee6b8913f28acf0c361eeb9') in 0.017422 seconds 
  Import took 0.021645 seconds .

========================================================================
Received Import Request.
  Time since last request: 0.000311 seconds.
  path: Assets/Terrain&Light/ZerinLabs_enviroKit_RetroForest/Prefabs/deco_rocks_B_VarA.prefab
  artifactKey: Guid(21d8999d1aed8a747bee686f29b4a201) Importer(815301076,1909f56bfc062723c751e8b465ee728b)
Start importing Assets/Terrain&Light/ZerinLabs_enviroKit_RetroForest/Prefabs/deco_rocks_B_VarA.prefab using Guid(21d8999d1aed8a747bee686f29b4a201) Importer(815301076,1909f56bfc062723c751e8b465ee728b)  -> (artifact id: '9d896f83e1d7b041a89d89b633f7cad6') in 0.019917 seconds 
  Import took 0.024400 seconds .

========================================================================
Received Import Request.
  Time since last request: 0.000320 seconds.
  path: Assets/Terrain&Light/ZerinLabs_enviroKit_RetroForest/Prefabs/deco_treeDead_C_VarA.prefab
  artifactKey: Guid(4ed7a307c9c5f614086d1893add219bd) Importer(815301076,1909f56bfc062723c751e8b465ee728b)
Start importing Assets/Terrain&Light/ZerinLabs_enviroKit_RetroForest/Prefabs/deco_treeDead_C_VarA.prefab using Guid(4ed7a307c9c5f614086d1893add219bd) Importer(815301076,1909f56bfc062723c751e8b465ee728b)  -> (artifact id: '0710dea945072dee28c8b406c5b154c6') in 0.015668 seconds 
  Import took 0.020028 seconds .

========================================================================
Received Import Request.
  Time since last request: 0.000403 seconds.
  path: Assets/Terrain&Light/ZerinLabs_enviroKit_RetroForest/Prefabs/floorEdge_1line_1vertB_VarA.prefab
  artifactKey: Guid(94f403efbcae29b42a2abb0265066f15) Importer(815301076,1909f56bfc062723c751e8b465ee728b)
Start importing Assets/Terrain&Light/ZerinLabs_enviroKit_RetroForest/Prefabs/floorEdge_1line_1vertB_VarA.prefab using Guid(94f403efbcae29b42a2abb0265066f15) Importer(815301076,1909f56bfc062723c751e8b465ee728b)  -> (artifact id: '755affc6187fa5096a42c45d4ff87b7d') in 0.015104 seconds 
  Import took 0.020057 seconds .

========================================================================
Received Import Request.
  Time since last request: 0.000329 seconds.
  path: Assets/Terrain&Light/ZerinLabs_enviroKit_RetroForest/Prefabs/deco_mushrooms_B_VarB.prefab
  artifactKey: Guid(a9a348589bbbaf141ba73b639b3a0970) Importer(815301076,1909f56bfc062723c751e8b465ee728b)
Start importing Assets/Terrain&Light/ZerinLabs_enviroKit_RetroForest/Prefabs/deco_mushrooms_B_VarB.prefab using Guid(a9a348589bbbaf141ba73b639b3a0970) Importer(815301076,1909f56bfc062723c751e8b465ee728b)  -> (artifact id: 'be1fd070a5ffc1a67ca1f65fa874ee49') in 0.015703 seconds 
  Import took 0.020324 seconds .

========================================================================
Received Import Request.
  Time since last request: 9.675024 seconds.
  path: Assets/POLY_Jungle
  artifactKey: Guid(bfda0a64ad9ee5c4e8e73045c1c6c8c8) Importer(815301076,1909f56bfc062723c751e8b465ee728b)
Start importing Assets/POLY_Jungle using Guid(bfda0a64ad9ee5c4e8e73045c1c6c8c8) Importer(815301076,1909f56bfc062723c751e8b465ee728b)  -> (artifact id: '95402dc13d0fb4b9dd9aa937b2293785') in 0.005306 seconds 
  Import took 0.009320 seconds .

========================================================================
Received Import Request.
  Time since last request: 5.666027 seconds.
  path: Assets/POLY_Jungle/Prefabs/Jungle
  artifactKey: Guid(3089e98f26c504d468c07f6cef37c663) Importer(815301076,1909f56bfc062723c751e8b465ee728b)
Start importing Assets/POLY_Jungle/Prefabs/Jungle using Guid(3089e98f26c504d468c07f6cef37c663) Importer(815301076,1909f56bfc062723c751e8b465ee728b)  -> (artifact id: '3d042ff856f90b0e8cea31d4cac71847') in 0.005234 seconds 
  Import took 0.009185 seconds .

========================================================================
Received Import Request.
  Time since last request: 3.042657 seconds.
  path: Assets/POLY_Jungle/Prefabs/Jungle/Corridors
  artifactKey: Guid(b15afd2f99a15c545b29929054d08e2e) Importer(815301076,1909f56bfc062723c751e8b465ee728b)
Start importing Assets/POLY_Jungle/Prefabs/Jungle/Corridors using Guid(b15afd2f99a15c545b29929054d08e2e) Importer(815301076,1909f56bfc062723c751e8b465ee728b)  -> (artifact id: '591941e490fbf0d10908f8077b36be4b') in 0.005524 seconds 
  Import took 0.010164 seconds .

========================================================================
Received Import Request.
  Time since last request: 0.083379 seconds.
  path: Assets/POLY_Jungle/Prefabs/Jungle/Corridors/Corridor01.prefab
  artifactKey: Guid(b090ad2feeadd484288f6aaf6614105e) Importer(815301076,1909f56bfc062723c751e8b465ee728b)
Start importing Assets/POLY_Jungle/Prefabs/Jungle/Corridors/Corridor01.prefab using Guid(b090ad2feeadd484288f6aaf6614105e) Importer(815301076,1909f56bfc062723c751e8b465ee728b)  -> (artifact id: '0b5024066f95fd60577283c21ac4f946') in 0.074741 seconds 
  Import took 0.078804 seconds .

========================================================================
Received Import Request.
  Time since last request: 0.000355 seconds.
  path: Assets/POLY_Jungle/Prefabs/Jungle/Corridors/Corridor02.prefab
  artifactKey: Guid(0984223028f2b254887dad50b1c0f728) Importer(815301076,1909f56bfc062723c751e8b465ee728b)
Start importing Assets/POLY_Jungle/Prefabs/Jungle/Corridors/Corridor02.prefab using Guid(0984223028f2b254887dad50b1c0f728) Importer(815301076,1909f56bfc062723c751e8b465ee728b)  -> (artifact id: '1668ef2a21122647c3075307851dc10e') in 0.046776 seconds 
  Import took 0.050645 seconds .

========================================================================
Received Import Request.
  Time since last request: 0.000371 seconds.
  path: Assets/POLY_Jungle/Prefabs/Jungle/Corridors/Corridor03.prefab
  artifactKey: Guid(4221775a0ba6b86459f207b1a29d996a) Importer(815301076,1909f56bfc062723c751e8b465ee728b)
Start importing Assets/POLY_Jungle/Prefabs/Jungle/Corridors/Corridor03.prefab using Guid(4221775a0ba6b86459f207b1a29d996a) Importer(815301076,1909f56bfc062723c751e8b465ee728b)  -> (artifact id: 'f8b92d939dd0c39557f112debd746af5') in 0.033759 seconds 
  Import took 0.037790 seconds .

========================================================================
Received Import Request.
  Time since last request: 0.000324 seconds.
  path: Assets/POLY_Jungle/Prefabs/Jungle/Corridors/Corridor04.prefab
  artifactKey: Guid(f4dd1d9c1fa03cb45a23dc760223806b) Importer(815301076,1909f56bfc062723c751e8b465ee728b)
Start importing Assets/POLY_Jungle/Prefabs/Jungle/Corridors/Corridor04.prefab using Guid(f4dd1d9c1fa03cb45a23dc760223806b) Importer(815301076,1909f56bfc062723c751e8b465ee728b)  -> (artifact id: 'ec5c3943f3fd1155fd1b0b1d0a3209da') in 0.045953 seconds 
  Import took 0.050044 seconds .

========================================================================
Received Import Request.
  Time since last request: 0.000327 seconds.
  path: Assets/POLY_Jungle/Prefabs/Jungle/Corridors/Corridor05.prefab
  artifactKey: Guid(0c690964b8dd7b143bd6611629b790bb) Importer(815301076,1909f56bfc062723c751e8b465ee728b)
Start importing Assets/POLY_Jungle/Prefabs/Jungle/Corridors/Corridor05.prefab using Guid(0c690964b8dd7b143bd6611629b790bb) Importer(815301076,1909f56bfc062723c751e8b465ee728b)  -> (artifact id: '32e437061fbed873f22d61eeb92c16a0') in 0.051624 seconds 
  Import took 0.055372 seconds .

========================================================================
Received Import Request.
  Time since last request: 2.683476 seconds.
  path: Assets/POLY_Jungle/Prefabs/Jungle/Buildings
  artifactKey: Guid(130a6b6ac641e3e41ac444c900c6af70) Importer(815301076,1909f56bfc062723c751e8b465ee728b)
Start importing Assets/POLY_Jungle/Prefabs/Jungle/Buildings using Guid(130a6b6ac641e3e41ac444c900c6af70) Importer(815301076,1909f56bfc062723c751e8b465ee728b)  -> (artifact id: 'd95a4658759de73c75220891c68056b8') in 0.005462 seconds 
  Import took 0.010109 seconds .

========================================================================
Received Import Request.
  Time since last request: 0.037761 seconds.
  path: Assets/POLY_Jungle/Prefabs/Jungle/Buildings/Building01.prefab
  artifactKey: Guid(a1fa7abb88b21c4409887f0c17f5b132) Importer(815301076,1909f56bfc062723c751e8b465ee728b)
Start importing Assets/POLY_Jungle/Prefabs/Jungle/Buildings/Building01.prefab using Guid(a1fa7abb88b21c4409887f0c17f5b132) Importer(815301076,1909f56bfc062723c751e8b465ee728b)  -> (artifact id: '93275d3ffeaa46f8201ddeb6568809da') in 0.043679 seconds 
  Import took 0.047814 seconds .

========================================================================
Received Import Request.
  Time since last request: 0.000282 seconds.
  path: Assets/POLY_Jungle/Prefabs/Jungle/Buildings/Building06.prefab
  artifactKey: Guid(c3bcc889e566bfd4aac88473b6679dcc) Importer(815301076,1909f56bfc062723c751e8b465ee728b)
Start importing Assets/POLY_Jungle/Prefabs/Jungle/Buildings/Building06.prefab using Guid(c3bcc889e566bfd4aac88473b6679dcc) Importer(815301076,1909f56bfc062723c751e8b465ee728b)  -> (artifact id: '1478bced3600678ebe2fb5ce7db3fdde') in 0.060609 seconds 
  Import took 0.064319 seconds .

========================================================================
Received Import Request.
  Time since last request: 0.000289 seconds.
  path: Assets/POLY_Jungle/Prefabs/Jungle/Buildings/Building02.prefab
  artifactKey: Guid(a616b33f0aaaf234ea9a6a55643af7b0) Importer(815301076,1909f56bfc062723c751e8b465ee728b)
Start importing Assets/POLY_Jungle/Prefabs/Jungle/Buildings/Building02.prefab using Guid(a616b33f0aaaf234ea9a6a55643af7b0) Importer(815301076,1909f56bfc062723c751e8b465ee728b)  -> (artifact id: '9b051c95b22b57344f4e15ed81a43480') in 0.103831 seconds 
  Import took 0.107826 seconds .

========================================================================
Received Import Request.
  Time since last request: 0.000495 seconds.
  path: Assets/POLY_Jungle/Prefabs/Jungle/Buildings/Building08.prefab
  artifactKey: Guid(68a11943315987b45a48820930ef7853) Importer(815301076,1909f56bfc062723c751e8b465ee728b)
Start importing Assets/POLY_Jungle/Prefabs/Jungle/Buildings/Building08.prefab using Guid(68a11943315987b45a48820930ef7853) Importer(815301076,1909f56bfc062723c751e8b465ee728b)  -> (artifact id: '76266b8a363a07d5ee82640340b83fd1') in 0.057791 seconds 
  Import took 0.063013 seconds .

========================================================================
Received Import Request.
  Time since last request: 0.005363 seconds.
  path: Assets/POLY_Jungle/Prefabs/Jungle/Buildings/Building09.prefab
  artifactKey: Guid(bcd0a2991acff6f47a15e9734bb86718) Importer(815301076,1909f56bfc062723c751e8b465ee728b)
Start importing Assets/POLY_Jungle/Prefabs/Jungle/Buildings/Building09.prefab using Guid(bcd0a2991acff6f47a15e9734bb86718) Importer(815301076,1909f56bfc062723c751e8b465ee728b)  -> (artifact id: '03ebf53bf3a6eb7d952f26a33d997c50') in 0.061495 seconds 
  Import took 0.066339 seconds .

========================================================================
Received Import Request.
  Time since last request: 0.000491 seconds.
  path: Assets/POLY_Jungle/Prefabs/Jungle/Buildings/Building03.prefab
  artifactKey: Guid(32394e763d283d9498abf7b01b57631a) Importer(815301076,1909f56bfc062723c751e8b465ee728b)
Start importing Assets/POLY_Jungle/Prefabs/Jungle/Buildings/Building03.prefab using Guid(32394e763d283d9498abf7b01b57631a) Importer(815301076,1909f56bfc062723c751e8b465ee728b)  -> (artifact id: '4ad98c965c2cfe2b9a4a992e3e49032a') in 0.050411 seconds 
  Import took 0.055354 seconds .

========================================================================
Received Import Request.
  Time since last request: 0.000371 seconds.
  path: Assets/POLY_Jungle/Prefabs/Jungle/Buildings/Building05.prefab
  artifactKey: Guid(53c48c3d68eaf6e40ad3918d2b54fec4) Importer(815301076,1909f56bfc062723c751e8b465ee728b)
Start importing Assets/POLY_Jungle/Prefabs/Jungle/Buildings/Building05.prefab using Guid(53c48c3d68eaf6e40ad3918d2b54fec4) Importer(815301076,1909f56bfc062723c751e8b465ee728b)  -> (artifact id: '3306fcc2930580feec9ba77fab49ba5b') in 0.050881 seconds 
  Import took 0.055103 seconds .

========================================================================
Received Import Request.
  Time since last request: 0.000469 seconds.
  path: Assets/POLY_Jungle/Prefabs/Jungle/Buildings/Building10.prefab
  artifactKey: Guid(297cb9c3c515aa846971462241bb6d33) Importer(815301076,1909f56bfc062723c751e8b465ee728b)
Start importing Assets/POLY_Jungle/Prefabs/Jungle/Buildings/Building10.prefab using Guid(297cb9c3c515aa846971462241bb6d33) Importer(815301076,1909f56bfc062723c751e8b465ee728b)  -> (artifact id: 'e5c8099ee2d9f309135c553fa9c311ad') in 0.045037 seconds 
  Import took 0.049384 seconds .

========================================================================
Received Import Request.
  Time since last request: 0.000302 seconds.
  path: Assets/POLY_Jungle/Prefabs/Jungle/Buildings/Building04.prefab
  artifactKey: Guid(47c3440b42d8a814e971882f2a49d7e2) Importer(815301076,1909f56bfc062723c751e8b465ee728b)
Start importing Assets/POLY_Jungle/Prefabs/Jungle/Buildings/Building04.prefab using Guid(47c3440b42d8a814e971882f2a49d7e2) Importer(815301076,1909f56bfc062723c751e8b465ee728b)  -> (artifact id: '722d4f8f643b3b2616806b4fb76dd9ff') in 0.051988 seconds 
  Import took 0.056074 seconds .

========================================================================
Received Import Request.
  Time since last request: 0.000288 seconds.
  path: Assets/POLY_Jungle/Prefabs/Jungle/Buildings/Building07.prefab
  artifactKey: Guid(b142bb5fe87d9f24ea2a2940b928d8c0) Importer(815301076,1909f56bfc062723c751e8b465ee728b)
Start importing Assets/POLY_Jungle/Prefabs/Jungle/Buildings/Building07.prefab using Guid(b142bb5fe87d9f24ea2a2940b928d8c0) Importer(815301076,1909f56bfc062723c751e8b465ee728b)  -> (artifact id: '90c6e5fafe9c5bf406fbbacc92f322d9') in 0.052157 seconds 
  Import took 0.056346 seconds .

========================================================================
Received Import Request.
  Time since last request: 8.070276 seconds.
  path: Assets/POLY_Jungle/Prefabs/Vegetation/Lianas/Liana01.prefab
  artifactKey: Guid(c834a6637220e13419658f8ade4dc544) Importer(815301076,1909f56bfc062723c751e8b465ee728b)
Start importing Assets/POLY_Jungle/Prefabs/Vegetation/Lianas/Liana01.prefab using Guid(c834a6637220e13419658f8ade4dc544) Importer(815301076,1909f56bfc062723c751e8b465ee728b)  -> (artifact id: '6c2a8f168468f5d0b32979e6823dfc05') in 0.017961 seconds 
  Import took 0.022230 seconds .

========================================================================
Received Import Request.
  Time since last request: 0.000342 seconds.
  path: Assets/POLY_Jungle/Prefabs/Vegetation/Lianas/Liana06.prefab
  artifactKey: Guid(62155b92b9e8fac48886b4ebb77f3e05) Importer(815301076,1909f56bfc062723c751e8b465ee728b)
Start importing Assets/POLY_Jungle/Prefabs/Vegetation/Lianas/Liana06.prefab using Guid(62155b92b9e8fac48886b4ebb77f3e05) Importer(815301076,1909f56bfc062723c751e8b465ee728b)  -> (artifact id: '8d5970f52c2545f13b9ba2348b014746') in 0.022733 seconds 
  Import took 0.027040 seconds .

========================================================================
Received Import Request.
  Time since last request: 0.000323 seconds.
  path: Assets/POLY_Jungle/Prefabs/Vegetation/Lianas/Liana03.prefab
  artifactKey: Guid(1ab26f07218043242911aa67d32d0b19) Importer(815301076,1909f56bfc062723c751e8b465ee728b)
Start importing Assets/POLY_Jungle/Prefabs/Vegetation/Lianas/Liana03.prefab using Guid(1ab26f07218043242911aa67d32d0b19) Importer(815301076,1909f56bfc062723c751e8b465ee728b)  -> (artifact id: 'f3f2da61308ca1117fc779076d5f1c4b') in 0.021543 seconds 
  Import took 0.026591 seconds .

========================================================================
Received Import Request.
  Time since last request: 0.000316 seconds.
  path: Assets/POLY_Jungle/Prefabs/Vegetation/Lianas/Liana04.prefab
  artifactKey: Guid(61cad4e96802c004cb720b9ae27659ca) Importer(815301076,1909f56bfc062723c751e8b465ee728b)
Start importing Assets/POLY_Jungle/Prefabs/Vegetation/Lianas/Liana04.prefab using Guid(61cad4e96802c004cb720b9ae27659ca) Importer(815301076,1909f56bfc062723c751e8b465ee728b)  -> (artifact id: '5ef4a33db987c66555cf118dbf1e3d3a') in 0.020590 seconds 
  Import took 0.025494 seconds .

========================================================================
Received Import Request.
  Time since last request: 0.000321 seconds.
  path: Assets/POLY_Jungle/Prefabs/Vegetation/Lianas/Liana02.prefab
  artifactKey: Guid(593a73e45703b1e47b8db23526a90b37) Importer(815301076,1909f56bfc062723c751e8b465ee728b)
Start importing Assets/POLY_Jungle/Prefabs/Vegetation/Lianas/Liana02.prefab using Guid(593a73e45703b1e47b8db23526a90b37) Importer(815301076,1909f56bfc062723c751e8b465ee728b)  -> (artifact id: '96bda5f066368a1440918f7ce39a0c72') in 0.018776 seconds 
  Import took 0.023668 seconds .

========================================================================
Received Import Request.
  Time since last request: 0.000673 seconds.
  path: Assets/POLY_Jungle/Prefabs/Vegetation/Lianas/Liana05.prefab
  artifactKey: Guid(c30e14e3906e0b14d9a0754c74cdb7b1) Importer(815301076,1909f56bfc062723c751e8b465ee728b)
Start importing Assets/POLY_Jungle/Prefabs/Vegetation/Lianas/Liana05.prefab using Guid(c30e14e3906e0b14d9a0754c74cdb7b1) Importer(815301076,1909f56bfc062723c751e8b465ee728b)  -> (artifact id: 'dd5b8b23b72824b402055863966c37d1') in 0.022668 seconds 
  Import took 0.029066 seconds .

========================================================================
Received Import Request.
  Time since last request: 101.202886 seconds.
  path: Assets/Terrain&Light/ZerinLabs_enviroKit_RetroForest/Meshes/wall_edgeAll.FBX
  artifactKey: Guid(22f1d4b6567c82e4f8cc9a2455b80df7) Importer(815301076,1909f56bfc062723c751e8b465ee728b)
Start importing Assets/Terrain&Light/ZerinLabs_enviroKit_RetroForest/Meshes/wall_edgeAll.FBX using Guid(22f1d4b6567c82e4f8cc9a2455b80df7) Importer(815301076,1909f56bfc062723c751e8b465ee728b)  -> (artifact id: '5080ba49450b1cc3776d50daf65df104') in 0.074634 seconds 
  Import took 0.078951 seconds .

========================================================================
Received Import Request.
  Time since last request: 0.000346 seconds.
  path: Assets/Terrain&Light/ZerinLabs_enviroKit_RetroForest/Meshes/wall_isle_B.FBX
  artifactKey: Guid(e6e1dd012e474664890b5e7b629073e3) Importer(815301076,1909f56bfc062723c751e8b465ee728b)
Start importing Assets/Terrain&Light/ZerinLabs_enviroKit_RetroForest/Meshes/wall_isle_B.FBX using Guid(e6e1dd012e474664890b5e7b629073e3) Importer(815301076,1909f56bfc062723c751e8b465ee728b)  -> (artifact id: 'b46feebaec2149b898ec1ca83c2e5a7a') in 0.024268 seconds 
  Import took 0.028736 seconds .

========================================================================
Received Import Request.
  Time since last request: 0.000313 seconds.
  path: Assets/Terrain&Light/ZerinLabs_enviroKit_RetroForest/Meshes/wallBottom_A.FBX
  artifactKey: Guid(ed7993075ae9c124294fcc5abbac33b5) Importer(815301076,1909f56bfc062723c751e8b465ee728b)
Start importing Assets/Terrain&Light/ZerinLabs_enviroKit_RetroForest/Meshes/wallBottom_A.FBX using Guid(ed7993075ae9c124294fcc5abbac33b5) Importer(815301076,1909f56bfc062723c751e8b465ee728b)  -> (artifact id: '67df3c1ddf8a51cbdc7742373a2fa874') in 0.025630 seconds 
  Import took 0.030598 seconds .

========================================================================
Received Import Request.
  Time since last request: 3.482083 seconds.
  path: Assets/Terrain&Light/Bitgem/Cube_World/_Materials/grass_texture.mat
  artifactKey: Guid(ebdadd384544a564d81511e4c4a87fe9) Importer(815301076,1909f56bfc062723c751e8b465ee728b)
Start importing Assets/Terrain&Light/Bitgem/Cube_World/_Materials/grass_texture.mat using Guid(ebdadd384544a564d81511e4c4a87fe9) Importer(815301076,1909f56bfc062723c751e8b465ee728b)  -> (artifact id: 'af92c5b56775505c839e27dfaa514ccf') in 0.029231 seconds 
  Import took 0.034400 seconds .

========================================================================
Received Import Request.
  Time since last request: 0.000338 seconds.
  path: Assets/Standard Assets/Environment/TerrainAssets/BillboardTextures/Materials/GrassFrond02AlbedoAlpha.mat
  artifactKey: Guid(6578df0ba60798746b9e8ee0d950d96a) Importer(815301076,1909f56bfc062723c751e8b465ee728b)
Start importing Assets/Standard Assets/Environment/TerrainAssets/BillboardTextures/Materials/GrassFrond02AlbedoAlpha.mat using Guid(6578df0ba60798746b9e8ee0d950d96a) Importer(815301076,1909f56bfc062723c751e8b465ee728b)  -> (artifact id: '664f68bfe1b5e0ae27f30c35fc76691e') in 0.016737 seconds 
  Import took 0.020839 seconds .

========================================================================
Received Import Request.
  Time since last request: 0.000413 seconds.
  path: Assets/Standard Assets/Environment/TerrainAssets/SurfaceTextures/Materials/GrassRockyAlbedo.mat
  artifactKey: Guid(fb9a2322f6f99f34da435842d01a22ed) Importer(815301076,1909f56bfc062723c751e8b465ee728b)
Start importing Assets/Standard Assets/Environment/TerrainAssets/SurfaceTextures/Materials/GrassRockyAlbedo.mat using Guid(fb9a2322f6f99f34da435842d01a22ed) Importer(815301076,1909f56bfc062723c751e8b465ee728b)  -> (artifact id: '668ed8ce2be294a1bf779328de22bdff') in 0.025812 seconds 
  Import took 0.030795 seconds .

========================================================================
Received Import Request.
  Time since last request: 0.000402 seconds.
  path: Assets/Decoration/fantasy_modular_environment/materials/terrain_grass.mat
  artifactKey: Guid(dcbbadaf89d7a9640ad8297b21cd97ad) Importer(815301076,1909f56bfc062723c751e8b465ee728b)
Start importing Assets/Decoration/fantasy_modular_environment/materials/terrain_grass.mat using Guid(dcbbadaf89d7a9640ad8297b21cd97ad) Importer(815301076,1909f56bfc062723c751e8b465ee728b)  -> (artifact id: '7fad0d6cd0623a53e7d897df243b2eba') in 0.042136 seconds 
  Import took 0.046455 seconds .

========================================================================
Received Import Request.
  Time since last request: 2.004753 seconds.
  path: Assets/Decoration/fantasy_modular_environment/materials/bridge.mat
  artifactKey: Guid(16b608eafb560344688190aeb717d114) Importer(815301076,1909f56bfc062723c751e8b465ee728b)
Start importing Assets/Decoration/fantasy_modular_environment/materials/bridge.mat using Guid(16b608eafb560344688190aeb717d114) Importer(815301076,1909f56bfc062723c751e8b465ee728b)  -> (artifact id: 'c2960db20dd1ce661e13d16f3834ff5c') in 0.052028 seconds 
  Import took 0.057791 seconds .

========================================================================
Received Import Request.
  Time since last request: 0.000509 seconds.
  path: Assets/Standard Assets/Environment/SpeedTree/Broadleaf/Broadleaf_Desktop Materials/LOD2/FacingLeaves_4.mat
  artifactKey: Guid(d5222114580affc49a2af92470232e23) Importer(815301076,1909f56bfc062723c751e8b465ee728b)
Start importing Assets/Standard Assets/Environment/SpeedTree/Broadleaf/Broadleaf_Desktop Materials/LOD2/FacingLeaves_4.mat using Guid(d5222114580affc49a2af92470232e23) Importer(815301076,1909f56bfc062723c751e8b465ee728b)  -> (artifact id: '7deeda4527bd7a5e4a8a8a406bbb3a99') in 0.742633 seconds 
  Import took 0.747028 seconds .

========================================================================
Received Import Request.
  Time since last request: 0.000329 seconds.
  path: Assets/Terrain&Light/Bitgem/Cube_World/_Materials/cube_mat_orange.mat
  artifactKey: Guid(1f729a21fe90d06498979e216332b77a) Importer(815301076,1909f56bfc062723c751e8b465ee728b)
Start importing Assets/Terrain&Light/Bitgem/Cube_World/_Materials/cube_mat_orange.mat using Guid(1f729a21fe90d06498979e216332b77a) Importer(815301076,1909f56bfc062723c751e8b465ee728b)  -> (artifact id: 'af8139fef3d05458b1ec7816a1b481f9') in 0.050335 seconds 
  Import took 0.055148 seconds .

========================================================================
Received Import Request.
  Time since last request: 0.000375 seconds.
  path: Assets/Standard Assets/Characters/ThirdPersonCharacter/Materials/EthanGrey.mat
  artifactKey: Guid(621e901dcf5ebaf46bce29d18f67194c) Importer(815301076,1909f56bfc062723c751e8b465ee728b)
Start importing Assets/Standard Assets/Characters/ThirdPersonCharacter/Materials/EthanGrey.mat using Guid(621e901dcf5ebaf46bce29d18f67194c) Importer(815301076,1909f56bfc062723c751e8b465ee728b)  -> (artifact id: 'b2d463c4f52a0425caa3fdec2e089dab') in 0.180957 seconds 
  Import took 0.186354 seconds .

========================================================================
Received Import Request.
  Time since last request: 0.000354 seconds.
  path: Assets/Standard Assets/Environment/SpeedTree/Broadleaf/Broadleaf_Desktop Materials/LOD1/FacingLeaves_4.mat
  artifactKey: Guid(9938463bcd729fe41b4937cb6d2d692b) Importer(815301076,1909f56bfc062723c751e8b465ee728b)
Start importing Assets/Standard Assets/Environment/SpeedTree/Broadleaf/Broadleaf_Desktop Materials/LOD1/FacingLeaves_4.mat using Guid(9938463bcd729fe41b4937cb6d2d692b) Importer(815301076,1909f56bfc062723c751e8b465ee728b)  -> (artifact id: '3a24586bbd83d14912f473e005671e77') in 0.016694 seconds 
  Import took 0.021342 seconds .

========================================================================
Received Import Request.
  Time since last request: 0.000372 seconds.
  path: Assets/Decoration/fantasy_modular_environment/materials/building_parts.mat
  artifactKey: Guid(cd8482c7111066043a51eebb9e0c8a38) Importer(815301076,1909f56bfc062723c751e8b465ee728b)
Start importing Assets/Decoration/fantasy_modular_environment/materials/building_parts.mat using Guid(cd8482c7111066043a51eebb9e0c8a38) Importer(815301076,1909f56bfc062723c751e8b465ee728b)  -> (artifact id: '3d71a7f41d585fbb8b6f1fcdd9ed943b') in 0.027286 seconds 
  Import took 0.031811 seconds .

========================================================================
Received Import Request.
  Time since last request: 0.000366 seconds.
  path: Assets/Terrain&Light/Bitgem/Cube_World/_Materials/cube_mat_grey.mat
  artifactKey: Guid(8aef4eb53bec5e64cb384d80855787d0) Importer(815301076,1909f56bfc062723c751e8b465ee728b)
Start importing Assets/Terrain&Light/Bitgem/Cube_World/_Materials/cube_mat_grey.mat using Guid(8aef4eb53bec5e64cb384d80855787d0) Importer(815301076,1909f56bfc062723c751e8b465ee728b)  -> (artifact id: '0f6d12f4470dabcc1b4e208bef269e2c') in 0.033675 seconds 
  Import took 0.037903 seconds .

========================================================================
Received Import Request.
  Time since last request: 0.074667 seconds.
  path: Assets/Standard Assets/Environment/SpeedTree/Broadleaf/Broadleaf_Desktop Materials/LOD0/FacingLeaves_4.mat
  artifactKey: Guid(d5b20def9c5c05748a01627738b94531) Importer(815301076,1909f56bfc062723c751e8b465ee728b)
Start importing Assets/Standard Assets/Environment/SpeedTree/Broadleaf/Broadleaf_Desktop Materials/LOD0/FacingLeaves_4.mat using Guid(d5b20def9c5c05748a01627738b94531) Importer(815301076,1909f56bfc062723c751e8b465ee728b)  -> (artifact id: '843e1861e16880fd43c56703d7a2bf91') in 0.016667 seconds 
  Import took 0.021801 seconds .

========================================================================
Received Import Request.
  Time since last request: 587.681573 seconds.
  path: Assets/Terrain&Light/Bitgem
  artifactKey: Guid(adc8c9c6180d460438f81a43d57abf80) Importer(815301076,1909f56bfc062723c751e8b465ee728b)
Start importing Assets/Terrain&Light/Bitgem using Guid(adc8c9c6180d460438f81a43d57abf80) Importer(815301076,1909f56bfc062723c751e8b465ee728b)  -> (artifact id: '529203a1853660fed5113ed0a83a548a') in 0.007241 seconds 
  Import took 0.012566 seconds .

========================================================================
Received Import Request.
  Time since last request: 1.167158 seconds.
  path: Assets/Terrain&Light/Bitgem/Cube_World
  artifactKey: Guid(26ad93a7932c8364fb6983a02304d5ea) Importer(815301076,1909f56bfc062723c751e8b465ee728b)
Start importing Assets/Terrain&Light/Bitgem/Cube_World using Guid(26ad93a7932c8364fb6983a02304d5ea) Importer(815301076,1909f56bfc062723c751e8b465ee728b)  -> (artifact id: 'e79b76e8f362d70b1777f868525bb424') in 0.007769 seconds 
  Import took 0.012304 seconds .

========================================================================
Received Import Request.
  Time since last request: 3.887958 seconds.
  path: Assets/Terrain&Light/Bitgem/Cube_World/Mining
  artifactKey: Guid(71abde4bf54dc4b6aa4b1e07cdc59023) Importer(815301076,1909f56bfc062723c751e8b465ee728b)
Start importing Assets/Terrain&Light/Bitgem/Cube_World/Mining using Guid(71abde4bf54dc4b6aa4b1e07cdc59023) Importer(815301076,1909f56bfc062723c751e8b465ee728b)  -> (artifact id: '7fcf2159d597da1463f7a70cda5f6882') in 0.011957 seconds 
  Import took 0.017035 seconds .

========================================================================
Received Import Request.
  Time since last request: 0.997328 seconds.
  path: Assets/Terrain&Light/Bitgem/Cube_World/Mining/Prefabs
  artifactKey: Guid(1f321b6ed68df4eddb08c6352835f49d) Importer(815301076,1909f56bfc062723c751e8b465ee728b)
Start importing Assets/Terrain&Light/Bitgem/Cube_World/Mining/Prefabs using Guid(1f321b6ed68df4eddb08c6352835f49d) Importer(815301076,1909f56bfc062723c751e8b465ee728b)  -> (artifact id: '5ba2d4df8dd679fd4b494aa9d09d01ea') in 0.005470 seconds 
  Import took 0.010738 seconds .

========================================================================
Received Import Request.
  Time since last request: 0.519624 seconds.
  path: Assets/Terrain&Light/Bitgem/Cube_World/Mining/Prefabs/arrow_diamond_LOD_setup.prefab
  artifactKey: Guid(822b98c53de020746b6c04aa2ddc34a1) Importer(815301076,1909f56bfc062723c751e8b465ee728b)
Start importing Assets/Terrain&Light/Bitgem/Cube_World/Mining/Prefabs/arrow_diamond_LOD_setup.prefab using Guid(822b98c53de020746b6c04aa2ddc34a1) Importer(815301076,1909f56bfc062723c751e8b465ee728b)  -> (artifact id: '1f23d64c830e932f49803b0fbcd53106') in 0.030101 seconds 
  Import took 0.035225 seconds .

========================================================================
Received Import Request.
  Time since last request: 0.000327 seconds.
  path: Assets/Terrain&Light/Bitgem/Cube_World/Mining/Prefabs/coal_block_LOD_setup.prefab
  artifactKey: Guid(128413b4f7020f04695c39e209e79334) Importer(815301076,1909f56bfc062723c751e8b465ee728b)
Start importing Assets/Terrain&Light/Bitgem/Cube_World/Mining/Prefabs/coal_block_LOD_setup.prefab using Guid(128413b4f7020f04695c39e209e79334) Importer(815301076,1909f56bfc062723c751e8b465ee728b)  -> (artifact id: '643158325c0f2ebf11e90710842bf8ba') in 0.026795 seconds 
  Import took 0.031173 seconds .

========================================================================
Received Import Request.
  Time since last request: 0.000277 seconds.
  path: Assets/Terrain&Light/Bitgem/Cube_World/Mining/Prefabs/diamond_ruby_LOD_setup.prefab
  artifactKey: Guid(8a7b3edf55da3394b9ec2828f6e453a2) Importer(815301076,1909f56bfc062723c751e8b465ee728b)
Start importing Assets/Terrain&Light/Bitgem/Cube_World/Mining/Prefabs/diamond_ruby_LOD_setup.prefab using Guid(8a7b3edf55da3394b9ec2828f6e453a2) Importer(815301076,1909f56bfc062723c751e8b465ee728b)  -> (artifact id: 'f4bc3a28a6fc8a087dd92cd8fb240cf0') in 0.020757 seconds 
  Import took 0.024985 seconds .

========================================================================
Received Import Request.
  Time since last request: 0.000292 seconds.
  path: Assets/Terrain&Light/Bitgem/Cube_World/Mining/Prefabs/metal_bar_LOD_setup.prefab
  artifactKey: Guid(e237b5c6dca1f4f45be03383c9251d5b) Importer(815301076,1909f56bfc062723c751e8b465ee728b)
Start importing Assets/Terrain&Light/Bitgem/Cube_World/Mining/Prefabs/metal_bar_LOD_setup.prefab using Guid(e237b5c6dca1f4f45be03383c9251d5b) Importer(815301076,1909f56bfc062723c751e8b465ee728b)  -> (artifact id: '3d7c618345c9282fdc7d0529c6cae0a3') in 0.024899 seconds 
  Import took 0.029477 seconds .

========================================================================
Received Import Request.
  Time since last request: 0.000351 seconds.
  path: Assets/Terrain&Light/Bitgem/Cube_World/Mining/Prefabs/metal_ore_block_2_LOD_setup.prefab
  artifactKey: Guid(a2c6968b2a4256b44bde8b97e4fcd290) Importer(815301076,1909f56bfc062723c751e8b465ee728b)
Start importing Assets/Terrain&Light/Bitgem/Cube_World/Mining/Prefabs/metal_ore_block_2_LOD_setup.prefab using Guid(a2c6968b2a4256b44bde8b97e4fcd290) Importer(815301076,1909f56bfc062723c751e8b465ee728b)  -> (artifact id: '3e7860d2a3a54c2a4f096b409f793863') in 0.062323 seconds 
  Import took 0.068635 seconds .

========================================================================
Received Import Request.
  Time since last request: 0.000420 seconds.
  path: Assets/Terrain&Light/Bitgem/Cube_World/Mining/Prefabs/ruby_pile_LOD_setup.prefab
  artifactKey: Guid(a9df3730553afaa4ca1014580d35aef0) Importer(815301076,1909f56bfc062723c751e8b465ee728b)
Start importing Assets/Terrain&Light/Bitgem/Cube_World/Mining/Prefabs/ruby_pile_LOD_setup.prefab using Guid(a9df3730553afaa4ca1014580d35aef0) Importer(815301076,1909f56bfc062723c751e8b465ee728b)  -> (artifact id: 'bec6557de02b1ce79eb4b154cf1eca0a') in 0.048124 seconds 
  Import took 0.054901 seconds .

========================================================================
Received Import Request.
  Time since last request: 0.000381 seconds.
  path: Assets/Terrain&Light/Bitgem/Cube_World/Mining/Prefabs/coal_pile_LOD_setup.prefab
  artifactKey: Guid(2828ebf2fc928d742a0b7d2e25c8e06c) Importer(815301076,1909f56bfc062723c751e8b465ee728b)
Start importing Assets/Terrain&Light/Bitgem/Cube_World/Mining/Prefabs/coal_pile_LOD_setup.prefab using Guid(2828ebf2fc928d742a0b7d2e25c8e06c) Importer(815301076,1909f56bfc062723c751e8b465ee728b)  -> (artifact id: '9fd4734b6876a1e9daecf9f2b546e75c') in 0.046570 seconds 
  Import took 0.055369 seconds .

========================================================================
Received Import Request.
  Time since last request: 0.000433 seconds.
  path: Assets/Terrain&Light/Bitgem/Cube_World/Mining/Prefabs/hammer_wood_LOD_setup.prefab
  artifactKey: Guid(911064bb5cf189e41acbde31b2cad989) Importer(815301076,1909f56bfc062723c751e8b465ee728b)
Start importing Assets/Terrain&Light/Bitgem/Cube_World/Mining/Prefabs/hammer_wood_LOD_setup.prefab using Guid(911064bb5cf189e41acbde31b2cad989) Importer(815301076,1909f56bfc062723c751e8b465ee728b)  -> (artifact id: '1b08209672623156b0aa753ba58b37a9') in 0.047239 seconds 
  Import took 0.054212 seconds .

========================================================================
Received Import Request.
  Time since last request: 0.000407 seconds.
  path: Assets/Terrain&Light/Bitgem/Cube_World/Mining/Prefabs/hammer_diamond_LOD_setup.prefab
  artifactKey: Guid(6c7abca5535e67342b42e771f181cb35) Importer(815301076,1909f56bfc062723c751e8b465ee728b)
Start importing Assets/Terrain&Light/Bitgem/Cube_World/Mining/Prefabs/hammer_diamond_LOD_setup.prefab using Guid(6c7abca5535e67342b42e771f181cb35) Importer(815301076,1909f56bfc062723c751e8b465ee728b)  -> (artifact id: '1951f1a6b4019a9965b99f41acc46ff2') in 0.023009 seconds 
  Import took 0.029015 seconds .

========================================================================
Received Import Request.
  Time since last request: 0.000371 seconds.
  path: Assets/Terrain&Light/Bitgem/Cube_World/Mining/Prefabs/arrow_metal_LOD_setup.prefab
  artifactKey: Guid(62dd07c3fd60ef0469ef48687b3d4c87) Importer(815301076,1909f56bfc062723c751e8b465ee728b)
Start importing Assets/Terrain&Light/Bitgem/Cube_World/Mining/Prefabs/arrow_metal_LOD_setup.prefab using Guid(62dd07c3fd60ef0469ef48687b3d4c87) Importer(815301076,1909f56bfc062723c751e8b465ee728b)  -> (artifact id: 'cfe38583402df58bcbf62428ccdb52bb') in 0.027048 seconds 
  Import took 0.031928 seconds .

========================================================================
Received Import Request.
  Time since last request: 0.000342 seconds.
  path: Assets/Terrain&Light/Bitgem/Cube_World/Mining/Prefabs/hammer_gold_LOD_setup.prefab
  artifactKey: Guid(e0c620dafabcd8143bc75cf22e05ebcc) Importer(815301076,1909f56bfc062723c751e8b465ee728b)
Start importing Assets/Terrain&Light/Bitgem/Cube_World/Mining/Prefabs/hammer_gold_LOD_setup.prefab using Guid(e0c620dafabcd8143bc75cf22e05ebcc) Importer(815301076,1909f56bfc062723c751e8b465ee728b)  -> (artifact id: '0cf8d81192125915d6cbedbcce58e17f') in 0.024747 seconds 
  Import took 0.030737 seconds .

========================================================================
Received Import Request.
  Time since last request: 0.000384 seconds.
  path: Assets/Terrain&Light/Bitgem/Cube_World/Mining/Prefabs/bow_stone_LOD_setup.prefab
  artifactKey: Guid(7db3a1e22615ab34b9ca9535443e9a69) Importer(815301076,1909f56bfc062723c751e8b465ee728b)
Start importing Assets/Terrain&Light/Bitgem/Cube_World/Mining/Prefabs/bow_stone_LOD_setup.prefab using Guid(7db3a1e22615ab34b9ca9535443e9a69) Importer(815301076,1909f56bfc062723c751e8b465ee728b)  -> (artifact id: 'b339f4a4c39a7410dae7f96c68160d32') in 0.040713 seconds 
  Import took 0.047205 seconds .

========================================================================
Received Import Request.
  Time since last request: 0.000370 seconds.
  path: Assets/Terrain&Light/Bitgem/Cube_World/Mining/Prefabs/bow_diamond_LOD_setup.prefab
  artifactKey: Guid(1cae7bce1351cc546b9d54c6d95f3fa6) Importer(815301076,1909f56bfc062723c751e8b465ee728b)
Start importing Assets/Terrain&Light/Bitgem/Cube_World/Mining/Prefabs/bow_diamond_LOD_setup.prefab using Guid(1cae7bce1351cc546b9d54c6d95f3fa6) Importer(815301076,1909f56bfc062723c751e8b465ee728b)  -> (artifact id: '968f6ea36c13ea1b70270e0b100319c9') in 0.024367 seconds 
  Import took 0.030806 seconds .

========================================================================
Received Import Request.
  Time since last request: 0.000656 seconds.
  path: Assets/Terrain&Light/Bitgem/Cube_World/Mining/Prefabs/hammer_metal_LOD_setup.prefab
  artifactKey: Guid(ca056d48a54096e4c9acf074ef540988) Importer(815301076,1909f56bfc062723c751e8b465ee728b)
Start importing Assets/Terrain&Light/Bitgem/Cube_World/Mining/Prefabs/hammer_metal_LOD_setup.prefab using Guid(ca056d48a54096e4c9acf074ef540988) Importer(815301076,1909f56bfc062723c751e8b465ee728b)  -> (artifact id: 'c5388f82830926ff44d246d69daf66e9') in 0.023576 seconds 
  Import took 0.030734 seconds .

========================================================================
Received Import Request.
  Time since last request: 0.000310 seconds.
  path: Assets/Terrain&Light/Bitgem/Cube_World/Mining/Prefabs/ruby_ore_block_LOD_setup.prefab
  artifactKey: Guid(894eb6c5fcc576240873c4b358a2f6f5) Importer(815301076,1909f56bfc062723c751e8b465ee728b)
Start importing Assets/Terrain&Light/Bitgem/Cube_World/Mining/Prefabs/ruby_ore_block_LOD_setup.prefab using Guid(894eb6c5fcc576240873c4b358a2f6f5) Importer(815301076,1909f56bfc062723c751e8b465ee728b)  -> (artifact id: '7559bb5d1e92d55e70bb7043a278b2cf') in 0.024312 seconds 
  Import took 0.028606 seconds .

========================================================================
Received Import Request.
  Time since last request: 0.000289 seconds.
  path: Assets/Terrain&Light/Bitgem/Cube_World/Mining/Prefabs/metal_block_LOD_setup.prefab
  artifactKey: Guid(d3382d2264763084b9617ae801660e5b) Importer(815301076,1909f56bfc062723c751e8b465ee728b)
Start importing Assets/Terrain&Light/Bitgem/Cube_World/Mining/Prefabs/metal_block_LOD_setup.prefab using Guid(d3382d2264763084b9617ae801660e5b) Importer(815301076,1909f56bfc062723c751e8b465ee728b)  -> (artifact id: '080b433cf458e22987011473e1d36bc3') in 0.023992 seconds 
  Import took 0.028894 seconds .

========================================================================
Received Import Request.
  Time since last request: 0.000371 seconds.
  path: Assets/Terrain&Light/Bitgem/Cube_World/Mining/Prefabs/arrow_wood_LOD_setup.prefab
  artifactKey: Guid(225096255fc5870428840fb992897d86) Importer(815301076,1909f56bfc062723c751e8b465ee728b)
Start importing Assets/Terrain&Light/Bitgem/Cube_World/Mining/Prefabs/arrow_wood_LOD_setup.prefab using Guid(225096255fc5870428840fb992897d86) Importer(815301076,1909f56bfc062723c751e8b465ee728b)  -> (artifact id: 'c4da24e5afe762a73a46d1eebcb4ffb7') in 0.024081 seconds 
  Import took 0.030163 seconds .

========================================================================
Received Import Request.
  Time since last request: 0.000370 seconds.
  path: Assets/Terrain&Light/Bitgem/Cube_World/Mining/Prefabs/sword_diamond_LOD_setup.prefab
  artifactKey: Guid(860378f479fa41f4d92a67c63ce6c214) Importer(815301076,1909f56bfc062723c751e8b465ee728b)
Start importing Assets/Terrain&Light/Bitgem/Cube_World/Mining/Prefabs/sword_diamond_LOD_setup.prefab using Guid(860378f479fa41f4d92a67c63ce6c214) Importer(815301076,1909f56bfc062723c751e8b465ee728b)  -> (artifact id: '2af46f6e0eba312f082ade256f80537e') in 0.022168 seconds 
  Import took 0.026861 seconds .

========================================================================
Received Import Request.
  Time since last request: 0.000264 seconds.
  path: Assets/Terrain&Light/Bitgem/Cube_World/Mining/Prefabs/metal_bar_block_LOD_setup.prefab
  artifactKey: Guid(60c614fe54b373746acb645b86b266e2) Importer(815301076,1909f56bfc062723c751e8b465ee728b)
Start importing Assets/Terrain&Light/Bitgem/Cube_World/Mining/Prefabs/metal_bar_block_LOD_setup.prefab using Guid(60c614fe54b373746acb645b86b266e2) Importer(815301076,1909f56bfc062723c751e8b465ee728b)  -> (artifact id: '65189c9117f2686a4afade6fcf236c13') in 0.028183 seconds 
  Import took 0.073670 seconds .

========================================================================
Received Import Request.
  Time since last request: 0.000410 seconds.
  path: Assets/Terrain&Light/Bitgem/Cube_World/Mining/Prefabs/ruby_LOD_setup.prefab
  artifactKey: Guid(7eba0f49c0673d348a4dcad8d9eb4e17) Importer(815301076,1909f56bfc062723c751e8b465ee728b)
Start importing Assets/Terrain&Light/Bitgem/Cube_World/Mining/Prefabs/ruby_LOD_setup.prefab using Guid(7eba0f49c0673d348a4dcad8d9eb4e17) Importer(815301076,1909f56bfc062723c751e8b465ee728b)  -> (artifact id: '183659737cfa5a04c7e4c56bcf44d9c6') in 0.021364 seconds 
  Import took 0.025837 seconds .

========================================================================
Received Import Request.
  Time since last request: 0.000626 seconds.
  path: Assets/Terrain&Light/Bitgem/Cube_World/Mining/Prefabs/axe_diamond_LOD_setup.prefab
  artifactKey: Guid(a90b8a8f64c187347b8b66e8cecaf8ba) Importer(815301076,1909f56bfc062723c751e8b465ee728b)
Start importing Assets/Terrain&Light/Bitgem/Cube_World/Mining/Prefabs/axe_diamond_LOD_setup.prefab using Guid(a90b8a8f64c187347b8b66e8cecaf8ba) Importer(815301076,1909f56bfc062723c751e8b465ee728b)  -> (artifact id: '3eef8da13c47f126a3ce8eb1a5ebeb78') in 0.022824 seconds 
  Import took 0.029962 seconds .

========================================================================
Received Import Request.
  Time since last request: 0.000350 seconds.
  path: Assets/Terrain&Light/Bitgem/Cube_World/Mining/Prefabs/bow_gold_LOD_setup.prefab
  artifactKey: Guid(84ce2c80620adc945b2035646facdf6f) Importer(815301076,1909f56bfc062723c751e8b465ee728b)
Start importing Assets/Terrain&Light/Bitgem/Cube_World/Mining/Prefabs/bow_gold_LOD_setup.prefab using Guid(84ce2c80620adc945b2035646facdf6f) Importer(815301076,1909f56bfc062723c751e8b465ee728b)  -> (artifact id: '9bc806a7f091b17051123197c614a5c2') in 0.025110 seconds 
  Import took 0.029929 seconds .

========================================================================
Received Import Request.
  Time since last request: 0.000322 seconds.
  path: Assets/Terrain&Light/Bitgem/Cube_World/Mining/Prefabs/gold_ore_block_2_LOD_setup.prefab
  artifactKey: Guid(057eb5683177f384f85e486772cb7a92) Importer(815301076,1909f56bfc062723c751e8b465ee728b)
Start importing Assets/Terrain&Light/Bitgem/Cube_World/Mining/Prefabs/gold_ore_block_2_LOD_setup.prefab using Guid(057eb5683177f384f85e486772cb7a92) Importer(815301076,1909f56bfc062723c751e8b465ee728b)  -> (artifact id: 'e47b437d1e9df6399048269691b0060f') in 0.022855 seconds 
  Import took 0.028438 seconds .

========================================================================
Received Import Request.
  Time since last request: 0.000439 seconds.
  path: Assets/Terrain&Light/Bitgem/Cube_World/Mining/Prefabs/axe_stone_LOD_setup.prefab
  artifactKey: Guid(0f3bb7f511af27b41b36cbd82df4475f) Importer(815301076,1909f56bfc062723c751e8b465ee728b)
Start importing Assets/Terrain&Light/Bitgem/Cube_World/Mining/Prefabs/axe_stone_LOD_setup.prefab using Guid(0f3bb7f511af27b41b36cbd82df4475f) Importer(815301076,1909f56bfc062723c751e8b465ee728b)  -> (artifact id: '6516fe92c5b3c751dd713e3dc625c116') in 0.019796 seconds 
  Import took 0.024711 seconds .

========================================================================
Received Import Request.
  Time since last request: 0.000346 seconds.
  path: Assets/Terrain&Light/Bitgem/Cube_World/Mining/Prefabs/spear_metal_LOD_setup.prefab
  artifactKey: Guid(d288b346b2975ab43b20a5bf8c8634d4) Importer(815301076,1909f56bfc062723c751e8b465ee728b)
Start importing Assets/Terrain&Light/Bitgem/Cube_World/Mining/Prefabs/spear_metal_LOD_setup.prefab using Guid(d288b346b2975ab43b20a5bf8c8634d4) Importer(815301076,1909f56bfc062723c751e8b465ee728b)  -> (artifact id: 'ea06cdf147536955f692e5eb74f93772') in 0.024179 seconds 
  Import took 0.028838 seconds .

========================================================================
Received Import Request.
  Time since last request: 0.000419 seconds.
  path: Assets/Terrain&Light/Bitgem/Cube_World/Mining/Prefabs/arrow_stone_LOD_setup.prefab
  artifactKey: Guid(1c2dbf038dd7c9f44b9ea73685e06f22) Importer(815301076,1909f56bfc062723c751e8b465ee728b)
Start importing Assets/Terrain&Light/Bitgem/Cube_World/Mining/Prefabs/arrow_stone_LOD_setup.prefab using Guid(1c2dbf038dd7c9f44b9ea73685e06f22) Importer(815301076,1909f56bfc062723c751e8b465ee728b)  -> (artifact id: '2dcc06c24958f45b4bf303527a6abbfb') in 0.020725 seconds 
  Import took 0.026160 seconds .

========================================================================
Received Import Request.
  Time since last request: 0.000566 seconds.
  path: Assets/Terrain&Light/Bitgem/Cube_World/Mining/Prefabs/canopy_block_2_LOD_setup.prefab
  artifactKey: Guid(6a32aae44cbb4154fa7b8c7fc2bd09f1) Importer(815301076,1909f56bfc062723c751e8b465ee728b)
Start importing Assets/Terrain&Light/Bitgem/Cube_World/Mining/Prefabs/canopy_block_2_LOD_setup.prefab using Guid(6a32aae44cbb4154fa7b8c7fc2bd09f1) Importer(815301076,1909f56bfc062723c751e8b465ee728b)  -> (artifact id: '2ec5e00e7403c10b97fda7992f0b979a') in 0.020153 seconds 
  Import took 0.025497 seconds .

========================================================================
Received Import Request.
  Time since last request: 0.000322 seconds.
  path: Assets/Terrain&Light/Bitgem/Cube_World/Mining/Prefabs/spear_short_metal_LOD_setup.prefab
  artifactKey: Guid(d6a40735cebcd9d4d9ca9ecd4970ca64) Importer(815301076,1909f56bfc062723c751e8b465ee728b)
Start importing Assets/Terrain&Light/Bitgem/Cube_World/Mining/Prefabs/spear_short_metal_LOD_setup.prefab using Guid(d6a40735cebcd9d4d9ca9ecd4970ca64) Importer(815301076,1909f56bfc062723c751e8b465ee728b)  -> (artifact id: '2a4ed73832836cb658b82a94c56fb516') in 0.024199 seconds 
  Import took 0.028829 seconds .

========================================================================
Received Import Request.
  Time since last request: 0.000313 seconds.
  path: Assets/Terrain&Light/Bitgem/Cube_World/Mining/Prefabs/pickaxe_wood_LOD_setup.prefab
  artifactKey: Guid(f6f3b2f20fb883141806ea0caa47b67c) Importer(815301076,1909f56bfc062723c751e8b465ee728b)
Start importing Assets/Terrain&Light/Bitgem/Cube_World/Mining/Prefabs/pickaxe_wood_LOD_setup.prefab using Guid(f6f3b2f20fb883141806ea0caa47b67c) Importer(815301076,1909f56bfc062723c751e8b465ee728b)  -> (artifact id: 'fd1b2dc9e58065d48387c06c8ba1bbda') in 0.027695 seconds 
  Import took 0.032763 seconds .

========================================================================
Received Import Request.
  Time since last request: 0.000459 seconds.
  path: Assets/Terrain&Light/Bitgem/Cube_World/Mining/Prefabs/coal_nuggets_LOD_setup.prefab
  artifactKey: Guid(00569c27c8a46294fb7da9928c5aea10) Importer(815301076,1909f56bfc062723c751e8b465ee728b)
Start importing Assets/Terrain&Light/Bitgem/Cube_World/Mining/Prefabs/coal_nuggets_LOD_setup.prefab using Guid(00569c27c8a46294fb7da9928c5aea10) Importer(815301076,1909f56bfc062723c751e8b465ee728b)  -> (artifact id: '02eac672453ee3438855a11da6ffa1a3') in 0.023256 seconds 
  Import took 0.029376 seconds .

========================================================================
Received Import Request.
  Time since last request: 0.000318 seconds.
  path: Assets/Terrain&Light/Bitgem/Cube_World/Mining/Prefabs/spear_short_wood_LOD_setup.prefab
  artifactKey: Guid(541c49ed2d76e374184792846667fcc7) Importer(815301076,1909f56bfc062723c751e8b465ee728b)
Start importing Assets/Terrain&Light/Bitgem/Cube_World/Mining/Prefabs/spear_short_wood_LOD_setup.prefab using Guid(541c49ed2d76e374184792846667fcc7) Importer(815301076,1909f56bfc062723c751e8b465ee728b)  -> (artifact id: '3b97b1b70f06606a03f97dacda6380f2') in 0.023417 seconds 
  Import took 0.029056 seconds .

========================================================================
Received Import Request.
  Time since last request: 0.000312 seconds.
  path: Assets/Terrain&Light/Bitgem/Cube_World/Mining/Prefabs/spear_short_gold_LOD_setup.prefab
  artifactKey: Guid(4588aa478207cc8449465619fce2fb34) Importer(815301076,1909f56bfc062723c751e8b465ee728b)
Start importing Assets/Terrain&Light/Bitgem/Cube_World/Mining/Prefabs/spear_short_gold_LOD_setup.prefab using Guid(4588aa478207cc8449465619fce2fb34) Importer(815301076,1909f56bfc062723c751e8b465ee728b)  -> (artifact id: 'fed2fe9d501e725b96a759c9a3afddd3') in 0.020976 seconds 
  Import took 0.026546 seconds .

========================================================================
Received Import Request.
  Time since last request: 0.000367 seconds.
  path: Assets/Terrain&Light/Bitgem/Cube_World/Mining/Prefabs/sword_stone_LOD_setup.prefab
  artifactKey: Guid(91e9d6b6c0394094186b59cb6d8b98fe) Importer(815301076,1909f56bfc062723c751e8b465ee728b)
Start importing Assets/Terrain&Light/Bitgem/Cube_World/Mining/Prefabs/sword_stone_LOD_setup.prefab using Guid(91e9d6b6c0394094186b59cb6d8b98fe) Importer(815301076,1909f56bfc062723c751e8b465ee728b)  -> (artifact id: '106b7d1410fbd134a8a49e8c4422039a') in 0.021808 seconds 
  Import took 0.026591 seconds .

========================================================================
Received Import Request.
  Time since last request: 0.000322 seconds.
  path: Assets/Terrain&Light/Bitgem/Cube_World/Mining/Prefabs/diamond_ore_block_LOD_setup.prefab
  artifactKey: Guid(094d01a7d365071479ae3118af69936e) Importer(815301076,1909f56bfc062723c751e8b465ee728b)
Start importing Assets/Terrain&Light/Bitgem/Cube_World/Mining/Prefabs/diamond_ore_block_LOD_setup.prefab using Guid(094d01a7d365071479ae3118af69936e) Importer(815301076,1909f56bfc062723c751e8b465ee728b)  -> (artifact id: '7d88a234800358707a2e688936b6ee78') in 0.025525 seconds 
  Import took 0.030411 seconds .

========================================================================
Received Import Request.
  Time since last request: 0.000495 seconds.
  path: Assets/Terrain&Light/Bitgem/Cube_World/Mining/Prefabs/metal_ore_block_1_LOD_setup.prefab
  artifactKey: Guid(8c28e0f860148ba41909c3938f518132) Importer(815301076,1909f56bfc062723c751e8b465ee728b)
Start importing Assets/Terrain&Light/Bitgem/Cube_World/Mining/Prefabs/metal_ore_block_1_LOD_setup.prefab using Guid(8c28e0f860148ba41909c3938f518132) Importer(815301076,1909f56bfc062723c751e8b465ee728b)  -> (artifact id: 'fc76c448b9af52c6862e8f44b39915a3') in 0.029407 seconds 
  Import took 0.033916 seconds .

========================================================================
Received Import Request.
  Time since last request: 0.000348 seconds.
  path: Assets/Terrain&Light/Bitgem/Cube_World/Mining/Prefabs/bow_metal_LOD_setup.prefab
  artifactKey: Guid(9d8737b7e4f1eb247bf01cb0737661f9) Importer(815301076,1909f56bfc062723c751e8b465ee728b)
Start importing Assets/Terrain&Light/Bitgem/Cube_World/Mining/Prefabs/bow_metal_LOD_setup.prefab using Guid(9d8737b7e4f1eb247bf01cb0737661f9) Importer(815301076,1909f56bfc062723c751e8b465ee728b)  -> (artifact id: 'c477088aa27dbff418b79e831e5e55a7') in 0.023680 seconds 
  Import took 0.028002 seconds .

========================================================================
Received Import Request.
  Time since last request: 0.000711 seconds.
  path: Assets/Terrain&Light/Bitgem/Cube_World/Mining/Prefabs/sword_wood_LOD_setup.prefab
  artifactKey: Guid(e383c5551a244564d94a9fac9d5c4ff0) Importer(815301076,1909f56bfc062723c751e8b465ee728b)
Start importing Assets/Terrain&Light/Bitgem/Cube_World/Mining/Prefabs/sword_wood_LOD_setup.prefab using Guid(e383c5551a244564d94a9fac9d5c4ff0) Importer(815301076,1909f56bfc062723c751e8b465ee728b)  -> (artifact id: '8453c694ac88845578a7d79bf5e4f6ad') in 0.023131 seconds 
  Import took 0.028559 seconds .

========================================================================
Received Import Request.
  Time since last request: 0.000365 seconds.
  path: Assets/Terrain&Light/Bitgem/Cube_World/Mining/Prefabs/gold_block_LOD_setup.prefab
  artifactKey: Guid(98945908536288340838272ecade0695) Importer(815301076,1909f56bfc062723c751e8b465ee728b)
Start importing Assets/Terrain&Light/Bitgem/Cube_World/Mining/Prefabs/gold_block_LOD_setup.prefab using Guid(98945908536288340838272ecade0695) Importer(815301076,1909f56bfc062723c751e8b465ee728b)  -> (artifact id: 'f2f0ed989c7b1becc859ad3a8a2421cc') in 0.020059 seconds 
  Import took 0.024355 seconds .

========================================================================
Received Import Request.
  Time since last request: 0.000400 seconds.
  path: Assets/Terrain&Light/Bitgem/Cube_World/Mining/Prefabs/gold_bar_LOD_setup.prefab
  artifactKey: Guid(f3287c5883b849b4dbcb82580a69744e) Importer(815301076,1909f56bfc062723c751e8b465ee728b)
Start importing Assets/Terrain&Light/Bitgem/Cube_World/Mining/Prefabs/gold_bar_LOD_setup.prefab using Guid(f3287c5883b849b4dbcb82580a69744e) Importer(815301076,1909f56bfc062723c751e8b465ee728b)  -> (artifact id: '8c17f28153bd0ade06d8d3e937271398') in 0.020948 seconds 
  Import took 0.026709 seconds .

========================================================================
Received Import Request.
  Time since last request: 0.000316 seconds.
  path: Assets/Terrain&Light/Bitgem/Cube_World/Mining/Prefabs/spear_gold_LOD_setup.prefab
  artifactKey: Guid(38cb0b4f0c9642c4b803841b24623427) Importer(815301076,1909f56bfc062723c751e8b465ee728b)
Start importing Assets/Terrain&Light/Bitgem/Cube_World/Mining/Prefabs/spear_gold_LOD_setup.prefab using Guid(38cb0b4f0c9642c4b803841b24623427) Importer(815301076,1909f56bfc062723c751e8b465ee728b)  -> (artifact id: '733befcd4647da1382dbf30534c195af') in 0.023611 seconds 
  Import took 0.028433 seconds .

========================================================================
Received Import Request.
  Time since last request: 0.000315 seconds.
  path: Assets/Terrain&Light/Bitgem/Cube_World/Mining/Prefabs/diamond_LOD_setup.prefab
  artifactKey: Guid(a72c8e00c04f4ee459fabf68e0725d68) Importer(815301076,1909f56bfc062723c751e8b465ee728b)
Start importing Assets/Terrain&Light/Bitgem/Cube_World/Mining/Prefabs/diamond_LOD_setup.prefab using Guid(a72c8e00c04f4ee459fabf68e0725d68) Importer(815301076,1909f56bfc062723c751e8b465ee728b)  -> (artifact id: '75d744e5bbb75488b30426187185f904') in 0.020045 seconds 
  Import took 0.026625 seconds .

========================================================================
Received Import Request.
  Time since last request: 0.000363 seconds.
  path: Assets/Terrain&Light/Bitgem/Cube_World/Mining/Prefabs/pickaxe_diamond_LOD_setup.prefab
  artifactKey: Guid(fddf800ed57475046abc53cef83a95da) Importer(815301076,1909f56bfc062723c751e8b465ee728b)
Start importing Assets/Terrain&Light/Bitgem/Cube_World/Mining/Prefabs/pickaxe_diamond_LOD_setup.prefab using Guid(fddf800ed57475046abc53cef83a95da) Importer(815301076,1909f56bfc062723c751e8b465ee728b)  -> (artifact id: '6895f2179d5fe4a45e5e22cc5925a6a3') in 0.020545 seconds 
  Import took 0.025431 seconds .

========================================================================
Received Import Request.
  Time since last request: 0.000345 seconds.
  path: Assets/Terrain&Light/Bitgem/Cube_World/Mining/Prefabs/bow_wood_LOD_setup.prefab
  artifactKey: Guid(e1dfb88105ac20d4fb9e6eb085ac9181) Importer(815301076,1909f56bfc062723c751e8b465ee728b)
Start importing Assets/Terrain&Light/Bitgem/Cube_World/Mining/Prefabs/bow_wood_LOD_setup.prefab using Guid(e1dfb88105ac20d4fb9e6eb085ac9181) Importer(815301076,1909f56bfc062723c751e8b465ee728b)  -> (artifact id: '3868e5ae29b1330690b46164dbe42f25') in 0.023547 seconds 
  Import took 0.027978 seconds .

========================================================================
Received Import Request.
  Time since last request: 0.000307 seconds.
  path: Assets/Terrain&Light/Bitgem/Cube_World/Mining/Prefabs/spear_short_stone_LOD_setup.prefab
  artifactKey: Guid(4aed8c42540401141ba2cc2407ea37f2) Importer(815301076,1909f56bfc062723c751e8b465ee728b)
Start importing Assets/Terrain&Light/Bitgem/Cube_World/Mining/Prefabs/spear_short_stone_LOD_setup.prefab using Guid(4aed8c42540401141ba2cc2407ea37f2) Importer(815301076,1909f56bfc062723c751e8b465ee728b)  -> (artifact id: '60c7db464ae2e1ee81a58e2209c55d96') in 0.023466 seconds 
  Import took 0.027719 seconds .

========================================================================
Received Import Request.
  Time since last request: 0.000355 seconds.
  path: Assets/Terrain&Light/Bitgem/Cube_World/Mining/Prefabs/sword_gold_LOD_setup.prefab
  artifactKey: Guid(50491140965d58847aa0de94f9f9c436) Importer(815301076,1909f56bfc062723c751e8b465ee728b)
Start importing Assets/Terrain&Light/Bitgem/Cube_World/Mining/Prefabs/sword_gold_LOD_setup.prefab using Guid(50491140965d58847aa0de94f9f9c436) Importer(815301076,1909f56bfc062723c751e8b465ee728b)  -> (artifact id: '01727c4ec3317bcbac5ced36eb514ea7') in 0.040098 seconds 
  Import took 0.044200 seconds .

========================================================================
Received Import Request.
  Time since last request: 0.000344 seconds.
  path: Assets/Terrain&Light/Bitgem/Cube_World/Mining/Prefabs/treetrunk_block_LOD_setup.prefab
  artifactKey: Guid(30a5346c22d47e24382c540cc67057e7) Importer(815301076,1909f56bfc062723c751e8b465ee728b)
Start importing Assets/Terrain&Light/Bitgem/Cube_World/Mining/Prefabs/treetrunk_block_LOD_setup.prefab using Guid(30a5346c22d47e24382c540cc67057e7) Importer(815301076,1909f56bfc062723c751e8b465ee728b)  -> (artifact id: '1d70e41af8398f23627110455643f85f') in 0.027536 seconds 
  Import took 0.032229 seconds .

========================================================================
Received Import Request.
  Time since last request: 0.000314 seconds.
  path: Assets/Terrain&Light/Bitgem/Cube_World/Mining/Prefabs/shovel_metal_LOD_setup.prefab
  artifactKey: Guid(949ca560d0867974abf1fc7a569c8189) Importer(815301076,1909f56bfc062723c751e8b465ee728b)
Start importing Assets/Terrain&Light/Bitgem/Cube_World/Mining/Prefabs/shovel_metal_LOD_setup.prefab using Guid(949ca560d0867974abf1fc7a569c8189) Importer(815301076,1909f56bfc062723c751e8b465ee728b)  -> (artifact id: 'ccf53b102e1c45d0440dbf8fd396eb04') in 0.023540 seconds 
  Import took 0.028416 seconds .

========================================================================
Received Import Request.
  Time since last request: 0.000285 seconds.
  path: Assets/Terrain&Light/Bitgem/Cube_World/Mining/Prefabs/metal_pile_LOD_setup.prefab
  artifactKey: Guid(f03b808c36538f041a700559b6663aa6) Importer(815301076,1909f56bfc062723c751e8b465ee728b)
Start importing Assets/Terrain&Light/Bitgem/Cube_World/Mining/Prefabs/metal_pile_LOD_setup.prefab using Guid(f03b808c36538f041a700559b6663aa6) Importer(815301076,1909f56bfc062723c751e8b465ee728b)  -> (artifact id: '24dff07ad0be015601e75239fa82d7d4') in 0.022332 seconds 
  Import took 0.027190 seconds .

========================================================================
Received Import Request.
  Time since last request: 0.000374 seconds.
  path: Assets/Terrain&Light/Bitgem/Cube_World/Mining/Prefabs/hammer_stone_LOD_setup.prefab
  artifactKey: Guid(9f17c290db1ee4347962a4beaa58ce9f) Importer(815301076,1909f56bfc062723c751e8b465ee728b)
Start importing Assets/Terrain&Light/Bitgem/Cube_World/Mining/Prefabs/hammer_stone_LOD_setup.prefab using Guid(9f17c290db1ee4347962a4beaa58ce9f) Importer(815301076,1909f56bfc062723c751e8b465ee728b)  -> (artifact id: '3309e33c0d3fd402946311db67410890') in 0.019749 seconds 
  Import took 0.024149 seconds .

========================================================================
Received Import Request.
  Time since last request: 0.000356 seconds.
  path: Assets/Terrain&Light/Bitgem/Cube_World/Mining/Prefabs/gold_ore_block_1_LOD_setup.prefab
  artifactKey: Guid(c231fda52154d3f4aa490fc22294271e) Importer(815301076,1909f56bfc062723c751e8b465ee728b)
Start importing Assets/Terrain&Light/Bitgem/Cube_World/Mining/Prefabs/gold_ore_block_1_LOD_setup.prefab using Guid(c231fda52154d3f4aa490fc22294271e) Importer(815301076,1909f56bfc062723c751e8b465ee728b)  -> (artifact id: '6cea24c34d33644e5f75c9f397cef65a') in 0.020706 seconds 
  Import took 0.026350 seconds .

========================================================================
Received Import Request.
  Time since last request: 0.000336 seconds.
  path: Assets/Terrain&Light/Bitgem/Cube_World/Mining/Prefabs/shovel_gold_LOD_setup.prefab
  artifactKey: Guid(57195c2480cb0254f8edcfcc56c29624) Importer(815301076,1909f56bfc062723c751e8b465ee728b)
Start importing Assets/Terrain&Light/Bitgem/Cube_World/Mining/Prefabs/shovel_gold_LOD_setup.prefab using Guid(57195c2480cb0254f8edcfcc56c29624) Importer(815301076,1909f56bfc062723c751e8b465ee728b)  -> (artifact id: 'd7b3a9b37d887c3a2e61d7c7bf0caf34') in 0.024042 seconds 
  Import took 0.028760 seconds .

========================================================================
Received Import Request.
  Time since last request: 0.000444 seconds.
  path: Assets/Terrain&Light/Bitgem/Cube_World/Mining/Prefabs/gold_pile_LOD_setup.prefab
  artifactKey: Guid(98af9c35917209b4398de64b3502a192) Importer(815301076,1909f56bfc062723c751e8b465ee728b)
Start importing Assets/Terrain&Light/Bitgem/Cube_World/Mining/Prefabs/gold_pile_LOD_setup.prefab using Guid(98af9c35917209b4398de64b3502a192) Importer(815301076,1909f56bfc062723c751e8b465ee728b)  -> (artifact id: '17f868528eb1482cbcf62d7da7c15f3e') in 0.023765 seconds 
  Import took 0.028158 seconds .

========================================================================
Received Import Request.
  Time since last request: 0.000425 seconds.
  path: Assets/Terrain&Light/Bitgem/Cube_World/Mining/Prefabs/coal_ore_block_2_LOD_setup.prefab
  artifactKey: Guid(70757438e7658c2468a6dfb4e1111f34) Importer(815301076,1909f56bfc062723c751e8b465ee728b)
Start importing Assets/Terrain&Light/Bitgem/Cube_World/Mining/Prefabs/coal_ore_block_2_LOD_setup.prefab using Guid(70757438e7658c2468a6dfb4e1111f34) Importer(815301076,1909f56bfc062723c751e8b465ee728b)  -> (artifact id: '18c3cefcbfb55ab88e6a129031dac957') in 0.022860 seconds 
  Import took 0.027825 seconds .

========================================================================
Received Import Request.
  Time since last request: 0.000361 seconds.
  path: Assets/Terrain&Light/Bitgem/Cube_World/Mining/Prefabs/shovel_wood_LOD_setup.prefab
  artifactKey: Guid(b0ea0cb7e29eb3748a1fcdcb65dc3488) Importer(815301076,1909f56bfc062723c751e8b465ee728b)
Start importing Assets/Terrain&Light/Bitgem/Cube_World/Mining/Prefabs/shovel_wood_LOD_setup.prefab using Guid(b0ea0cb7e29eb3748a1fcdcb65dc3488) Importer(815301076,1909f56bfc062723c751e8b465ee728b)  -> (artifact id: '80187f75f1c57f485734a1b00dc84b0f') in 0.020837 seconds 
  Import took 0.026620 seconds .

========================================================================
Received Import Request.
  Time since last request: 0.001056 seconds.
  path: Assets/Terrain&Light/Bitgem/Cube_World/Mining/Prefabs/pickaxe_gold_LOD_setup.prefab
  artifactKey: Guid(1703d42f8bfd5404ba4991b2fce49d26) Importer(815301076,1909f56bfc062723c751e8b465ee728b)
Start importing Assets/Terrain&Light/Bitgem/Cube_World/Mining/Prefabs/pickaxe_gold_LOD_setup.prefab using Guid(1703d42f8bfd5404ba4991b2fce49d26) Importer(815301076,1909f56bfc062723c751e8b465ee728b)  -> (artifact id: '0398f1b9dd307867e7115f6a87c0e511') in 0.020618 seconds 
  Import took 0.025185 seconds .

========================================================================
Received Import Request.
  Time since last request: 0.000325 seconds.
  path: Assets/Terrain&Light/Bitgem/Cube_World/Mining/Prefabs/spear_wood_LOD_setup.prefab
  artifactKey: Guid(e2e6074ecb11d484085bcaf483c2222c) Importer(815301076,1909f56bfc062723c751e8b465ee728b)
Start importing Assets/Terrain&Light/Bitgem/Cube_World/Mining/Prefabs/spear_wood_LOD_setup.prefab using Guid(e2e6074ecb11d484085bcaf483c2222c) Importer(815301076,1909f56bfc062723c751e8b465ee728b)  -> (artifact id: '15bd309a2dd0f0f3cc8ac091d523cc89') in 0.022575 seconds 
  Import took 0.027123 seconds .

========================================================================
Received Import Request.
  Time since last request: 0.000298 seconds.
  path: Assets/Terrain&Light/Bitgem/Cube_World/Mining/Prefabs/spear_short_diamond_LOD_setup.prefab
  artifactKey: Guid(064f6e8a5255265429c93d66258bce16) Importer(815301076,1909f56bfc062723c751e8b465ee728b)
Start importing Assets/Terrain&Light/Bitgem/Cube_World/Mining/Prefabs/spear_short_diamond_LOD_setup.prefab using Guid(064f6e8a5255265429c93d66258bce16) Importer(815301076,1909f56bfc062723c751e8b465ee728b)  -> (artifact id: 'c7712baa63d7671de9a88b47779e13b9') in 0.032138 seconds 
  Import took 0.036391 seconds .

========================================================================
Received Import Request.
  Time since last request: 0.000298 seconds.
  path: Assets/Terrain&Light/Bitgem/Cube_World/Mining/Prefabs/spear_stone_LOD_setup.prefab
  artifactKey: Guid(79052070ce238ec429306f62221ca891) Importer(815301076,1909f56bfc062723c751e8b465ee728b)
Start importing Assets/Terrain&Light/Bitgem/Cube_World/Mining/Prefabs/spear_stone_LOD_setup.prefab using Guid(79052070ce238ec429306f62221ca891) Importer(815301076,1909f56bfc062723c751e8b465ee728b)  -> (artifact id: '654ec4cbe6586228947654eb6b0494d6') in 0.022125 seconds 
  Import took 0.027425 seconds .

========================================================================
Received Import Request.
  Time since last request: 0.000318 seconds.
  path: Assets/Terrain&Light/Bitgem/Cube_World/Mining/Prefabs/shovel_stone_LOD_setup.prefab
  artifactKey: Guid(fc90c20c45cd08642bd6b40c8b008d3d) Importer(815301076,1909f56bfc062723c751e8b465ee728b)
Start importing Assets/Terrain&Light/Bitgem/Cube_World/Mining/Prefabs/shovel_stone_LOD_setup.prefab using Guid(fc90c20c45cd08642bd6b40c8b008d3d) Importer(815301076,1909f56bfc062723c751e8b465ee728b)  -> (artifact id: '6aca780e9aa5f42d2ecf004bd8c3c61c') in 0.022355 seconds 
  Import took 0.027074 seconds .

========================================================================
Received Import Request.
  Time since last request: 0.000683 seconds.
  path: Assets/Terrain&Light/Bitgem/Cube_World/Mining/Prefabs/diamond_pile_LOD_setup.prefab
  artifactKey: Guid(2801b6b81fc24ba4b827c351c7416d32) Importer(815301076,1909f56bfc062723c751e8b465ee728b)
Start importing Assets/Terrain&Light/Bitgem/Cube_World/Mining/Prefabs/diamond_pile_LOD_setup.prefab using Guid(2801b6b81fc24ba4b827c351c7416d32) Importer(815301076,1909f56bfc062723c751e8b465ee728b)  -> (artifact id: '8bac932ab24913d6157ce36ed30e92f1') in 0.023122 seconds 
  Import took 0.028341 seconds .

========================================================================
Received Import Request.
  Time since last request: 0.000404 seconds.
  path: Assets/Terrain&Light/Bitgem/Cube_World/Mining/Prefabs/axe_metal_LOD_setup.prefab
  artifactKey: Guid(6ab6c3116af3ae74d82035dd5febce3c) Importer(815301076,1909f56bfc062723c751e8b465ee728b)
Start importing Assets/Terrain&Light/Bitgem/Cube_World/Mining/Prefabs/axe_metal_LOD_setup.prefab using Guid(6ab6c3116af3ae74d82035dd5febce3c) Importer(815301076,1909f56bfc062723c751e8b465ee728b)  -> (artifact id: 'd2e295c209ab41aa41cd80e912ac8d63') in 0.021640 seconds 
  Import took 0.027034 seconds .

========================================================================
Received Import Request.
  Time since last request: 0.000330 seconds.
  path: Assets/Terrain&Light/Bitgem/Cube_World/Mining/Prefabs/axe_gold_LOD_setup.prefab
  artifactKey: Guid(7673012085a952f4ca159f2520d6c865) Importer(815301076,1909f56bfc062723c751e8b465ee728b)
Start importing Assets/Terrain&Light/Bitgem/Cube_World/Mining/Prefabs/axe_gold_LOD_setup.prefab using Guid(7673012085a952f4ca159f2520d6c865) Importer(815301076,1909f56bfc062723c751e8b465ee728b)  -> (artifact id: '97d6d6c2f4548794f554c4d8eabdc547') in 0.022662 seconds 
  Import took 0.027302 seconds .

========================================================================
Received Import Request.
  Time since last request: 0.000318 seconds.
  path: Assets/Terrain&Light/Bitgem/Cube_World/Mining/Prefabs/shovel_diamond_LOD_setup.prefab
  artifactKey: Guid(c4c3f3d42c4e6ca4ca77e068f470425f) Importer(815301076,1909f56bfc062723c751e8b465ee728b)
Start importing Assets/Terrain&Light/Bitgem/Cube_World/Mining/Prefabs/shovel_diamond_LOD_setup.prefab using Guid(c4c3f3d42c4e6ca4ca77e068f470425f) Importer(815301076,1909f56bfc062723c751e8b465ee728b)  -> (artifact id: 'dfa47d141a6cee50231d9b356135bcdf') in 0.024332 seconds 
  Import took 0.028616 seconds .

========================================================================
Received Import Request.
  Time since last request: 0.000315 seconds.
  path: Assets/Terrain&Light/Bitgem/Cube_World/Mining/Prefabs/spear_diamond_LOD_setup.prefab
  artifactKey: Guid(0ddaf00f6cd555b4cba3bf97ad89ac79) Importer(815301076,1909f56bfc062723c751e8b465ee728b)
Start importing Assets/Terrain&Light/Bitgem/Cube_World/Mining/Prefabs/spear_diamond_LOD_setup.prefab using Guid(0ddaf00f6cd555b4cba3bf97ad89ac79) Importer(815301076,1909f56bfc062723c751e8b465ee728b)  -> (artifact id: '5988e0531756fd8dd2854ea3428c28e4') in 0.023633 seconds 
  Import took 0.204445 seconds .

========================================================================
Received Import Request.
  Time since last request: 0.000320 seconds.
  path: Assets/Terrain&Light/Bitgem/Cube_World/Mining/Prefabs/sword_metal_LOD_setup.prefab
  artifactKey: Guid(52455a4e8baa734468938ba5971dadd5) Importer(815301076,1909f56bfc062723c751e8b465ee728b)
Start importing Assets/Terrain&Light/Bitgem/Cube_World/Mining/Prefabs/sword_metal_LOD_setup.prefab using Guid(52455a4e8baa734468938ba5971dadd5) Importer(815301076,1909f56bfc062723c751e8b465ee728b)  -> (artifact id: 'cf460157a46462e000c7411ad753c3c1') in 0.023342 seconds 
  Import took 0.027910 seconds .

========================================================================
Received Import Request.
  Time since last request: 0.000401 seconds.
  path: Assets/Terrain&Light/Bitgem/Cube_World/Mining/Prefabs/axe_wood_LOD_setup.prefab
  artifactKey: Guid(22de19fcaf3a8224897d00a708f0146d) Importer(815301076,1909f56bfc062723c751e8b465ee728b)
Start importing Assets/Terrain&Light/Bitgem/Cube_World/Mining/Prefabs/axe_wood_LOD_setup.prefab using Guid(22de19fcaf3a8224897d00a708f0146d) Importer(815301076,1909f56bfc062723c751e8b465ee728b)  -> (artifact id: '3ac4de1e903d76d0d177a01add7c27d3') in 0.022796 seconds 
  Import took 0.028525 seconds .

========================================================================
Received Import Request.
  Time since last request: 0.000432 seconds.
  path: Assets/Terrain&Light/Bitgem/Cube_World/Mining/Prefabs/pickaxe_stone_LOD_setup.prefab
  artifactKey: Guid(b0c828c8d855381469d6aafa51f07b95) Importer(815301076,1909f56bfc062723c751e8b465ee728b)
Start importing Assets/Terrain&Light/Bitgem/Cube_World/Mining/Prefabs/pickaxe_stone_LOD_setup.prefab using Guid(b0c828c8d855381469d6aafa51f07b95) Importer(815301076,1909f56bfc062723c751e8b465ee728b)  -> (artifact id: 'a436a716e39b6700374d42a863f55fac') in 0.024945 seconds 
  Import took 0.029955 seconds .

========================================================================
Received Import Request.
  Time since last request: 0.000318 seconds.
  path: Assets/Terrain&Light/Bitgem/Cube_World/Mining/Prefabs/arrow_gold_LOD_setup.prefab
  artifactKey: Guid(b5c98dc41a9411a49af6f7d4f3d75dcf) Importer(815301076,1909f56bfc062723c751e8b465ee728b)
Start importing Assets/Terrain&Light/Bitgem/Cube_World/Mining/Prefabs/arrow_gold_LOD_setup.prefab using Guid(b5c98dc41a9411a49af6f7d4f3d75dcf) Importer(815301076,1909f56bfc062723c751e8b465ee728b)  -> (artifact id: '984e6dee85126857a2d472507dc16483') in 0.022601 seconds 
  Import took 0.027748 seconds .

========================================================================
Received Import Request.
  Time since last request: 0.000338 seconds.
  path: Assets/Terrain&Light/Bitgem/Cube_World/Mining/Prefabs/canopy_block_1_LOD_setup.prefab
  artifactKey: Guid(80647bdd8960e954ab1eac6a70ea47ef) Importer(815301076,1909f56bfc062723c751e8b465ee728b)
Start importing Assets/Terrain&Light/Bitgem/Cube_World/Mining/Prefabs/canopy_block_1_LOD_setup.prefab using Guid(80647bdd8960e954ab1eac6a70ea47ef) Importer(815301076,1909f56bfc062723c751e8b465ee728b)  -> (artifact id: '86b70c9bc76ed4f1a2cf662ff825eb9b') in 0.020481 seconds 
  Import took 0.024883 seconds .

========================================================================
Received Import Request.
  Time since last request: 0.000691 seconds.
  path: Assets/Terrain&Light/Bitgem/Cube_World/Mining/Prefabs/pickaxe_metal_LOD_setup.prefab
  artifactKey: Guid(1e79aaba3053ea7419c5d48b0fd05e33) Importer(815301076,1909f56bfc062723c751e8b465ee728b)
Start importing Assets/Terrain&Light/Bitgem/Cube_World/Mining/Prefabs/pickaxe_metal_LOD_setup.prefab using Guid(1e79aaba3053ea7419c5d48b0fd05e33) Importer(815301076,1909f56bfc062723c751e8b465ee728b)  -> (artifact id: '409de1d56abc22aaa4d1a31a26f4d645') in 0.021993 seconds 
  Import took 0.026519 seconds .

========================================================================
Received Import Request.
  Time since last request: 0.000355 seconds.
  path: Assets/Terrain&Light/Bitgem/Cube_World/Mining/Prefabs/block_ruby_LOD_setup.prefab
  artifactKey: Guid(4537eeb73055bea419baf52d16a1c1b3) Importer(815301076,1909f56bfc062723c751e8b465ee728b)
Start importing Assets/Terrain&Light/Bitgem/Cube_World/Mining/Prefabs/block_ruby_LOD_setup.prefab using Guid(4537eeb73055bea419baf52d16a1c1b3) Importer(815301076,1909f56bfc062723c751e8b465ee728b)  -> (artifact id: '61c4d6d5a12d1b82d302f43f7579165d') in 0.023409 seconds 
  Import took 0.027741 seconds .

========================================================================
Received Import Request.
  Time since last request: 0.000423 seconds.
  path: Assets/Terrain&Light/Bitgem/Cube_World/Mining/Prefabs/coal_ore_block_1_LOD_setup.prefab
  artifactKey: Guid(bdcf307ae15bffe4fa8fb3b1814e0704) Importer(815301076,1909f56bfc062723c751e8b465ee728b)
Start importing Assets/Terrain&Light/Bitgem/Cube_World/Mining/Prefabs/coal_ore_block_1_LOD_setup.prefab using Guid(bdcf307ae15bffe4fa8fb3b1814e0704) Importer(815301076,1909f56bfc062723c751e8b465ee728b)  -> (artifact id: '1c526918d8df9ace3d0c89a45f1d7eab') in 0.024289 seconds 
  Import took 0.028645 seconds .

========================================================================
Received Import Request.
  Time since last request: 0.000364 seconds.
  path: Assets/Terrain&Light/Bitgem/Cube_World/Mining/Prefabs/gold_bar_block_LOD_setup.prefab
  artifactKey: Guid(426f35ee67d3d5b44a2aae77587a25df) Importer(815301076,1909f56bfc062723c751e8b465ee728b)
Start importing Assets/Terrain&Light/Bitgem/Cube_World/Mining/Prefabs/gold_bar_block_LOD_setup.prefab using Guid(426f35ee67d3d5b44a2aae77587a25df) Importer(815301076,1909f56bfc062723c751e8b465ee728b)  -> (artifact id: 'd166e6000da7dcf5f18b05de2a22f6f4') in 0.023672 seconds 
  Import took 0.029243 seconds .

========================================================================
Received Import Request.
  Time since last request: 0.220875 seconds.
  path: Assets/Terrain&Light/Bitgem/Cube_World/Mining/Prefabs/treetrunk_block_small_LOD_setup.prefab
  artifactKey: Guid(58094617cb424154380e1f6be8b40609) Importer(815301076,1909f56bfc062723c751e8b465ee728b)
Start importing Assets/Terrain&Light/Bitgem/Cube_World/Mining/Prefabs/treetrunk_block_small_LOD_setup.prefab using Guid(58094617cb424154380e1f6be8b40609) Importer(815301076,1909f56bfc062723c751e8b465ee728b)  -> (artifact id: '218d9dd58d4dc952ab2a2fe0978dae6e') in 0.033565 seconds 
  Import took 0.040059 seconds .

========================================================================
Received Import Request.
  Time since last request: 0.000791 seconds.
  path: Assets/Terrain&Light/Bitgem/Cube_World/Mining/Prefabs/wood_stack_block_LOD_setup.prefab
  artifactKey: Guid(016d7f000eceb334f830e456158e16ee) Importer(815301076,1909f56bfc062723c751e8b465ee728b)
Start importing Assets/Terrain&Light/Bitgem/Cube_World/Mining/Prefabs/wood_stack_block_LOD_setup.prefab using Guid(016d7f000eceb334f830e456158e16ee) Importer(815301076,1909f56bfc062723c751e8b465ee728b)  -> (artifact id: 'd2cfba4324691813c3e6005ddbd0d86e') in 0.025061 seconds 
  Import took 0.030496 seconds .

========================================================================
Received Import Request.
  Time since last request: 0.001431 seconds.
  path: Assets/Terrain&Light/Bitgem/Cube_World/Mining/Prefabs/wood_stack_block_half_LOD_setup.prefab
  artifactKey: Guid(b89755d3cf860e942b45d854fdeaa8dc) Importer(815301076,1909f56bfc062723c751e8b465ee728b)
Start importing Assets/Terrain&Light/Bitgem/Cube_World/Mining/Prefabs/wood_stack_block_half_LOD_setup.prefab using Guid(b89755d3cf860e942b45d854fdeaa8dc) Importer(815301076,1909f56bfc062723c751e8b465ee728b)  -> (artifact id: '90060601fea96d177a154fd11057adcf') in 0.021338 seconds 
  Import took 0.026147 seconds .

========================================================================
Received Import Request.
  Time since last request: 186.815044 seconds.
  path: Assets/Standard Assets/Effects/LightFlares/Flares/50mmZoom.flare
  artifactKey: Guid(54fbbf098d116effa00081aba8ad6659) Importer(815301076,1909f56bfc062723c751e8b465ee728b)
Start importing Assets/Standard Assets/Effects/LightFlares/Flares/50mmZoom.flare using Guid(54fbbf098d116effa00081aba8ad6659) Importer(815301076,1909f56bfc062723c751e8b465ee728b)  -> (artifact id: '76ed3ab88e8a5a599e0bac50f240d13e') in 0.010007 seconds 
  Import took 0.014521 seconds .

========================================================================
Received Import Request.
  Time since last request: 0.000492 seconds.
  path: Assets/Standard Assets/Effects/LightFlares/Flares/FlareSmall.flare
  artifactKey: Guid(9bdb18c49d114cb4300035184241aa39) Importer(815301076,1909f56bfc062723c751e8b465ee728b)
Start importing Assets/Standard Assets/Effects/LightFlares/Flares/FlareSmall.flare using Guid(9bdb18c49d114cb4300035184241aa39) Importer(815301076,1909f56bfc062723c751e8b465ee728b)  -> (artifact id: '52c475883ef14b5d8da7a19e3b211243') in 0.006697 seconds 
  Import took 0.011169 seconds .

========================================================================
Received Import Request.
  Time since last request: 0.000398 seconds.
  path: Assets/Terrain&Light/ZerinLabs_enviroKit_RetroForest/Flares/fl_flareTorch_varA.flare
  artifactKey: Guid(b9185df9886446c4d8f199aea17a6453) Importer(815301076,1909f56bfc062723c751e8b465ee728b)
Start importing Assets/Terrain&Light/ZerinLabs_enviroKit_RetroForest/Flares/fl_flareTorch_varA.flare using Guid(b9185df9886446c4d8f199aea17a6453) Importer(815301076,1909f56bfc062723c751e8b465ee728b)  -> (artifact id: '93b6b804bf6b9f58f7b4bf72105cc2f6') in 0.006145 seconds 
  Import took 0.010571 seconds .

========================================================================
Received Import Request.
  Time since last request: 0.000399 seconds.
  path: Assets/Standard Assets/Effects/LightFlares/Flares/Sun.flare
  artifactKey: Guid(09ebe82dbd1113c3d000dc0b8d76c639) Importer(815301076,1909f56bfc062723c751e8b465ee728b)
Start importing Assets/Standard Assets/Effects/LightFlares/Flares/Sun.flare using Guid(09ebe82dbd1113c3d000dc0b8d76c639) Importer(815301076,1909f56bfc062723c751e8b465ee728b)  -> (artifact id: '555b27318f75b74065ad866b01d9087d') in 0.006842 seconds 
  Import took 0.010925 seconds .

========================================================================
Received Import Request.
  Time since last request: 0.000354 seconds.
  path: Assets/Terrain&Light/ZerinLabs_enviroKit_RetroForest/Flares/fl_flareTorch_varC.flare
  artifactKey: Guid(3c58791c28bd4d84faf6fd3d73e6326c) Importer(815301076,1909f56bfc062723c751e8b465ee728b)
Start importing Assets/Terrain&Light/ZerinLabs_enviroKit_RetroForest/Flares/fl_flareTorch_varC.flare using Guid(3c58791c28bd4d84faf6fd3d73e6326c) Importer(815301076,1909f56bfc062723c751e8b465ee728b)  -> (artifact id: 'ccb0dcc34912b8c295e93ba2058d26a8') in 0.005423 seconds 
  Import took 0.009885 seconds .

========================================================================
Received Import Request.
  Time since last request: 0.000389 seconds.
  path: Assets/Terrain&Light/ZerinLabs_enviroKit_RetroForest/Flares/fl_flareTorch_varB.flare
  artifactKey: Guid(ede5b6f34fae4e64dbe5de6f12bbb486) Importer(815301076,1909f56bfc062723c751e8b465ee728b)
Start importing Assets/Terrain&Light/ZerinLabs_enviroKit_RetroForest/Flares/fl_flareTorch_varB.flare using Guid(ede5b6f34fae4e64dbe5de6f12bbb486) Importer(815301076,1909f56bfc062723c751e8b465ee728b)  -> (artifact id: 'e2f03da18b928960b9bb328834730446') in 0.005474 seconds 
  Import took 0.012009 seconds .

========================================================================
Received Import Request.
  Time since last request: 43.402800 seconds.
  path: Assets/CustomModels
  artifactKey: Guid(2fa8142adf226f7438d3856c3d7626bf) Importer(815301076,1909f56bfc062723c751e8b465ee728b)
Start importing Assets/CustomModels using Guid(2fa8142adf226f7438d3856c3d7626bf) Importer(815301076,1909f56bfc062723c751e8b465ee728b)  -> (artifact id: '831f676619cf60925fd88391ab1ddc07') in 0.006579 seconds 
  Import took 0.011861 seconds .

========================================================================
Received Import Request.
  Time since last request: 0.509896 seconds.
  path: Assets/CustomPhysics
  artifactKey: Guid(e0f55192784475349825e5c62b0e4f3f) Importer(815301076,1909f56bfc062723c751e8b465ee728b)
Start importing Assets/CustomPhysics using Guid(e0f55192784475349825e5c62b0e4f3f) Importer(815301076,1909f56bfc062723c751e8b465ee728b)  -> (artifact id: '08d03bf62991758265ec1ec0e6eca1dd') in 0.007811 seconds 
  Import took 0.012236 seconds .

========================================================================
Received Import Request.
  Time since last request: 0.408262 seconds.
  path: Assets/CustomPrefabs
  artifactKey: Guid(e2b82ba35cb0f6d4da344edeb9f66627) Importer(815301076,1909f56bfc062723c751e8b465ee728b)
Start importing Assets/CustomPrefabs using Guid(e2b82ba35cb0f6d4da344edeb9f66627) Importer(815301076,1909f56bfc062723c751e8b465ee728b)  -> (artifact id: 'c28cb9a779d226ae3ded5687062b35d7') in 0.009136 seconds 
  Import took 0.013781 seconds .

========================================================================
Received Import Request.
  Time since last request: 0.099096 seconds.
  path: Assets/CustomPrefabs/big_darkdirtbase.prefab
  artifactKey: Guid(9ed92fd5c4d5a7a419d6759049401d96) Importer(815301076,1909f56bfc062723c751e8b465ee728b)
Start importing Assets/CustomPrefabs/big_darkdirtbase.prefab using Guid(9ed92fd5c4d5a7a419d6759049401d96) Importer(815301076,1909f56bfc062723c751e8b465ee728b)  -> (artifact id: '869c67da4e8ac8e87e27384a50e4431b') in 0.063925 seconds 
  Import took 0.071938 seconds .

========================================================================
Received Import Request.
  Time since last request: 0.000406 seconds.
  path: Assets/CustomPrefabs/GreenPath.prefab
  artifactKey: Guid(6ad4adaf4355ebc47ae3798b12cd34da) Importer(815301076,1909f56bfc062723c751e8b465ee728b)
Start importing Assets/CustomPrefabs/GreenPath.prefab using Guid(6ad4adaf4355ebc47ae3798b12cd34da) Importer(815301076,1909f56bfc062723c751e8b465ee728b)  -> (artifact id: 'f4b0f9f4a8cfddea6a5185bcd04a1de0') in 0.036895 seconds 
  Import took 0.043557 seconds .

========================================================================
Received Import Request.
  Time since last request: 0.000348 seconds.
  path: Assets/CustomPrefabs/rain_forest.prefab
  artifactKey: Guid(e236a6c8aaa15294696d0d90f116b7e3) Importer(815301076,1909f56bfc062723c751e8b465ee728b)
Start importing Assets/CustomPrefabs/rain_forest.prefab using Guid(e236a6c8aaa15294696d0d90f116b7e3) Importer(815301076,1909f56bfc062723c751e8b465ee728b)  -> (artifact id: '57a513e108a7f9031f4c38c284181c0c') in 0.469430 seconds 
  Import took 0.490205 seconds .

========================================================================
Received Import Request.
  Time since last request: 0.000321 seconds.
  path: Assets/CustomPrefabs/grass.prefab
  artifactKey: Guid(063cf0c56e951a54cab32e9f26eb609c) Importer(815301076,1909f56bfc062723c751e8b465ee728b)
Start importing Assets/CustomPrefabs/grass.prefab using Guid(063cf0c56e951a54cab32e9f26eb609c) Importer(815301076,1909f56bfc062723c751e8b465ee728b)  -> (artifact id: 'bdaba5479ebbdf187a590081e3025643') in 0.021508 seconds 
  Import took 0.026141 seconds .

========================================================================
Received Import Request.
  Time since last request: 0.000375 seconds.
  path: Assets/CustomPrefabs/Crater.prefab
  artifactKey: Guid(268ac1dd10cb5ba4ebb77f40b2ba735b) Importer(815301076,1909f56bfc062723c751e8b465ee728b)
Start importing Assets/CustomPrefabs/Crater.prefab using Guid(268ac1dd10cb5ba4ebb77f40b2ba735b) Importer(815301076,1909f56bfc062723c751e8b465ee728b)  -> (artifact id: '724704238c17af2da601168a2c4638b5') in 0.675969 seconds 
  Import took 0.734437 seconds .

========================================================================
Received Import Request.
  Time since last request: 0.000387 seconds.
  path: Assets/CustomPrefabs/CraterQuadrant.prefab
  artifactKey: Guid(e8835bf4c4a42234cb7228bf616dd35b) Importer(815301076,1909f56bfc062723c751e8b465ee728b)
Start importing Assets/CustomPrefabs/CraterQuadrant.prefab using Guid(e8835bf4c4a42234cb7228bf616dd35b) Importer(815301076,1909f56bfc062723c751e8b465ee728b)  -> (artifact id: 'cbc05490c3a6b0f785874ba9caac39ad') in 1.047991 seconds 
  Import took 1.150955 seconds .

========================================================================
Received Import Request.
  Time since last request: 0.000396 seconds.
  path: Assets/CustomPrefabs/LightPost.prefab
  artifactKey: Guid(7fa6d570275243948a8a9c191471cd22) Importer(815301076,1909f56bfc062723c751e8b465ee728b)
Start importing Assets/CustomPrefabs/LightPost.prefab using Guid(7fa6d570275243948a8a9c191471cd22) Importer(815301076,1909f56bfc062723c751e8b465ee728b)  -> (artifact id: 'a57502c1ba47a350a87a434bd88c6354') in 0.017039 seconds 
  Import took 0.021469 seconds .

========================================================================
Received Import Request.
  Time since last request: 0.000416 seconds.
  path: Assets/CustomPrefabs/CraterQuadrant.prefab
  artifactKey: Guid(e8835bf4c4a42234cb7228bf616dd35b) Importer(815301076,1909f56bfc062723c751e8b465ee728b)
Start importing Assets/CustomPrefabs/CraterQuadrant.prefab using Guid(e8835bf4c4a42234cb7228bf616dd35b) Importer(815301076,1909f56bfc062723c751e8b465ee728b)  -> (artifact id: 'cbc05490c3a6b0f785874ba9caac39ad') in 1.012135 seconds 
  Import took 1.198451 seconds .

========================================================================
Received Import Request.
  Time since last request: 0.000984 seconds.
  path: Assets/CustomPrefabs/path_way.prefab
  artifactKey: Guid(c187012013b6ca5449dab6efdf607cfd) Importer(815301076,1909f56bfc062723c751e8b465ee728b)
Start importing Assets/CustomPrefabs/path_way.prefab using Guid(c187012013b6ca5449dab6efdf607cfd) Importer(815301076,1909f56bfc062723c751e8b465ee728b)  -> (artifact id: '4abd07a01f8d497b1e0737966cc7c859') in 0.027223 seconds 
  Import took 0.034997 seconds .

========================================================================
Received Import Request.
  Time since last request: 0.000969 seconds.
  path: Assets/CustomPrefabs/FloorCubes.prefab
  artifactKey: Guid(7fcd98a53a848124a8046efbb797f8c6) Importer(815301076,1909f56bfc062723c751e8b465ee728b)
Start importing Assets/CustomPrefabs/FloorCubes.prefab using Guid(7fcd98a53a848124a8046efbb797f8c6) Importer(815301076,1909f56bfc062723c751e8b465ee728b)  -> (artifact id: '7c2d40c29f9b5bd94a671b2acbcd6819') in 0.717151 seconds 
  Import took 0.786859 seconds .

========================================================================
Received Import Request.
  Time since last request: 0.000361 seconds.
  path: Assets/CustomPrefabs/vegetation.prefab
  artifactKey: Guid(8dc86ba2f5de67044b2498cff86827b7) Importer(815301076,1909f56bfc062723c751e8b465ee728b)
Start importing Assets/CustomPrefabs/vegetation.prefab using Guid(8dc86ba2f5de67044b2498cff86827b7) Importer(815301076,1909f56bfc062723c751e8b465ee728b)  -> (artifact id: '9bf56e31dcd98b17f4d6535e2404350d') in 0.051700 seconds 
  Import took 0.058677 seconds .

========================================================================
Received Import Request.
  Time since last request: 0.000342 seconds.
  path: Assets/CustomPrefabs/multi_path.prefab
  artifactKey: Guid(64f7eec485740dc4f822a04fd2cb0124) Importer(815301076,1909f56bfc062723c751e8b465ee728b)
Start importing Assets/CustomPrefabs/multi_path.prefab using Guid(64f7eec485740dc4f822a04fd2cb0124) Importer(815301076,1909f56bfc062723c751e8b465ee728b)  -> (artifact id: 'dab06905ed6cfba3aa4c5b68a395e6c2') in 0.017227 seconds 
  Import took 0.021900 seconds .

========================================================================
Received Import Request.
  Time since last request: 0.000309 seconds.
  path: Assets/CustomPrefabs/stairs.prefab
  artifactKey: Guid(f3384d90da2d5704d81f4f871d7f7a0b) Importer(815301076,1909f56bfc062723c751e8b465ee728b)
Start importing Assets/CustomPrefabs/stairs.prefab using Guid(f3384d90da2d5704d81f4f871d7f7a0b) Importer(815301076,1909f56bfc062723c751e8b465ee728b)  -> (artifact id: 'd07f8577c3f224e6de724dd2f6c0d88f') in 0.023401 seconds 
  Import took 0.028290 seconds .

========================================================================
Received Import Request.
  Time since last request: 0.000337 seconds.
  path: Assets/CustomPrefabs/south_tower.prefab
  artifactKey: Guid(9c8710918dba74344af616fac0561e55) Importer(815301076,1909f56bfc062723c751e8b465ee728b)
Start importing Assets/CustomPrefabs/south_tower.prefab using Guid(9c8710918dba74344af616fac0561e55) Importer(815301076,1909f56bfc062723c751e8b465ee728b)  -> (artifact id: '255edc58a5625e53757fcf8da24c4659') in 0.129922 seconds 
  Import took 0.143848 seconds .

========================================================================
Received Import Request.
  Time since last request: 0.000417 seconds.
  path: Assets/CustomPrefabs/RailWayPrefab.prefab
  artifactKey: Guid(f1cfcdf805931fe4087c98953b9f3179) Importer(815301076,1909f56bfc062723c751e8b465ee728b)
Start importing Assets/CustomPrefabs/RailWayPrefab.prefab using Guid(f1cfcdf805931fe4087c98953b9f3179) Importer(815301076,1909f56bfc062723c751e8b465ee728b)  -> (artifact id: '77bf9b9fd5595d0c1e20c7be35dda8d9') in 0.043247 seconds 
  Import took 0.051836 seconds .

========================================================================
Received Import Request.
  Time since last request: 0.000367 seconds.
  path: Assets/CustomPrefabs/BigGroundCube1.prefab
  artifactKey: Guid(0c231b0e9bb6dec43b5c14e880151781) Importer(815301076,1909f56bfc062723c751e8b465ee728b)
Start importing Assets/CustomPrefabs/BigGroundCube1.prefab using Guid(0c231b0e9bb6dec43b5c14e880151781) Importer(815301076,1909f56bfc062723c751e8b465ee728b)  -> (artifact id: 'e66ecdab078a81b497fa04ab36db5770') in 0.046854 seconds 
  Import took 0.054115 seconds .

========================================================================
Received Import Request.
  Time since last request: 0.000276 seconds.
  path: Assets/CustomPrefabs/destroyed_shelter.prefab
  artifactKey: Guid(6d7849bb0db5ab34697ed89a185d6bb7) Importer(815301076,1909f56bfc062723c751e8b465ee728b)
Start importing Assets/CustomPrefabs/destroyed_shelter.prefab using Guid(6d7849bb0db5ab34697ed89a185d6bb7) Importer(815301076,1909f56bfc062723c751e8b465ee728b)  -> (artifact id: '41c8da5a01cb1e99e339dce037f10419') in 0.063459 seconds 
  Import took 0.071893 seconds .

========================================================================
Received Import Request.
  Time since last request: 0.000297 seconds.
  path: Assets/CustomPrefabs/Quadrant.prefab
  artifactKey: Guid(e5792aa73c56d704d953a31f7334c8f8) Importer(815301076,1909f56bfc062723c751e8b465ee728b)
Start importing Assets/CustomPrefabs/Quadrant.prefab using Guid(e5792aa73c56d704d953a31f7334c8f8) Importer(815301076,1909f56bfc062723c751e8b465ee728b)  -> (artifact id: '14713dd375a434d986dcdbc5cc209c69') in 3.196736 seconds 
  Import took 3.508634 seconds .

========================================================================
Received Import Request.
  Time since last request: 0.000407 seconds.
  path: Assets/CustomPrefabs/ManyGrass.prefab
  artifactKey: Guid(5981155c31403c14b958cfd77d186297) Importer(815301076,1909f56bfc062723c751e8b465ee728b)
Start importing Assets/CustomPrefabs/ManyGrass.prefab using Guid(5981155c31403c14b958cfd77d186297) Importer(815301076,1909f56bfc062723c751e8b465ee728b)  -> (artifact id: 'efcb57e65f6ae81844d7e99e2e36ec92') in 0.020317 seconds 
  Import took 0.025516 seconds .

========================================================================
Received Import Request.
  Time since last request: 0.000652 seconds.
  path: Assets/CustomPrefabs/rock_tiny.prefab
  artifactKey: Guid(75b310106ebfa2b4cbbfebaf40f68c2f) Importer(815301076,1909f56bfc062723c751e8b465ee728b)
Start importing Assets/CustomPrefabs/rock_tiny.prefab using Guid(75b310106ebfa2b4cbbfebaf40f68c2f) Importer(815301076,1909f56bfc062723c751e8b465ee728b)  -> (artifact id: '876319bb315ba05a030ccc8829a9d542') in 0.034281 seconds 
  Import took 0.044581 seconds .

========================================================================
Received Import Request.
  Time since last request: 0.000555 seconds.
  path: Assets/CustomPrefabs/limit_rock Variant.prefab
  artifactKey: Guid(8f4acc5171108bd4ebfd03f722789fc5) Importer(815301076,1909f56bfc062723c751e8b465ee728b)
Start importing Assets/CustomPrefabs/limit_rock Variant.prefab using Guid(8f4acc5171108bd4ebfd03f722789fc5) Importer(815301076,1909f56bfc062723c751e8b465ee728b)  -> (artifact id: '1454615725aed4f387622a24e689c5c3') in 0.049371 seconds 
  Import took 0.055322 seconds .

========================================================================
Received Import Request.
  Time since last request: 0.000427 seconds.
  path: Assets/CustomPrefabs/coins_pile.prefab
  artifactKey: Guid(0ca5a8cf6a79c00419c8e85267bac0bd) Importer(815301076,1909f56bfc062723c751e8b465ee728b)
Start importing Assets/CustomPrefabs/coins_pile.prefab using Guid(0ca5a8cf6a79c00419c8e85267bac0bd) Importer(815301076,1909f56bfc062723c751e8b465ee728b)  -> (artifact id: '86dda776992d08f675a70f7c55d5123d') in 0.024495 seconds 
  Import took 0.029928 seconds .

========================================================================
Received Import Request.
  Time since last request: 0.000332 seconds.
  path: Assets/CustomPrefabs/vegetation_mix.prefab
  artifactKey: Guid(896d82851da5f554da002ffd447583dd) Importer(815301076,1909f56bfc062723c751e8b465ee728b)
Start importing Assets/CustomPrefabs/vegetation_mix.prefab using Guid(896d82851da5f554da002ffd447583dd) Importer(815301076,1909f56bfc062723c751e8b465ee728b)  -> (artifact id: 'f607516d7c98f429f0c268cbd55c7427') in 0.083462 seconds 
  Import took 0.091915 seconds .

========================================================================
Received Import Request.
  Time since last request: 0.000382 seconds.
  path: Assets/CustomPrefabs/DirtPath.prefab
  artifactKey: Guid(b9b64c991496fa64dba004e272eb168f) Importer(815301076,1909f56bfc062723c751e8b465ee728b)
Start importing Assets/CustomPrefabs/DirtPath.prefab using Guid(b9b64c991496fa64dba004e272eb168f) Importer(815301076,1909f56bfc062723c751e8b465ee728b)  -> (artifact id: '0533041848d780369cd9195f63ddbfdb') in 0.037676 seconds 
  Import took 0.044084 seconds .

========================================================================
Received Import Request.
  Time since last request: 0.000292 seconds.
  path: Assets/CustomPrefabs/darkdirtbase.prefab
  artifactKey: Guid(9afcbe29f0efc074dae143180f3637d2) Importer(815301076,1909f56bfc062723c751e8b465ee728b)
Start importing Assets/CustomPrefabs/darkdirtbase.prefab using Guid(9afcbe29f0efc074dae143180f3637d2) Importer(815301076,1909f56bfc062723c751e8b465ee728b)  -> (artifact id: '2e724cef272d99dbc6d5161d6af75cc7') in 0.041574 seconds 
  Import took 0.048485 seconds .

========================================================================
Received Import Request.
  Time since last request: 0.000723 seconds.
  path: Assets/CustomPrefabs/CraterGenerator.prefab
  artifactKey: Guid(e06d78e3994ce1d40903f970ee36bb15) Importer(815301076,1909f56bfc062723c751e8b465ee728b)
Start importing Assets/CustomPrefabs/CraterGenerator.prefab using Guid(e06d78e3994ce1d40903f970ee36bb15) Importer(815301076,1909f56bfc062723c751e8b465ee728b)  -> (artifact id: '695ef585f6c8806722958868f7209d23') in 0.101747 seconds 
  Import took 0.110816 seconds .

========================================================================
Received Import Request.
  Time since last request: 0.000316 seconds.
  path: Assets/CustomPrefabs/grasspattern.prefab
  artifactKey: Guid(4239f40b56ae92b409b3d8e92d6eb087) Importer(815301076,1909f56bfc062723c751e8b465ee728b)
Start importing Assets/CustomPrefabs/grasspattern.prefab using Guid(4239f40b56ae92b409b3d8e92d6eb087) Importer(815301076,1909f56bfc062723c751e8b465ee728b)  -> (artifact id: '275df59eae740cb082201d66e706a81e') in 0.044283 seconds 
  Import took 0.053035 seconds .

========================================================================
Received Import Request.
  Time since last request: 0.000318 seconds.
  path: Assets/CustomPrefabs/totem.prefab
  artifactKey: Guid(19521c6e9e0e94d43804e599c8dde4e2) Importer(815301076,1909f56bfc062723c751e8b465ee728b)
Start importing Assets/CustomPrefabs/totem.prefab using Guid(19521c6e9e0e94d43804e599c8dde4e2) Importer(815301076,1909f56bfc062723c751e8b465ee728b)  -> (artifact id: 'e1d1d9ffba9e02d3bbded1e378db10c0') in 0.042794 seconds 
  Import took 0.050754 seconds .

========================================================================
Received Import Request.
  Time since last request: 0.002067 seconds.
  path: Assets/CustomPrefabs/bigtree_set.prefab
  artifactKey: Guid(7d636d8e36db8b04fb9e75b4ec184f88) Importer(815301076,1909f56bfc062723c751e8b465ee728b)
Start importing Assets/CustomPrefabs/bigtree_set.prefab using Guid(7d636d8e36db8b04fb9e75b4ec184f88) Importer(815301076,1909f56bfc062723c751e8b465ee728b)  -> (artifact id: '1ac8caa270e9ab07acaf796e730a207d') in 0.159893 seconds 
  Import took 0.172416 seconds .

AssetImportWorkerClient::OnTransportError - code=2 error=End of file
